collection,review,N,asr_jevblend_1_wss95,asr_jevblend_1_wss100,asr_jevblend_1_rec@10,asr_jevblend_1_rec@20,asr_jevblend_1_rec@30,asr_jevblend_1_knee_work,asr_jevblend_1_knee_rec,asr_jevblend_2_wss95,asr_jevblend_2_wss100,asr_jevblend_2_rec@10,asr_jevblend_2_rec@20,asr_jevblend_2_rec@30,asr_jevblend_2_knee_work,asr_jevblend_2_knee_rec,asr_jevblend_3_wss95,asr_jevblend_3_wss100,asr_jevblend_3_rec@10,asr_jevblend_3_rec@20,asr_jevblend_3_rec@30,asr_jevblend_3_knee_work,asr_jevblend_3_knee_rec,asr_jevblend_5_wss95,asr_jevblend_5_wss100,asr_jevblend_5_rec@10,asr_jevblend_5_rec@20,asr_jevblend_5_rec@30,asr_jevblend_5_knee_work,asr_jevblend_5_knee_rec,asr_jevblend_10_wss95,asr_jevblend_10_wss100,asr_jevblend_10_rec@10,asr_jevblend_10_rec@20,asr_jevblend_10_rec@30,asr_jevblend_10_knee_work,asr_jevblend_10_knee_rec,asr_prior_wss95,asr_prior_wss100,asr_prior_rec@10,asr_prior_rec@20,asr_prior_rec@30,asr_prior_knee_work,asr_prior_knee_rec,jev_only_wss95,jev_only_wss100,jev_only_rec@10,jev_only_rec@20,jev_only_rec@30
development,Adamo_2021,1151,0.6554735013032146,0.7054735013032146,0.8125,0.875,1.0,1.0,1.0,0.7293223284100782,0.7793223284100782,0.875,0.875,1.0,1.0,1.0,0.7440920938314508,0.7940920938314509,0.875,0.9375,1.0,1.0,1.0,0.7501737619461337,0.8001737619461338,0.8125,1.0,1.0,1.0,1.0,0.7571242397914857,0.8071242397914857,0.8125,1.0,1.0,1.0,1.0,0.5067332754126845,0.5567332754126846,0.55625,0.775,0.88125,1.0,1.0,0.7666811468288445,0.8166811468288444,0.8125,1.0,1.0
development,Ali_2024,515,0.6820388349514563,0.6990291262135923,0.43333333333333335,0.7333333333333333,0.9666666666666667,1.0,1.0,0.7383495145631067,0.6135922330097088,0.5333333333333333,0.9,0.9666666666666667,1.0,1.0,0.6490291262135922,0.5572815533980582,0.5333333333333333,0.8666666666666667,0.9333333333333333,1.0,1.0,0.6160194174757281,0.5009708737864078,0.5666666666666667,0.8666666666666667,0.9333333333333333,1.0,1.0,0.5868932038834951,0.4679611650485437,0.6,0.8333333333333334,0.9333333333333333,1.0,1.0,0.5200970873786408,0.4662135922330097,0.27999999999999997,0.5566666666666666,0.75,1.0,1.0,0.5589320388349514,0.41048543689320394,0.5999999999999999,0.8,0.9
development,Anmarkrud_2021,593,0.8302698145025295,0.8802698145025295,0.9375,1.0,1.0,0.7959527824620574,1.0,0.8758010118043844,0.9258010118043845,1.0,1.0,1.0,0.7234401349072512,1.0,0.8926644182124789,0.9426644182124789,1.0,1.0,1.0,0.5598650927487352,1.0,0.8994097807757166,0.9494097807757167,1.0,1.0,1.0,0.49409780775716694,1.0,0.9010961214165261,0.9510961214165261,1.0,1.0,1.0,0.4772344013490725,1.0,0.6204890387858347,0.6704890387858347,0.90625,0.9375,0.9375,1.0,1.0,0.9039629005059021,0.9539629005059022,1.0,1.0,1.0
development,Aouad_2024,714,0.7707282913165265,0.6876750700280112,0.8666666666666667,0.9666666666666667,0.9666666666666667,1.0,1.0,0.811344537815126,0.8277310924369747,0.9333333333333333,1.0,1.0,1.0,1.0,0.8099439775910364,0.834733893557423,0.9,1.0,1.0,0.8599439775910365,1.0,0.765126050420168,0.7941176470588236,0.8333333333333334,0.9666666666666667,1.0,1.0,1.0,0.7511204481792717,0.7254901960784313,0.7666666666666667,0.9666666666666667,1.0,1.0,1.0,0.5015406162464986,0.26876750700280116,0.8200000000000001,0.9366666666666668,0.9366666666666668,1.0,1.0,0.7359943977591036,0.6536414565826332,0.7333333333333333,0.9333333333333333,0.9666666666666666
development,Appenzeller-Herzog_2019,582,0.74553264604811,0.79553264604811,0.875,0.875,1.0,1.0,1.0,0.7695876288659793,0.8195876288659794,0.875,1.0,1.0,1.0,1.0,0.7781786941580755,0.8281786941580755,0.875,1.0,1.0,1.0,1.0,0.795360824742268,0.845360824742268,0.875,1.0,1.0,1.0,1.0,0.8005154639175257,0.8505154639175257,0.75,1.0,1.0,1.0,1.0,0.6843642611683849,0.7343642611683849,0.4,0.8625,1.0,1.0,1.0,0.8020618556701031,0.8520618556701033,0.75,1.0,1.0
development,Bakker-Jacobs_2022,549,0.7132058287795993,0.7632058287795993,0.625,0.75,1.0,1.0,1.0,0.7733151183970856,0.8233151183970856,0.625,1.0,1.0,1.0,1.0,0.7514571948998178,0.8014571948998178,0.625,1.0,1.0,1.0,1.0,0.7113843351548269,0.761384335154827,0.75,0.875,1.0,1.0,1.0,0.6877049180327868,0.7377049180327868,0.75,0.875,1.0,1.0,1.0,0.36948998178506376,0.41948998178506375,0.3375,0.5875,0.75,1.0,1.0,0.6653005464480874,0.7153005464480875,0.825,0.875,1.0
development,Bech_2019,556,0.5974820143884891,0.6474820143884892,0.8666666666666667,0.9333333333333333,0.9333333333333333,1.0,1.0,0.7917266187050359,0.841726618705036,0.8666666666666667,1.0,1.0,1.0,1.0,0.8366906474820144,0.8866906474820144,0.9333333333333333,1.0,1.0,1.0,1.0,0.84568345323741,0.89568345323741,0.9333333333333333,1.0,1.0,1.0,1.0,0.8474820143884891,0.8974820143884892,0.9333333333333333,1.0,1.0,1.0,1.0,0.26798561151079137,0.3179856115107914,0.7466666666666667,0.9333333333333333,0.9333333333333333,1.0,1.0,0.8492805755395683,0.8992805755395683,0.96,1.0,1.0
development,Bindoli_2024a,1449,0.7747066942719116,0.6797791580400276,0.796875,0.984375,0.984375,0.728088336783989,1.0,0.768495514147688,0.7198067632850241,0.84375,0.96875,1.0,1.0,1.0,0.7726363008971704,0.6915113871635611,0.859375,0.96875,0.984375,1.0,1.0,0.7753968253968253,0.6390614216701174,0.859375,0.953125,0.984375,1.0,1.0,0.7622843340234644,0.6086956521739131,0.859375,0.953125,0.984375,1.0,1.0,0.7241890959282263,0.628847481021394,0.675,0.934375,0.9859375,1.0,1.0,0.7444789510006901,0.5899930986887508,0.8453125,0.9375,0.98125
development,Bindoli_2024b,341,0.6039589442815249,0.6539589442815249,0.42857142857142855,0.8571428571428571,0.8571428571428571,1.0,1.0,0.6567448680351906,0.7067448680351907,0.42857142857142855,0.7142857142857143,1.0,1.0,1.0,0.6303519061583578,0.6803519061583578,0.42857142857142855,0.7142857142857143,0.7142857142857143,1.0,1.0,0.6244868035190616,0.6744868035190617,0.42857142857142855,0.7142857142857143,0.7142857142857143,1.0,1.0,0.6098240469208212,0.6598240469208212,0.2857142857142857,0.7142857142857143,0.7142857142857143,1.0,1.0,0.6620234604105572,0.7120234604105572,0.32857142857142857,0.6142857142857142,0.9714285714285713,1.0,1.0,0.5670087976539588,0.617008797653959,0.2857142857142857,0.7142857142857143,0.7142857142857143
development,Brons_2024,172,0.5081395348837209,0.4534883720930233,0.6,0.72,0.88,1.0,1.0,0.6186046511627907,0.5348837209302326,0.56,0.8,0.88,1.0,1.0,0.6302325581395348,0.6395348837209303,0.56,0.8,0.92,1.0,1.0,0.6651162790697673,0.6511627906976745,0.56,0.84,0.96,1.0,1.0,0.6593023255813952,0.6802325581395349,0.52,0.8,0.96,1.0,1.0,0.28430232558139534,0.1296511627906977,0.324,0.528,0.736,1.0,1.0,0.6488372093023255,0.686046511627907,0.5199999999999999,0.8,0.9400000000000001
development,Cinquin_2018,290,0.5603448275862069,0.6103448275862069,0.5555555555555556,0.6666666666666666,0.8888888888888888,1.0,1.0,0.6741379310344827,0.7241379310344828,0.6666666666666666,0.7777777777777778,1.0,1.0,1.0,0.6982758620689655,0.7482758620689656,0.6666666666666666,0.7777777777777778,1.0,1.0,1.0,0.7086206896551723,0.7586206896551724,0.6666666666666666,0.7777777777777778,1.0,1.0,1.0,0.7155172413793103,0.7655172413793103,0.6666666666666666,0.7777777777777778,1.0,1.0,1.0,0.17793103448275863,0.22793103448275862,0.37777777777777777,0.4333333333333333,0.4888888888888888,1.0,1.0,0.7206896551724138,0.7706896551724138,0.7777777777777778,0.888888888888889,1.0
development,Clarinval_2021,446,0.8266816143497757,0.8766816143497758,0.9473684210526315,1.0,1.0,1.0,1.0,0.8625560538116591,0.9125560538116592,1.0,1.0,1.0,0.7197309417040358,1.0,0.8670403587443946,0.9170403587443946,1.0,1.0,1.0,0.6816143497757847,1.0,0.8647982062780268,0.9147982062780269,1.0,1.0,1.0,0.6995515695067265,1.0,0.8647982062780268,0.9147982062780269,1.0,1.0,1.0,0.6995515695067265,1.0,0.6905829596412556,0.7405829596412555,0.7157894736842105,0.9368421052631579,1.0,1.0,1.0,0.8670403587443947,0.9170403587443946,1.0,1.0,1.0
development,Clark_2021,199,0.9198492462311557,0.9698492462311558,1.0,1.0,1.0,1.0,1.0,0.9198492462311557,0.9698492462311558,1.0,1.0,1.0,1.0,1.0,0.9198492462311557,0.9698492462311558,1.0,1.0,1.0,1.0,1.0,0.9198492462311557,0.9698492462311558,1.0,1.0,1.0,1.0,1.0,0.8947236180904522,0.9447236180904522,1.0,1.0,1.0,1.0,1.0,0.9228643216080401,0.9728643216080402,1.0,1.0,1.0,1.0,1.0,0.8746231155778894,0.9246231155778893,1.0,1.0,1.0
development,Cozim-Melges_2024,630,0.30238095238095236,0.1523809523809524,0.3368421052631579,0.5052631578947369,0.6210526315789474,1.0,1.0,0.33888888888888885,0.11746031746031749,0.35789473684210527,0.5157894736842106,0.7052631578947368,1.0,1.0,0.32142857142857145,0.12063492063492065,0.2631578947368421,0.5157894736842106,0.7263157894736842,1.0,1.0,0.2817460317460318,0.12222222222222223,0.25263157894736843,0.4842105263157895,0.6631578947368421,1.0,1.0,0.2817460317460318,0.12380952380952381,0.25263157894736843,0.47368421052631576,0.6105263157894737,1.0,1.0,0.17888888888888888,0.10095238095238093,0.28842105263157897,0.5136842105263157,0.5768421052631579,1.0,1.0,0.27634920634920634,0.12063492063492065,0.24105263157894735,0.43578947368421056,0.5642105263157895
development,Deckers_2022,106,0.780188679245283,0.8301886792452831,0.6666666666666666,1.0,1.0,1.0,1.0,0.780188679245283,0.8301886792452831,0.6666666666666666,1.0,1.0,1.0,1.0,0.7707547169811321,0.8207547169811321,0.6666666666666666,1.0,1.0,1.0,1.0,0.7707547169811321,0.8207547169811321,0.6666666666666666,1.0,1.0,1.0,1.0,0.7330188679245282,0.7830188679245282,0.6666666666666666,0.6666666666666666,1.0,1.0,1.0,0.8443396226415094,0.8943396226415095,0.7666666666666666,1.0,1.0,1.0,1.0,0.6443396226415093,0.6943396226415095,0.33333333333333337,0.6666666666666667,0.6666666666666667
development,Dornauer_2023,259,0.9113899613899613,0.9613899613899614,1.0,1.0,1.0,1.0,1.0,0.919111969111969,0.9691119691119691,1.0,1.0,1.0,0.9652509652509652,1.0,0.919111969111969,0.9691119691119691,1.0,1.0,1.0,0.9652509652509652,1.0,0.9152509652509652,0.9652509652509652,1.0,1.0,1.0,1.0,1.0,0.9075289575289575,0.9575289575289575,1.0,1.0,1.0,1.0,1.0,0.8249034749034749,0.8749034749034749,0.8400000000000001,1.0,1.0,1.0,1.0,0.8994208494208493,0.9494208494208494,1.0,1.0,1.0
development,Endedijk_2021,1092,0.667032967032967,0.358058608058608,0.5168539325842697,0.8426966292134831,0.9775280898876404,1.0,1.0,0.6880952380952381,0.3342490842490843,0.550561797752809,0.8539325842696629,0.9887640449438202,0.8882783882783882,1.0,0.6954212454212454,0.3205128205128205,0.5393258426966292,0.8539325842696629,0.9775280898876404,0.8855311355311355,1.0,0.6853479853479854,0.31868131868131866,0.5617977528089888,0.8651685393258427,0.9775280898876404,1.0,1.0,0.6642857142857143,0.31868131868131866,0.5730337078651685,0.8539325842696629,0.9662921348314607,1.0,1.0,0.572985347985348,0.3927655677655678,0.4831460674157303,0.80561797752809,0.8921348314606741,1.0,1.0,0.6407509157509157,0.30018315018315017,0.5775280898876405,0.842696629213483,0.9348314606741572
development,Farisogullari_2023,1439,0.8749478804725503,0.9096594857539958,1.0,1.0,1.0,0.4649061848505907,1.0,0.8812022237665045,0.8999305072967339,0.9830508474576272,1.0,1.0,0.3141070187630299,1.0,0.8839819318971508,0.891591382904795,0.9830508474576272,1.0,1.0,0.29325920778318276,1.0,0.8832870048644892,0.8783877692842251,0.9830508474576272,1.0,1.0,0.296038915913829,1.0,0.875642807505212,0.8686587908269632,0.9830508474576272,1.0,1.0,0.36970118137595553,1.0,0.8503474635163307,0.8942321056289089,0.9559322033898304,1.0,1.0,0.3088255733148019,1.0,0.8656358582348853,0.8544127866574008,0.9830508474576269,1.0,1.0
development,Fejza_2023,1499,0.8292528352234823,0.8472314876584389,0.8888888888888888,1.0,1.0,0.7344896597731821,1.0,0.8586057371581054,0.8438959306204136,0.9777777777777777,1.0,1.0,0.5770513675783856,1.0,0.8579386257505003,0.8458972648432288,0.9555555555555556,1.0,1.0,0.8052034689793195,1.0,0.8479319546364242,0.8425617078052035,0.9333333333333333,1.0,1.0,0.7358238825883923,1.0,0.835923949299533,0.8398932621747832,0.9111111111111111,1.0,1.0,0.7264843228819213,1.0,0.7884256170780519,0.8118078719146098,0.7333333333333333,0.9911111111111112,1.0,0.742494996664443,1.0,0.8178452301534357,0.8218812541694464,0.8333333333333333,1.0,1.0
development,Ferreira_2022,223,0.46569506726457394,0.5156950672645739,0.3333333333333333,0.3333333333333333,0.3333333333333333,1.0,1.0,0.4612107623318385,0.5112107623318385,0.3333333333333333,0.3333333333333333,0.3333333333333333,1.0,1.0,0.48811659192825113,0.5381165919282511,0.3333333333333333,0.3333333333333333,0.3333333333333333,1.0,1.0,0.4701793721973094,0.5201793721973094,0.3333333333333333,0.3333333333333333,0.3333333333333333,1.0,1.0,0.42982062780269065,0.47982062780269064,0.3333333333333333,0.3333333333333333,0.3333333333333333,1.0,1.0,0.5827354260089685,0.6327354260089686,0.5333333333333333,0.5333333333333333,0.5333333333333333,1.0,1.0,0.365695067264574,0.415695067264574,0.33333333333333337,0.33333333333333337,0.33333333333333337
development,Filges_2018,925,0.845135135135135,0.8810810810810811,0.9,1.0,1.0,0.9275675675675675,1.0,0.8591891891891892,0.9027027027027027,1.0,1.0,1.0,0.7589189189189189,1.0,0.8635135135135135,0.9027027027027027,1.0,1.0,1.0,0.7589189189189189,1.0,0.8732432432432432,0.9016216216216216,1.0,1.0,1.0,0.7675675675675676,1.0,0.8764864864864864,0.8972972972972972,0.95,1.0,1.0,0.8021621621621622,1.0,0.7942162162162162,0.8091891891891893,0.76,1.0,1.0,1.0,1.0,0.8817837837837837,0.8887567567567567,0.9499999999999998,1.0,1.0
development,Filges_2022,781,0.8872599231754161,0.9372599231754162,1.0,1.0,1.0,1.0,1.0,0.9090268886043533,0.9590268886043534,1.0,1.0,1.0,1.0,1.0,0.919270166453265,0.969270166453265,1.0,1.0,1.0,0.7989756722151088,1.0,0.921830985915493,0.971830985915493,1.0,1.0,1.0,0.7323943661971831,1.0,0.9256722151088348,0.9756722151088348,1.0,1.0,1.0,0.6325224071702945,1.0,0.7443661971830985,0.7943661971830986,0.8166666666666668,0.8666666666666668,1.0,1.0,1.0,0.9269526248399489,0.9769526248399488,1.0,1.0,1.0
development,Fong_2021,489,0.7291411042944784,0.6666666666666667,0.75,0.9318181818181818,0.9772727272727273,1.0,1.0,0.7230061349693251,0.7157464212678937,0.7727272727272727,0.9318181818181818,1.0,1.0,1.0,0.7741308793456032,0.705521472392638,0.75,0.9545454545454546,1.0,1.0,1.0,0.7843558282208589,0.6932515337423313,0.75,0.9545454545454546,0.9772727272727273,1.0,1.0,0.7843558282208589,0.6993865030674846,0.7272727272727273,0.9545454545454546,0.9772727272727273,1.0,1.0,0.7293456032719836,0.6380368098159509,0.7340909090909091,0.9272727272727271,0.9772727272727273,1.0,1.0,0.7735173824130879,0.7000000000000001,0.7272727272727273,0.9545454545454547,0.990909090909091
development,Giesen_2021,1293,0.5377803557617942,0.5877803557617942,0.5454545454545454,0.7272727272727273,0.9090909090909091,1.0,1.0,0.7102474864655839,0.7602474864655839,0.6363636363636364,0.9090909090909091,1.0,1.0,1.0,0.7203016241299304,0.7703016241299304,0.6363636363636364,0.9090909090909091,1.0,1.0,1.0,0.7334493426140758,0.7834493426140758,0.7272727272727273,0.9090909090909091,1.0,1.0,1.0,0.7380897138437741,0.7880897138437741,0.7272727272727273,0.9090909090909091,1.0,1.0,1.0,0.08735498839907188,0.1373549883990719,0.24545454545454545,0.42727272727272725,0.5454545454545455,0.8241299303944316,0.8181818181818181,0.7484532095901005,0.7984532095901005,0.6181818181818182,0.9454545454545453,1.0
development,Greca_2023,328,0.6512195121951219,0.6067073170731707,0.625,0.7916666666666666,0.9583333333333334,1.0,1.0,0.6847560975609756,0.6707317073170731,0.5833333333333334,0.8333333333333334,0.9583333333333334,1.0,1.0,0.6512195121951219,0.6768292682926829,0.625,0.8333333333333334,0.9583333333333334,1.0,1.0,0.6878048780487804,0.625,0.625,0.875,0.9583333333333334,1.0,1.0,0.6969512195121951,0.5975609756097561,0.625,0.875,0.9583333333333334,1.0,1.0,0.4990853658536585,0.47073170731707314,0.4208333333333333,0.75,0.9166666666666666,1.0,1.0,0.6841463414634145,0.5871951219512195,0.6,0.875,0.9583333333333334
development,Hamaker_2022,1313,0.8959253617669459,0.945925361766946,1.0,1.0,1.0,0.6488956587966489,1.0,0.9157273419649656,0.9657273419649657,1.0,1.0,1.0,0.4112718964204113,1.0,0.9172505712109672,0.9672505712109672,1.0,1.0,1.0,0.39375476009139376,1.0,0.9142041127189642,0.9642041127189642,1.0,1.0,1.0,0.42955064737242954,1.0,0.9065879664889566,0.9565879664889566,1.0,1.0,1.0,0.5209444021325209,1.0,0.839032749428789,0.889032749428789,0.9307692307692308,1.0,1.0,0.9795125666412796,1.0,0.8997334348819497,0.9497334348819498,1.0,1.0,1.0
development,Hanlon_2022,77,0.7162337662337662,0.7662337662337663,0.8333333333333334,0.8333333333333334,1.0,1.0,1.0,0.6902597402597402,0.7402597402597403,0.8333333333333334,0.8333333333333334,1.0,1.0,1.0,0.6902597402597402,0.7402597402597403,0.8333333333333334,0.8333333333333334,1.0,1.0,1.0,0.6902597402597402,0.7402597402597403,0.8333333333333334,0.8333333333333334,1.0,1.0,1.0,0.6642857142857143,0.7142857142857143,0.8333333333333334,0.8333333333333334,1.0,1.0,1.0,0.637012987012987,0.687012987012987,0.4666666666666666,0.8,0.85,1.0,1.0,0.6642857142857144,0.7142857142857143,0.8333333333333334,0.8333333333333334,1.0
development,Kapuka_2021,151,0.7380794701986755,0.7880794701986755,0.5,0.875,1.0,1.0,1.0,0.8043046357615894,0.8543046357615894,0.5,1.0,1.0,1.0,1.0,0.7910596026490065,0.8410596026490066,0.5,1.0,1.0,1.0,1.0,0.7844370860927152,0.8344370860927153,0.5,1.0,1.0,1.0,1.0,0.7314569536423841,0.7814569536423841,0.5,0.875,1.0,1.0,1.0,0.2950331125827814,0.3450331125827814,0.575,0.7125,0.8375,1.0,1.0,0.6983443708609272,0.7483443708609272,0.425,0.875,1.0
development,Kerschbaumer_2024a,1949,0.8186505900461775,0.844535659312468,0.896551724137931,1.0,1.0,0.836326321190354,1.0,0.8042842483324781,0.836326321190354,0.8620689655172413,1.0,1.0,0.8804515135967163,1.0,0.7493842996408414,0.7983581323755772,0.8275862068965517,0.9310344827586207,1.0,1.0,1.0,0.7273217034376602,0.7762955361723961,0.8275862068965517,0.8620689655172413,1.0,1.0,1.0,0.7185992816829143,0.7598768599281682,0.8275862068965517,0.8620689655172413,1.0,1.0,1.0,0.8086454592098512,0.8352488455618265,0.8793103448275861,1.0,1.0,0.8953822473063109,1.0,0.6984864032837352,0.7381734222678296,0.7931034482758621,0.8620689655172413,1.0
development,Leenaars_2019,1395,0.9313620071684587,0.9813620071684588,1.0,1.0,1.0,0.4157706093189964,1.0,0.9241935483870968,0.9741935483870968,1.0,1.0,1.0,0.5756272401433692,1.0,0.9191756272401433,0.9691756272401434,1.0,1.0,1.0,0.6874551971326165,1.0,0.9112903225806451,0.9612903225806452,1.0,1.0,1.0,0.8630824372759857,1.0,0.8840501792114694,0.9340501792114695,1.0,1.0,1.0,0.25448028673835127,1.0,0.9300716845878135,0.9800716845878137,1.0,1.0,1.0,0.44415770609319,1.0,0.6879928315412186,0.7379928315412186,0.8571428571428571,0.8571428571428571,1.0
development,Leenaars_2020,1956,0.6698364008179959,0.5690184049079754,0.6130653266331658,0.8844221105527639,0.9698492462311558,0.38752556237218816,0.9949748743718593,0.688241308793456,0.5434560327198363,0.6331658291457286,0.8844221105527639,0.9748743718592965,0.38650306748466257,0.9949748743718593,0.6683026584867076,0.5347648261758691,0.6130653266331658,0.8542713567839196,0.9698492462311558,0.4105316973415133,0.9949748743718593,0.6396728016359918,0.5306748466257669,0.5678391959798995,0.8241206030150754,0.949748743718593,0.43609406952965235,0.9949748743718593,0.6141104294478528,0.528118609406953,0.5477386934673367,0.8040201005025126,0.9296482412060302,0.4994887525562372,1.0,0.6031186094069529,0.5561349693251534,0.5010050251256282,0.8080402010050252,0.9201005025125628,0.41063394683026583,0.9723618090452261,0.5948875255623721,0.5209100204498978,0.5125628140703518,0.7638190954773869,0.914572864321608
development,Low_2023,556,0.5021582733812949,0.460431654676259,0.7222222222222222,0.8888888888888888,0.9444444444444444,1.0,1.0,0.6388489208633092,0.4406474820143885,0.75,0.8888888888888888,0.9444444444444444,1.0,1.0,0.7413669064748201,0.41546762589928055,0.75,0.9444444444444444,0.9722222222222222,1.0,1.0,0.7575539568345323,0.37589928057553956,0.7222222222222222,0.9722222222222222,0.9722222222222222,1.0,1.0,0.7341726618705036,0.36690647482014394,0.7222222222222222,0.9444444444444444,0.9722222222222222,1.0,1.0,0.45377697841726616,0.44550359712230214,0.3611111111111111,0.7444444444444445,0.8638888888888889,1.0,1.0,0.6714028776978418,0.3607913669064748,0.7138888888888888,0.875,0.9722222222222221
development,Maciel_2024,274,0.6361313868613139,0.5255474452554745,0.6451612903225806,0.9032258064516129,0.9354838709677419,1.0,1.0,0.658029197080292,0.6386861313868613,0.7419354838709677,0.9032258064516129,0.967741935483871,1.0,1.0,0.6470802919708029,0.6386861313868613,0.7096774193548387,0.9032258064516129,0.9354838709677419,1.0,1.0,0.6507299270072993,0.6094890510948905,0.7096774193548387,0.9032258064516129,0.967741935483871,1.0,1.0,0.6543795620437955,0.5182481751824817,0.7096774193548387,0.9032258064516129,0.967741935483871,1.0,1.0,0.4613138686131387,0.21678832116788316,0.5129032258064516,0.8193548387096774,0.9225806451612902,1.0,1.0,0.6602189781021897,0.3799270072992701,0.6774193548387097,0.9032258064516128,0.9677419354838712
development,Marques_2021,713,0.8392005610098177,0.8892005610098177,0.875,1.0,1.0,1.0,1.0,0.8602384291725105,0.9102384291725105,1.0,1.0,1.0,0.8751753155680224,1.0,0.8630434782608696,0.9130434782608696,1.0,1.0,1.0,0.8485273492286115,1.0,0.86164095371669,0.9116409537166901,1.0,1.0,1.0,0.8625525946704067,1.0,0.8630434782608696,0.9130434782608696,1.0,1.0,1.0,0.8485273492286115,1.0,0.6829593267882188,0.7329593267882188,0.725,0.9375,1.0,1.0,1.0,0.8603786816269284,0.9103786816269286,1.0,1.0,1.0
development,Meijboom_2021,464,0.8034482758620689,0.8081896551724138,0.8095238095238095,1.0,1.0,1.0,1.0,0.805603448275862,0.8362068965517242,0.8571428571428571,1.0,1.0,1.0,1.0,0.7926724137931034,0.8405172413793103,0.8571428571428571,1.0,1.0,1.0,1.0,0.7883620689655172,0.8362068965517242,0.8571428571428571,1.0,1.0,1.0,1.0,0.7754310344827586,0.8232758620689655,0.8095238095238095,1.0,1.0,1.0,1.0,0.783405172413793,0.8094827586206896,0.6142857142857142,0.9857142857142858,1.0,1.0,1.0,0.7741379310344827,0.7573275862068967,0.6285714285714284,0.9523809523809523,1.0
development,Mejean_2024,486,0.6701646090534978,0.4835390946502057,0.5454545454545454,0.8181818181818182,0.9545454545454546,1.0,1.0,0.6557613168724279,0.5,0.6212121212121212,0.8333333333333334,0.9545454545454546,1.0,1.0,0.6146090534979423,0.4156378600823045,0.6363636363636364,0.8181818181818182,0.9242424242424242,1.0,1.0,0.5425925925925925,0.36831275720164613,0.6363636363636364,0.8181818181818182,0.8939393939393939,1.0,1.0,0.5055555555555555,0.3436213991769548,0.6363636363636364,0.8181818181818182,0.8787878787878788,1.0,1.0,0.5125514403292181,0.32983539094650205,0.4303030303030303,0.7106060606060607,0.8621212121212121,1.0,1.0,0.4327160493827161,0.30185185185185187,0.6136363636363636,0.796969696969697,0.8787878787878787
development,Muthu_2020,923,0.3042795232936078,0.2199349945828819,0.35,0.65,0.85,1.0,1.0,0.6358071505958829,0.21668472372697722,0.6,0.85,0.9,1.0,1.0,0.6488082340195016,0.23185265438786562,0.65,0.8,0.9,1.0,1.0,0.6574756229685808,0.24377031419284945,0.6,0.8,0.95,1.0,1.0,0.6173889490790898,0.2481040086673889,0.6,0.8,0.9,1.0,1.0,0.20157096424702062,0.018309859154929588,0.365,0.53,0.635,1.0,1.0,0.5470747562296857,0.2596966413867822,0.5999999999999999,0.75,0.9
development,Nobrega-Dos_Santos_2023,277,0.8525270758122743,0.9025270758122743,1.0,1.0,1.0,1.0,1.0,0.8561371841155234,0.9061371841155235,1.0,1.0,1.0,1.0,1.0,0.8561371841155234,0.9061371841155235,1.0,1.0,1.0,1.0,1.0,0.8561371841155234,0.9061371841155235,1.0,1.0,1.0,1.0,1.0,0.8561371841155234,0.9061371841155235,1.0,1.0,1.0,1.0,1.0,0.8041516245487363,0.8541516245487365,0.875,1.0,1.0,1.0,1.0,0.8525270758122743,0.9025270758122744,1.0,1.0,1.0
development,Noetel_2021,444,0.6797297297297297,0.7297297297297297,0.8333333333333334,0.8333333333333334,1.0,0.8243243243243243,1.0,0.6144144144144144,0.6644144144144144,0.8333333333333334,0.8333333333333334,0.8333333333333334,0.8243243243243243,1.0,0.5761261261261261,0.6261261261261262,0.8333333333333334,0.8333333333333334,0.8333333333333334,1.0,1.0,0.5581081081081081,0.6081081081081081,0.8333333333333334,0.8333333333333334,0.8333333333333334,1.0,1.0,0.54009009009009,0.5900900900900901,0.8333333333333334,0.8333333333333334,0.8333333333333334,1.0,1.0,0.7146396396396396,0.7646396396396397,0.85,0.85,1.0,1.0,1.0,0.5132882882882883,0.5632882882882884,0.8333333333333334,0.8333333333333334,0.8333333333333334
development,Oliveira_2021,184,0.7652173913043478,0.8152173913043479,0.7058823529411765,1.0,1.0,1.0,1.0,0.7380434782608696,0.7880434782608696,0.7058823529411765,0.9411764705882353,1.0,1.0,1.0,0.7869565217391303,0.8369565217391304,0.7058823529411765,1.0,1.0,1.0,1.0,0.7869565217391303,0.8369565217391304,0.5882352941176471,1.0,1.0,1.0,1.0,0.7760869565217391,0.8260869565217391,0.5882352941176471,1.0,1.0,1.0,1.0,0.4864130434782609,0.5364130434782608,0.5411764705882354,0.7,0.7764705882352941,1.0,1.0,0.7652173913043478,0.8152173913043479,0.5294117647058824,1.0,1.0
development,Oud_2018,243,0.8594650205761316,0.9094650205761317,1.0,1.0,1.0,1.0,1.0,0.8718106995884773,0.9218106995884774,1.0,1.0,1.0,1.0,1.0,0.8718106995884773,0.9218106995884774,1.0,1.0,1.0,1.0,1.0,0.8759259259259259,0.9259259259259259,1.0,1.0,1.0,1.0,1.0,0.8800411522633744,0.9300411522633745,1.0,1.0,1.0,1.0,1.0,0.7656378600823045,0.8156378600823044,0.54,0.9,1.0,1.0,1.0,0.884156378600823,0.934156378600823,1.0,1.0,1.0
development,Pijls_2017,54,0.8759259259259259,0.9259259259259259,1.0,1.0,1.0,1.0,1.0,0.8759259259259259,0.9259259259259259,1.0,1.0,1.0,1.0,1.0,0.8759259259259259,0.9259259259259259,1.0,1.0,1.0,1.0,1.0,0.8759259259259259,0.9259259259259259,1.0,1.0,1.0,1.0,1.0,0.8759259259259259,0.9259259259259259,1.0,1.0,1.0,1.0,1.0,0.8629629629629629,0.912962962962963,1.0,1.0,1.0,1.0,1.0,0.8574074074074074,0.9074074074074077,1.0,1.0,1.0
development,Pijls_2018,301,0.8303986710963455,0.8803986710963455,0.8125,1.0,1.0,1.0,1.0,0.8303986710963455,0.8803986710963455,0.875,1.0,1.0,1.0,1.0,0.8370431893687708,0.8870431893687708,0.875,1.0,1.0,1.0,1.0,0.8370431893687708,0.8870431893687708,0.9375,1.0,1.0,1.0,1.0,0.8370431893687708,0.8870431893687708,0.875,1.0,1.0,1.0,1.0,0.7237541528239202,0.7737541528239202,0.73125,0.9375,1.0,1.0,1.0,0.838704318936877,0.8887043189368772,0.85625,1.0,1.0
development,Pinos-Cisneros_2023,109,0.6197247706422018,0.6513761467889908,0.23809523809523808,0.47619047619047616,0.8571428571428571,1.0,1.0,0.6380733944954128,0.6605504587155964,0.2857142857142857,0.5714285714285714,0.9047619047619048,1.0,1.0,0.6380733944954128,0.6513761467889908,0.2857142857142857,0.6190476190476191,0.9047619047619048,1.0,1.0,0.6288990825688072,0.6330275229357798,0.2857142857142857,0.6190476190476191,0.9047619047619048,1.0,1.0,0.6288990825688072,0.6238532110091743,0.3333333333333333,0.6190476190476191,0.9047619047619048,1.0,1.0,0.4555045871559633,0.44495412844036697,0.2,0.3238095238095238,0.5333333333333333,1.0,1.0,0.6224770642201835,0.6146788990825688,0.3047619047619048,0.6666666666666667,0.9047619047619048
development,Quevedo_2023,199,0.7339195979899498,0.7839195979899498,0.6111111111111112,0.8888888888888888,1.0,1.0,1.0,0.7439698492462311,0.7939698492462312,0.6666666666666666,0.9444444444444444,1.0,1.0,1.0,0.7540201005025126,0.8040201005025126,0.6666666666666666,1.0,1.0,1.0,1.0,0.7540201005025126,0.8040201005025126,0.7222222222222222,1.0,1.0,1.0,1.0,0.7540201005025126,0.8040201005025126,0.7777777777777778,1.0,1.0,1.0,1.0,0.5982412060301507,0.6482412060301508,0.6111111111111112,0.8,0.888888888888889,1.0,1.0,0.7580402010050251,0.8080402010050252,0.6444444444444445,1.0,1.0
development,Ramiro_2015,338,0.8612426035502958,0.9112426035502958,1.0,1.0,1.0,0.7692307692307693,1.0,0.8642011834319526,0.9142011834319527,1.0,1.0,1.0,0.7455621301775148,1.0,0.8523668639053255,0.9023668639053255,1.0,1.0,1.0,0.8461538461538461,1.0,0.8523668639053255,0.9023668639053255,1.0,1.0,1.0,0.8461538461538461,1.0,0.8494082840236686,0.8994082840236687,0.9444444444444444,1.0,1.0,0.8727810650887574,1.0,0.8576923076923076,0.9076923076923077,1.0,1.0,1.0,0.8011834319526627,1.0,0.8381656804733726,0.8881656804733726,0.9444444444444444,1.0,1.0
development,Rinne_2021,815,0.508282208588957,0.3460122699386503,0.3556701030927835,0.634020618556701,0.8350515463917526,0.5423312883435583,0.9742268041237113,0.5499999999999999,0.3153374233128834,0.36082474226804123,0.654639175257732,0.8505154639175257,0.5288343558282208,0.979381443298969,0.5095092024539877,0.28957055214723926,0.36597938144329895,0.6649484536082474,0.8402061855670103,0.6429447852760736,0.9948453608247423,0.4874233128834356,0.2723926380368098,0.37628865979381443,0.6752577319587629,0.8402061855670103,0.6503067484662577,0.9948453608247423,0.4751533742331289,0.256441717791411,0.3865979381443299,0.6649484536082474,0.8298969072164949,0.6662576687116565,0.9948453608247423,0.4352760736196319,0.24368098159509205,0.3056701030927835,0.5515463917525774,0.7654639175257733,0.7468711656441718,0.9963917525773196,0.47000000000000003,0.2488343558282209,0.36907216494845363,0.6701030927835052,0.8144329896907216
development,Sanchez-Acedo_2023,345,0.2920289855072464,0.263768115942029,0.2,0.4,0.6,1.0,1.0,0.2572463768115942,0.29565217391304344,0.3,0.5,0.7,1.0,1.0,0.21086956521739136,0.2202898550724638,0.3,0.5,0.75,1.0,1.0,0.17318840579710143,0.17391304347826086,0.35,0.55,0.75,1.0,1.0,0.14130434782608697,0.15652173913043477,0.4,0.55,0.8,1.0,1.0,-0.002173913043478251,0.044927536231884044,0.15,0.25,0.39,1.0,1.0,0.12101449275362322,0.1315942028985507,0.4,0.5899999999999999,0.74
development,Sanchez-Gomez_2024,385,0.9084415584415584,0.9584415584415584,1.0,1.0,1.0,0.9272727272727272,1.0,0.911038961038961,0.961038961038961,1.0,1.0,1.0,0.8701298701298701,1.0,0.911038961038961,0.961038961038961,1.0,1.0,1.0,0.8701298701298701,1.0,0.911038961038961,0.961038961038961,1.0,1.0,1.0,0.8701298701298701,1.0,0.9084415584415584,0.9584415584415584,1.0,1.0,1.0,0.9272727272727272,1.0,0.8299999999999998,0.8800000000000001,0.7285714285714285,1.0,1.0,1.0,1.0,0.9032467532467532,0.9532467532467533,1.0,1.0,1.0
development,Santos_2018,488,0.9192622950819672,0.9692622950819673,1.0,1.0,1.0,0.6864754098360656,1.0,0.921311475409836,0.9713114754098361,1.0,1.0,1.0,0.639344262295082,1.0,0.9192622950819672,0.9692622950819673,1.0,1.0,1.0,0.6864754098360656,1.0,0.9192622950819672,0.9692622950819673,1.0,1.0,1.0,0.6864754098360656,1.0,0.9151639344262295,0.9651639344262295,1.0,1.0,1.0,0.7766393442622951,1.0,0.8952868852459016,0.9452868852459015,1.0,1.0,1.0,1.0,1.0,0.9088114754098362,0.958811475409836,1.0,1.0,1.0
development,Sep_2021,147,0.40578231292517003,0.44897959183673475,0.5,0.7142857142857143,0.8571428571428571,1.0,1.0,0.4261904761904762,0.45578231292517,0.5,0.75,0.8571428571428571,1.0,1.0,0.39897959183673476,0.44217687074829937,0.5,0.75,0.8571428571428571,1.0,1.0,0.4193877551020408,0.45578231292517,0.5,0.7142857142857143,0.8928571428571429,1.0,1.0,0.40578231292517003,0.44897959183673475,0.5,0.75,0.8928571428571429,1.0,1.0,0.29897959183673467,0.07142857142857148,0.18214285714285713,0.4321428571428571,0.5785714285714285,1.0,1.0,0.3982993197278911,0.42993197278911566,0.5,0.75,0.8928571428571429
development,Sepriano_2020,1908,0.85041928721174,0.8448637316561844,0.9655172413793104,1.0,1.0,1.0,1.0,0.8640461215932913,0.8375262054507338,0.9655172413793104,1.0,1.0,0.8658280922431866,1.0,0.8656184486373165,0.8459119496855346,0.9655172413793104,1.0,1.0,0.8081761006289309,1.0,0.8645702306079665,0.8532494758909853,0.9655172413793104,1.0,1.0,0.760482180293501,1.0,0.8530398322851153,0.8653039832285115,0.9655172413793104,1.0,1.0,0.9769392033542977,1.0,0.8136792452830187,0.8289308176100629,0.8965517241379309,1.0,1.0,0.9629979035639413,1.0,0.8346960167714885,0.8691299790356395,0.8965517241379309,1.0,1.0
development,Sepriano_2022,1760,0.7215909090909091,0.6823863636363636,0.5614035087719298,0.9122807017543859,0.9649122807017544,1.0,1.0,0.7681818181818181,0.7613636363636364,0.6140350877192983,0.9649122807017544,1.0,1.0,1.0,0.7409090909090909,0.7863636363636364,0.8070175438596491,0.9298245614035088,1.0,1.0,1.0,0.7460227272727272,0.7795454545454545,0.8421052631578947,0.9473684210526315,1.0,0.9119318181818182,1.0,0.727840909090909,0.7625,0.8421052631578947,0.9473684210526315,1.0,0.9397727272727273,1.0,0.6896022727272727,0.5214204545454546,0.4947368421052632,0.6842105263157895,0.9649122807017545,1.0,1.0,0.7034090909090909,0.7381818181818183,0.7473684210526316,0.9122807017543858,1.0
development,Smid_2019,770,0.9149350649350649,0.964935064935065,1.0,1.0,1.0,0.4974025974025974,1.0,0.9136363636363636,0.9636363636363636,1.0,1.0,1.0,0.5168831168831168,1.0,0.9162337662337662,0.9662337662337662,1.0,1.0,1.0,0.4792207792207792,1.0,0.9162337662337662,0.9662337662337662,1.0,1.0,1.0,0.4792207792207792,1.0,0.9149350649350649,0.964935064935065,1.0,1.0,1.0,0.4974025974025974,1.0,0.8858441558441559,0.9358441558441559,1.0,1.0,1.0,0.9077922077922078,1.0,0.9123376623376623,0.9623376623376624,1.0,1.0,1.0
development,Taschner_2024,1323,0.694520030234316,0.6749811035525322,0.6764705882352942,0.9117647058823529,0.9705882352941176,1.0,1.0,0.7239984882842025,0.7044595616024187,0.7647058823529411,0.9411764705882353,1.0,1.0,1.0,0.7202191987906273,0.7082388510959939,0.8529411764705882,0.9117647058823529,1.0,1.0,1.0,0.6854497354497354,0.7097505668934241,0.8529411764705882,0.9117647058823529,1.0,1.0,1.0,0.6612622826908541,0.7082388510959939,0.8529411764705882,0.9117647058823529,1.0,1.0,1.0,0.3360166288737717,0.26220710506424794,0.4176470588235294,0.6323529411764707,0.6558823529411766,1.0,1.0,0.6599773242630386,0.6854119425547998,0.8617647058823529,0.9117647058823529,0.9705882352941175
development,Tektonidou_2019,1251,0.7365707434052757,0.697841726618705,0.896551724137931,0.9482758620689655,0.9827586206896551,1.0,1.0,0.770943245403677,0.7130295763389289,0.9137931034482759,0.9655172413793104,1.0,1.0,1.0,0.7829336530775379,0.689048760991207,0.8793103448275862,0.9655172413793104,0.9827586206896551,1.0,1.0,0.7717426059152678,0.6850519584332534,0.8620689655172413,0.9827586206896551,0.9827586206896551,0.9744204636290967,1.0,0.7629496402877698,0.6698641087130296,0.8448275862068966,0.9827586206896551,0.9827586206896551,0.8409272581934453,1.0,0.6731814548361311,0.6831334932054356,0.7931034482758621,0.9310344827586207,0.9793103448275862,1.0,1.0,0.7554356514788169,0.6573940847322143,0.8448275862068966,0.9689655172413791,0.9827586206896551
development,Verdugo-Castro_2022,1245,0.49779116465863454,0.5477911646586345,0.6,0.8,0.9,1.0,1.0,0.5716867469879517,0.6216867469879518,0.7,0.8,0.9,1.0,1.0,0.6086345381526104,0.6586345381526104,0.7,0.9,0.9,1.0,1.0,0.6367469879518072,0.6867469879518072,0.7,0.9,0.9,1.0,1.0,0.6672690763052209,0.717269076305221,0.7,0.8,1.0,1.0,1.0,0.4018072289156627,0.45180722891566266,0.39,0.6,0.73,0.8250602409638554,0.82,0.6883132530120483,0.7383132530120482,0.7,0.8,1.0
development,Viguie_2020,1978,0.8579878665318503,0.7042467138523761,0.9615384615384616,0.9903846153846154,1.0,0.39332659251769464,1.0,0.8635490394337715,0.8023255813953488,0.9807692307692307,1.0,1.0,0.39332659251769464,1.0,0.8706268958543983,0.833670374115268,0.9807692307692307,1.0,1.0,0.32962588473205257,1.0,0.8741658240647118,0.8437815975733064,0.9807692307692307,1.0,1.0,0.3149646107178969,1.0,0.8711324570273002,0.8513650151668352,0.9807692307692307,1.0,1.0,0.3276036400404449,1.0,0.7687057633973711,0.48645096056622855,0.8451923076923077,0.9615384615384615,0.9903846153846153,0.7085439838220424,1.0,0.8711324570273004,0.8414560161779576,0.9807692307692306,1.0,1.0
development,Ward_2020,374,0.9152406417112299,0.9652406417112299,1.0,1.0,1.0,0.679144385026738,1.0,0.9152406417112299,0.9652406417112299,1.0,1.0,1.0,0.679144385026738,1.0,0.9152406417112299,0.9652406417112299,1.0,1.0,1.0,0.679144385026738,1.0,0.9152406417112299,0.9652406417112299,1.0,1.0,1.0,0.679144385026738,1.0,0.9152406417112299,0.9652406417112299,1.0,1.0,1.0,0.679144385026738,1.0,0.7799465240641711,0.829946524064171,0.6375,1.0,1.0,1.0,1.0,0.9179144385026736,0.9679144385026739,1.0,1.0,1.0
development,Wassenaar_2017,1523,0.8429743926460932,0.8502954694681549,0.9130434782608695,1.0,1.0,1.0,1.0,0.8554497701904136,0.8745896257386736,0.9565217391304348,1.0,1.0,0.8509520682862771,1.0,0.8646421536441233,0.8857518056467498,0.9565217391304348,1.0,1.0,0.7754432042022325,1.0,0.8712081418253447,0.8995403808273145,0.9565217391304348,1.0,1.0,0.6815495732107683,1.0,0.8758043335521996,0.9093893630991464,1.0,1.0,1.0,0.6145764937623113,1.0,0.804366382140512,0.8042022324359817,0.8695652173913043,1.0,1.0,1.0,1.0,0.876592252133946,0.9001969796454364,0.9782608695652174,1.0,1.0
development,Wijnen_2024,399,0.43370927318295743,0.4837092731829574,0.5,0.8333333333333334,0.8333333333333334,1.0,1.0,0.7093984962406015,0.7593984962406015,0.5,0.6666666666666666,1.0,1.0,1.0,0.7244360902255639,0.7744360902255639,0.6666666666666666,0.6666666666666666,1.0,1.0,1.0,0.7068922305764411,0.7568922305764412,0.6666666666666666,0.8333333333333334,1.0,1.0,1.0,0.6893483709273183,0.7393483709273183,0.6666666666666666,0.8333333333333334,1.0,1.0,1.0,0.04674185463659153,0.09674185463659153,0.3333333333333333,0.5,0.6166666666666666,0.8781954887218045,0.8333333333333334,0.675563909774436,0.7255639097744361,0.6666666666666667,0.8333333333333334,1.0
development,Williamson_2023,258,0.9267441860465115,0.9767441860465116,1.0,1.0,1.0,0.7286821705426356,1.0,0.9267441860465115,0.9767441860465116,1.0,1.0,1.0,0.7286821705426356,1.0,0.9267441860465115,0.9767441860465116,1.0,1.0,1.0,0.7286821705426356,1.0,0.9228682170542635,0.9728682170542635,1.0,1.0,1.0,0.8488372093023255,1.0,0.9189922480620154,0.9689922480620154,1.0,1.0,1.0,0.9689922480620154,1.0,0.9089147286821705,0.9589147286821706,1.0,1.0,1.0,0.969767441860465,1.0,0.9170542635658914,0.9670542635658915,1.0,1.0,1.0
development,Wolters_2018,1683,0.799673202614379,0.8496732026143791,0.8888888888888888,1.0,1.0,1.0,1.0,0.9054367201426025,0.9554367201426025,1.0,1.0,1.0,0.7724301841948901,1.0,0.9238562091503267,0.9738562091503268,1.0,1.0,1.0,0.4533571004159239,1.0,0.926232917409388,0.976232917409388,1.0,1.0,1.0,0.41235888294711825,1.0,0.9250445632798574,0.9750445632798574,1.0,1.0,1.0,0.4325609031491384,1.0,0.16366607248960188,0.21366607248960187,0.6,0.888888888888889,0.888888888888889,1.0,1.0,0.9241532976827095,0.9741532976827095,1.0,1.0,1.0
development,Xu_2022,960,0.6968749999999999,0.721875,0.6190476190476191,0.9047619047619048,1.0,1.0,1.0,0.8052083333333333,0.7614583333333333,0.7619047619047619,0.9523809523809523,1.0,1.0,1.0,0.8166666666666667,0.7614583333333333,0.7619047619047619,0.9523809523809523,1.0,1.0,1.0,0.8135416666666666,0.7489583333333334,0.7142857142857143,0.9523809523809523,1.0,1.0,1.0,0.7958333333333333,0.7458333333333333,0.7142857142857143,0.9523809523809523,1.0,1.0,1.0,0.5603125,0.38666666666666666,0.3952380952380953,0.6619047619047619,0.7666666666666666,1.0,1.0,0.7636458333333334,0.7384375,0.7142857142857143,0.9523809523809523,1.0
development,Zakeri-Nasrabadi_2023a,627,0.8574960127591706,0.9074960127591707,1.0,1.0,1.0,1.0,1.0,0.8495215311004785,0.8995215311004785,0.8888888888888888,1.0,1.0,1.0,1.0,0.8431419457735246,0.8931419457735247,0.8888888888888888,1.0,1.0,1.0,1.0,0.8399521531100478,0.8899521531100478,0.8888888888888888,1.0,1.0,1.0,1.0,0.8431419457735246,0.8931419457735247,0.8888888888888888,1.0,1.0,1.0,1.0,0.8276714513556618,0.8776714513556619,0.888888888888889,1.0,1.0,1.0,1.0,0.8289473684210528,0.8789473684210527,0.888888888888889,1.0,1.0
development,Zakeri-Nasrabadi_2023b,1720,0.780813953488372,0.8191860465116279,0.8913043478260869,1.0,1.0,0.9674418604651163,1.0,0.8238372093023255,0.8348837209302326,0.9130434782608695,1.0,1.0,0.7895348837209303,1.0,0.8459302325581395,0.836046511627907,0.9347826086956522,1.0,1.0,0.8831395348837209,1.0,0.8569767441860465,0.8412790697674418,0.9565217391304348,1.0,1.0,0.7906976744186046,1.0,0.8441860465116279,0.8372093023255813,0.9347826086956522,1.0,1.0,0.6959302325581396,1.0,0.6886046511627907,0.6883720930232557,0.8478260869565217,0.9130434782608695,0.9782608695652174,1.0,1.0,0.8434883720930232,0.8336046511627908,0.9347826086956521,1.0,1.0
development,Zanframundo_2022,1334,0.8240629685157421,0.848575712143928,0.825,1.0,1.0,0.5907046476761619,1.0,0.8255622188905547,0.830584707646177,0.9,1.0,1.0,0.8755622188905547,1.0,0.8233133433283357,0.835832083958021,0.9,1.0,1.0,0.8860569715142429,1.0,0.8330584707646176,0.830584707646177,0.825,1.0,1.0,0.8335832083958021,1.0,0.818815592203898,0.8238380809595203,0.8,1.0,1.0,0.9587706146926537,1.0,0.7637931034482758,0.7980509745127436,0.7,0.985,1.0,0.7880059970014993,1.0,0.7891304347826087,0.8209145427286357,0.7249999999999999,1.0,1.0
development,Zinsser_2022,125,0.9099999999999999,0.96,1.0,1.0,1.0,1.0,1.0,0.9179999999999999,0.968,1.0,1.0,1.0,1.0,1.0,0.9179999999999999,0.968,1.0,1.0,1.0,1.0,1.0,0.9179999999999999,0.968,1.0,1.0,1.0,1.0,1.0,0.9179999999999999,0.968,1.0,1.0,1.0,1.0,1.0,0.8548,0.9048,0.9666666666666666,1.0,1.0,1.0,1.0,0.9179999999999998,0.968,1.0,1.0,1.0
development,de_Matteis_2024a,140,0.9285714285714285,0.9785714285714285,1.0,1.0,1.0,1.0,1.0,0.9285714285714285,0.9785714285714285,1.0,1.0,1.0,1.0,1.0,0.9285714285714285,0.9785714285714285,1.0,1.0,1.0,1.0,1.0,0.9285714285714285,0.9785714285714285,1.0,1.0,1.0,1.0,1.0,0.9285714285714285,0.9785714285714285,1.0,1.0,1.0,1.0,1.0,0.48,0.53,0.4,0.5333333333333333,0.6666666666666666,1.0,1.0,0.9285714285714285,0.9785714285714284,1.0,1.0,1.0
development,de_Matteis_2024b,553,0.8306509945750452,0.7685352622061483,0.9166666666666666,0.9583333333333334,1.0,1.0,1.0,0.8523508137432187,0.8770343580470162,0.9583333333333334,1.0,1.0,0.7992766726943942,1.0,0.8613924050632911,0.9095840867992767,1.0,1.0,1.0,0.5877034358047016,1.0,0.8849005424954791,0.9132007233273056,1.0,1.0,1.0,0.5641952983725136,1.0,0.8867088607594936,0.9240506329113924,1.0,1.0,1.0,0.4936708860759494,1.0,0.8015370705244121,0.5566003616636529,0.8791666666666667,0.9583333333333334,0.9583333333333334,1.0,1.0,0.8782097649186256,0.9211573236889693,1.0,1.0,1.0
development,van_Heugten_Breurkes_2022,303,0.7849834983498349,0.834983498349835,0.5384615384615384,1.0,1.0,1.0,1.0,0.7981848184818481,0.8481848184818481,0.6923076923076923,1.0,1.0,1.0,1.0,0.7915841584158415,0.8415841584158416,0.6153846153846154,1.0,1.0,1.0,1.0,0.7849834983498349,0.834983498349835,0.6153846153846154,1.0,1.0,1.0,1.0,0.7354785478547854,0.7854785478547854,0.5384615384615384,0.8461538461538461,1.0,1.0,1.0,0.748019801980198,0.7980198019801981,0.5384615384615385,0.9076923076923077,1.0,1.0,1.0,0.6351485148514852,0.6851485148514851,0.5384615384615384,0.6923076923076923,0.9230769230769231
development,van_Hoorn_2020,1154,0.7264298093587521,0.7764298093587522,0.8666666666666667,0.9333333333333333,1.0,1.0,1.0,0.7940207972270363,0.8440207972270364,0.9333333333333333,1.0,1.0,1.0,1.0,0.8295493934142114,0.8795493934142115,0.9333333333333333,1.0,1.0,1.0,1.0,0.8538128249566724,0.9038128249566725,1.0,1.0,1.0,1.0,1.0,0.8702772963604852,0.9202772963604853,1.0,1.0,1.0,0.8292894280762565,1.0,0.5610051993067591,0.611005199306759,0.7666666666666667,0.8733333333333334,0.8733333333333334,1.0,1.0,0.8876949740034661,0.9376949740034662,1.0,1.0,1.0
development,van_der_Valk_2021,362,0.5162983425414365,0.5,0.391304347826087,0.6304347826086957,0.7391304347826086,1.0,1.0,0.5273480662983425,0.5,0.43478260869565216,0.6521739130434783,0.6956521739130435,1.0,1.0,0.5273480662983425,0.4558011049723757,0.43478260869565216,0.6304347826086957,0.6521739130434783,1.0,1.0,0.5162983425414365,0.4116022099447514,0.45652173913043476,0.6304347826086957,0.6956521739130435,1.0,1.0,0.5024861878453037,0.3812154696132597,0.41304347826086957,0.6086956521739131,0.6956521739130435,1.0,1.0,0.3950276243093923,0.39530386740331497,0.3521739130434782,0.5608695652173913,0.7391304347826086,1.0,1.0,0.48425414364640884,0.3466850828729281,0.4195652173913043,0.5543478260869565,0.7043478260869566
heldout,Abgaz_2023,288,,,,,,,,0.8597222222222222,0.9097222222222222,1.0,1.0,1.0,1.0,1.0,0.8736111111111111,0.9236111111111112,1.0,1.0,1.0,1.0,1.0,0.8770833333333333,0.9270833333333334,1.0,1.0,1.0,1.0,1.0,0.8805555555555555,0.9305555555555556,1.0,1.0,1.0,0.9861111111111112,1.0,0.7013888888888888,0.7513888888888889,0.4545454545454545,0.6181818181818182,1.0,1.0,1.0,0.8871527777777777,0.9371527777777777,1.0,1.0,1.0
heldout,Attai_2022,1726,,,,,,,,0.6875434530706837,0.4507531865585168,0.6296296296296297,0.9111111111111111,0.9703703703703703,0.645422943221321,1.0,0.6944959443800696,0.473928157589803,0.6296296296296297,0.8962962962962963,0.9851851851851852,0.7027809965237544,1.0,0.6933371958285052,0.48667439165701043,0.5555555555555556,0.8666666666666667,0.9851851851851852,0.6263035921205099,1.0,0.685225955967555,0.4727694090382387,0.5407407407407407,0.8222222222222222,0.9777777777777777,0.5701042873696408,1.0,0.5555040556199304,0.13626882966396292,0.5607407407407408,0.7814814814814814,0.9192592592592593,0.9257821552723058,1.0,0.6558516801853996,0.4374855156431054,0.522962962962963,0.7851851851851851,0.9555555555555555
heldout,Boersma-van_Dam_2024,578,,,,,,,,0.8012110726643598,0.7941176470588236,0.7916666666666666,0.9583333333333334,1.0,1.0,1.0,0.8133217993079584,0.7785467128027681,0.7916666666666666,0.9583333333333334,1.0,1.0,1.0,0.806401384083045,0.7387543252595156,0.8333333333333334,0.9583333333333334,1.0,1.0,1.0,0.7994809688581315,0.7006920415224913,0.8333333333333334,0.9583333333333334,1.0,1.0,1.0,0.6294117647058823,0.6731833910034603,0.6166666666666667,0.8666666666666666,0.9166666666666666,1.0,1.0,0.7842560553633218,0.6809688581314879,0.875,0.9583333333333334,0.9666666666666668
heldout,Bos_2018,2241,,,,,,,,0.9290272199910754,0.9790272199910754,1.0,1.0,1.0,0.5452922802320392,1.0,0.9259036144578313,0.9759036144578314,1.0,1.0,1.0,0.6265060240963856,1.0,0.9205488621151271,0.9705488621151271,1.0,1.0,1.0,0.7657295850066934,1.0,0.915194109772423,0.965194109772423,1.0,1.0,1.0,0.9049531459170014,1.0,0.901673360107095,0.951673360107095,1.0,1.0,1.0,1.0,1.0,0.9028335564480143,0.9528335564480145,1.0,1.0,1.0
heldout,Bosch_2021,1716,,,,,,,,0.8911421911421911,0.884032634032634,0.9545454545454546,1.0,1.0,0.8100233100233101,1.0,0.8899766899766899,0.8863636363636364,0.9545454545454546,1.0,1.0,0.8263403263403264,1.0,0.894055944055944,0.8875291375291375,0.9545454545454546,1.0,1.0,0.7703962703962703,1.0,0.8899766899766899,0.8881118881118881,0.9545454545454546,1.0,1.0,0.8263403263403264,1.0,0.8694638694638694,0.736013986013986,0.95,0.9590909090909092,1.0,0.970979020979021,1.0,0.8724358974358974,0.8931818181818182,0.9545454545454547,1.0,1.0
heldout,Chakraborty_2023,2233,,,,,,,,0.9096954769368562,0.9596954769368562,1.0,1.0,1.0,0.8983430362740707,1.0,0.9159650694133452,0.9659650694133453,1.0,1.0,1.0,0.7586206896551724,1.0,0.9159650694133452,0.9659650694133453,1.0,1.0,1.0,0.7586206896551724,1.0,0.9132781012091357,0.9632781012091357,1.0,1.0,1.0,0.8186296462158531,1.0,0.7169950738916255,0.7669950738916256,0.5285714285714286,0.8571428571428571,1.0,0.6279444693237797,0.6571428571428571,0.9062919838781907,0.9562919838781907,1.0,1.0,1.0
heldout,Chueca_2023,609,,,,,,,,0.6363711001642036,0.6863711001642037,0.5625,0.8125,0.9375,1.0,1.0,0.6248768472906403,0.6748768472906403,0.625,0.8125,0.9375,1.0,1.0,0.6215927750410508,0.6715927750410509,0.625,0.8125,0.9375,1.0,1.0,0.6018883415435139,0.6518883415435139,0.625,0.8125,0.9375,1.0,1.0,0.17364532019704432,0.2236453201970443,0.275,0.40625,0.525,1.0,1.0,0.6009031198686371,0.650903119868637,0.625,0.8125,0.9375
heldout,Donners_2021,119,,,,,,,,0.7903361344537815,0.8403361344537815,0.7142857142857143,1.0,1.0,1.0,1.0,0.7903361344537815,0.8403361344537815,0.7142857142857143,1.0,1.0,1.0,1.0,0.7819327731092436,0.8319327731092436,0.7142857142857143,1.0,1.0,1.0,1.0,0.7735294117647058,0.8235294117647058,0.7142857142857143,1.0,1.0,1.0,1.0,0.6600840336134454,0.7100840336134453,0.5642857142857143,0.8642857142857142,1.0,1.0,1.0,0.7457983193277311,0.7957983193277312,0.7142857142857143,0.9285714285714286,1.0
heldout,Eggmann_2023,266,,,,,,,,0.9161654135338345,0.9661654135338346,1.0,1.0,1.0,0.5864661654135338,1.0,0.9161654135338345,0.9661654135338346,1.0,1.0,1.0,0.5864661654135338,1.0,0.9161654135338345,0.9661654135338346,1.0,1.0,1.0,0.5864661654135338,1.0,0.9161654135338345,0.9661654135338346,1.0,1.0,1.0,0.5864661654135338,1.0,0.8654135338345865,0.9154135338345866,0.9777777777777779,1.0,1.0,1.0,1.0,0.9161654135338345,0.9661654135338346,1.0,1.0,1.0
heldout,Hall_2011,340,,,,,,,,0.9323529411764705,0.9823529411764705,1.0,1.0,1.0,0.6882352941176471,1.0,0.9323529411764705,0.9823529411764705,1.0,1.0,1.0,0.6882352941176471,1.0,0.9323529411764705,0.9823529411764705,1.0,1.0,1.0,0.6882352941176471,1.0,0.9323529411764705,0.9823529411764705,1.0,1.0,1.0,0.6882352941176471,1.0,0.9294117647058823,0.9794117647058822,1.0,1.0,1.0,0.7767647058823529,1.0,0.9323529411764705,0.9823529411764704,1.0,1.0,1.0
heldout,Harms_2024,840,,,,,,,,0.769047619047619,0.7345238095238096,0.875,0.9791666666666666,1.0,1.0,1.0,0.7999999999999999,0.7678571428571428,0.8958333333333334,0.9791666666666666,1.0,1.0,1.0,0.8107142857142857,0.7714285714285715,0.8958333333333334,0.9791666666666666,1.0,1.0,1.0,0.8119047619047619,0.7797619047619048,0.8958333333333334,0.9791666666666666,1.0,1.0,1.0,0.35119047619047616,0.12785714285714284,0.41875,0.65625,0.7833333333333333,1.0,1.0,0.7761904761904762,0.7830952380952381,0.875,0.9770833333333332,1.0
heldout,Kerschbaumer_2024b,1146,,,,,,,,0.7676265270506107,0.8176265270506108,0.9333333333333333,1.0,1.0,1.0,1.0,0.7911867364746945,0.8411867364746946,0.9333333333333333,1.0,1.0,1.0,1.0,0.7842059336823735,0.8342059336823735,0.9333333333333333,1.0,1.0,1.0,1.0,0.7693717277486911,0.8193717277486912,0.9333333333333333,1.0,1.0,1.0,1.0,0.7011343804537521,0.7511343804537522,0.6066666666666667,0.9400000000000001,1.0,1.0,1.0,0.7455497382198952,0.7955497382198952,0.8666666666666668,0.9400000000000001,1.0
heldout,Lewowski_2021,329,,,,,,,,0.9044072948328267,0.9544072948328267,1.0,1.0,1.0,0.7933130699088146,1.0,0.9104863221884498,0.9604863221884499,1.0,1.0,1.0,0.6869300911854104,1.0,0.8952887537993921,0.9452887537993921,1.0,1.0,1.0,0.9483282674772037,1.0,0.8983282674772036,0.9483282674772037,1.0,1.0,1.0,0.8966565349544073,1.0,0.8600303951367781,0.9100303951367781,0.9555555555555555,1.0,1.0,0.9738601823708206,1.0,0.8861702127659574,0.9361702127659577,1.0,1.0,1.0
heldout,Menon_2022,485,,,,,,,,0.6036082474226804,0.3628865979381444,0.7142857142857143,0.8857142857142857,0.9142857142857143,1.0,1.0,0.5005154639175258,0.3711340206185567,0.7428571428571429,0.8857142857142857,0.9142857142857143,1.0,1.0,0.395360824742268,0.37731958762886597,0.7428571428571429,0.8857142857142857,0.9142857142857143,1.0,1.0,0.3376288659793814,0.38144329896907214,0.7714285714285715,0.8857142857142857,0.9142857142857143,1.0,1.0,0.4120618556701031,0.32824742268041235,0.5828571428571429,0.822857142857143,0.9428571428571428,1.0,1.0,0.3368041237113403,0.3222680412371134,0.7428571428571429,0.8571428571428571,0.9142857142857143
heldout,Moran_2020,1992,,,,,,,,0.807429718875502,0.8288152610441767,0.8717948717948718,1.0,1.0,1.0,1.0,0.7978915662650602,0.8338353413654618,0.8717948717948718,1.0,1.0,0.8519076305220884,1.0,0.8004016064257028,0.8428714859437751,0.8461538461538461,1.0,1.0,0.7444779116465864,1.0,0.7968875502008032,0.8428714859437751,0.8461538461538461,1.0,1.0,0.6290160642570282,1.0,0.5991465863453815,0.5997991967871485,0.6692307692307693,0.7974358974358974,0.9461538461538461,1.0,1.0,0.7866465863453815,0.8331325301204819,0.8461538461538461,1.0,1.0
heldout,Parodis_2023b,1679,,,,,,,,0.821351995235259,0.8427635497319833,0.9090909090909091,1.0,1.0,0.9440142942227516,1.0,0.7862120309708159,0.8225134008338296,0.9090909090909091,1.0,1.0,1.0,1.0,0.767748659916617,0.7695056581298392,0.9090909090909091,0.9696969696969697,1.0,1.0,1.0,0.7510720667063728,0.7313877307921381,0.8484848484848485,0.9696969696969697,1.0,1.0,1.0,0.8011614055985705,0.8368671828469327,0.906060606060606,1.0,1.0,0.8911256700416915,1.0,0.7396366885050625,0.6689696247766527,0.8181818181818181,0.9393939393939394,0.9696969696969695
heldout,Roberts_2021,883,,,,,,,,0.9341449603624009,0.984144960362401,1.0,1.0,1.0,0.8244620611551529,1.0,0.9375424688561721,0.9875424688561721,1.0,1.0,1.0,0.6477916194790487,1.0,0.9375424688561721,0.9875424688561721,1.0,1.0,1.0,0.6477916194790487,1.0,0.9386749716874292,0.9886749716874292,1.0,1.0,1.0,0.5889014722536806,1.0,0.9171574178935448,0.9671574178935447,1.0,1.0,1.0,1.0,1.0,0.937542468856172,0.9875424688561723,1.0,1.0,1.0
heldout,Seghers_2022,1759,,,,,,,,0.8806424104604889,0.9306424104604889,1.0,1.0,1.0,0.6765207504263786,1.0,0.881779420125071,0.9317794201250711,1.0,1.0,1.0,0.6651506537805572,1.0,0.8795054007959067,0.9295054007959067,1.0,1.0,1.0,0.6873223422399091,1.0,0.8783683911313246,0.9283683911313246,1.0,1.0,1.0,0.6986924388857305,1.0,0.7365264354747014,0.7865264354747016,0.78125,0.925,1.0,1.0,1.0,0.877515633882888,0.9275156338828878,1.0,1.0,1.0
heldout,Theobald_2021,70,,,,,,,,0.5785714285714285,0.6285714285714286,0.4444444444444444,0.7777777777777778,0.8888888888888888,1.0,1.0,0.5928571428571427,0.6428571428571428,0.4444444444444444,0.7777777777777778,0.8888888888888888,1.0,1.0,0.6214285714285714,0.6714285714285715,0.4444444444444444,0.6666666666666666,0.8888888888888888,1.0,1.0,0.6499999999999999,0.7,0.4444444444444444,0.6666666666666666,1.0,1.0,1.0,0.1371428571428571,0.1871428571428571,0.26666666666666666,0.3888888888888889,0.5111111111111111,1.0,1.0,0.6642857142857144,0.7142857142857143,0.4444444444444445,0.7777777777777778,1.0
heldout,Toffalini_2021,328,,,,,,,,0.7396341463414634,0.7713414634146342,0.7272727272727273,0.9090909090909091,1.0,1.0,1.0,0.7426829268292683,0.7865853658536586,0.7272727272727273,0.9090909090909091,1.0,1.0,1.0,0.7518292682926828,0.7987804878048781,0.7272727272727273,0.9545454545454546,1.0,1.0,1.0,0.7579268292682926,0.8018292682926829,0.6818181818181818,1.0,1.0,1.0,1.0,0.6801829268292683,0.5320121951219512,0.55,0.840909090909091,0.9090909090909092,1.0,1.0,0.7615853658536584,0.7865853658536587,0.6227272727272728,0.9545454545454547,1.0
heldout,Tumkaya_2018,481,,,,,,,,0.6755717255717255,0.6881496881496881,0.6666666666666666,0.8974358974358975,0.9743589743589743,1.0,1.0,0.6734927234927235,0.6403326403326404,0.6153846153846154,0.9230769230769231,0.9743589743589743,1.0,1.0,0.6423076923076922,0.6216216216216216,0.6666666666666666,0.8717948717948718,0.9487179487179487,1.0,1.0,0.6235966735966736,0.6029106029106028,0.6410256410256411,0.8717948717948718,0.9487179487179487,1.0,1.0,0.6741164241164241,0.681081081081081,0.41794871794871796,0.7358974358974358,0.9692307692307691,1.0,1.0,0.6094594594594595,0.5858627858627858,0.5871794871794871,0.8717948717948719,0.9435897435897436
heldout,Walker_2018,11735,,,,,,,,0.8830208777162334,0.931827865360034,1.0,1.0,1.0,0.2921175969322539,1.0,0.881742650191734,0.9302939923306348,1.0,1.0,1.0,0.3305496378355347,1.0,0.8801235619940349,0.9248402215594376,1.0,1.0,1.0,0.38866638261610564,1.0,0.8799531316574349,0.9197273114614402,1.0,1.0,1.0,0.3652322113336174,1.0,0.8406433745206646,0.6594972305070301,0.903125,0.9703125,0.984375,0.536020451640392,0.9015625,0.8742266723476778,0.872296548785684,0.984375,1.0,1.0
heldout,van_der_Waal_2022,1158,,,,,,,,0.8075129533678755,0.8575129533678756,0.9411764705882353,1.0,1.0,1.0,1.0,0.8532815198618307,0.9032815198618307,1.0,1.0,1.0,0.8877374784110535,1.0,0.874006908462867,0.924006908462867,1.0,1.0,1.0,0.697754749568221,1.0,0.8860967184801382,0.9360967184801382,1.0,1.0,1.0,0.5872193436960277,1.0,0.43601036269430055,0.48601036269430054,0.7176470588235293,0.9411764705882353,0.9470588235294117,0.9134715025906737,0.9058823529411765,0.8962003454231432,0.9462003454231434,1.0,1.0,1.0
clef,CD000996,281,,,,,,,,,,,,,,,0.9250889679715302,0.9750889679715302,1.0,1.0,1.0,0.6476868327402135,1.0,0.9250889679715302,0.9750889679715302,1.0,1.0,1.0,0.6476868327402135,1.0,0.9215302491103202,0.9715302491103203,1.0,1.0,1.0,0.7402135231316725,1.0,0.9133451957295373,0.9633451957295375,1.0,1.0,1.0,0.9476868327402135,1.0,0.9215302491103202,0.9715302491103202,1.0,1.0,1.0
clef,CD001261,571,,,,,,,,,,,,,,,0.8869527145359019,0.9352014010507881,1.0,1.0,1.0,0.46059544658493873,1.0,0.885201401050788,0.9229422066549913,1.0,1.0,1.0,0.5464098073555166,1.0,0.8676882661996497,0.8949211908931699,0.9545454545454546,1.0,1.0,0.7460595446584939,1.0,0.8522767075306479,0.8957968476357268,0.9363636363636363,1.0,1.0,0.739754816112084,1.0,0.8484238178633975,0.8635726795096323,0.909090909090909,1.0,1.0
clef,CD004414,336,,,,,,,,,,,,,,,0.9083333333333333,0.9583333333333334,1.0,1.0,1.0,0.9285714285714286,1.0,0.8994047619047618,0.9494047619047619,1.0,1.0,1.0,1.0,1.0,0.8964285714285714,0.9464285714285714,1.0,1.0,1.0,1.0,1.0,0.8321428571428571,0.8821428571428571,0.8571428571428571,1.0,1.0,1.0,1.0,0.8934523809523809,0.943452380952381,1.0,1.0,1.0
clef,CD006468,3874,,,,,,,,,,,,,,,0.9443211151264842,0.9943211151264842,1.0,1.0,1.0,0.0743417656169334,1.0,0.9430304594734125,0.9930304594734125,1.0,1.0,1.0,0.09060402684563758,1.0,0.9419979349509551,0.9919979349509551,1.0,1.0,1.0,0.10454310789881259,1.0,0.9304336602994321,0.9804336602994322,1.0,1.0,1.0,0.25477542591636554,1.0,0.9402942694889005,0.9902942694889003,1.0,1.0,1.0
clef,CD007867,943,,,,,,,,,,,,,,,0.9097030752916224,0.9597030752916225,1.0,1.0,1.0,0.6988335100742312,1.0,0.9022799575821845,0.9522799575821845,1.0,1.0,1.0,0.8271474019088016,1.0,0.8980381760339342,0.9480381760339343,1.0,1.0,1.0,0.9013785790031813,1.0,0.7729056203605513,0.8229056203605515,0.9222222222222222,0.9333333333333332,1.0,1.0,1.0,0.8908271474019088,0.9408271474019088,1.0,1.0,1.0
clef,CD008874,2382,,,,,,,,,,,,,,,0.8106213266162888,0.7791771620486986,0.8636363636363636,0.990909090909091,1.0,0.49706129303106633,1.0,0.796767422334173,0.7879932829554996,0.8454545454545455,0.990909090909091,1.0,0.5701091519731318,1.0,0.7887909319899244,0.7871536523929471,0.8363636363636363,0.9818181818181818,1.0,0.6204869857262805,1.0,0.8143157010915196,0.6149454240134341,0.8690909090909091,0.9818181818181818,0.9818181818181818,0.5178001679261126,1.0,0.7787153652392946,0.7455079764903443,0.7972727272727272,0.9754545454545456,1.0
clef,CD009044,3169,,,,,,,,,,,,,,,0.9357999368886083,0.9857999368886083,1.0,1.0,1.0,1.0,1.0,0.9357999368886083,0.9857999368886083,1.0,1.0,1.0,1.0,1.0,0.9357999368886083,0.9857999368886083,1.0,1.0,1.0,1.0,1.0,0.9496844430419691,0.9996844430419692,1.0,1.0,1.0,0.049226885452824234,1.0,0.9360839381508361,0.9860839381508362,1.0,1.0,1.0
clef,CD009069,1757,,,,,,,,,,,,,,,0.8891007398975526,0.9391007398975526,1.0,1.0,1.0,1.0,1.0,0.8936539556061468,0.9436539556061468,1.0,1.0,1.0,1.0,1.0,0.9016220830961866,0.9516220830961867,1.0,1.0,1.0,1.0,1.0,0.7902390438247011,0.8402390438247013,0.8,1.0,1.0,1.0,1.0,0.9071997723392146,0.9571997723392146,1.0,1.0,1.0
clef,CD009642,1922,,,,,,,,,,,,,,,0.9156607700312175,0.9068678459937565,1.0,1.0,1.0,0.18574401664932363,1.0,0.9161810613943808,0.9183142559833507,1.0,1.0,1.0,0.18574401664932363,1.0,0.9172216441207075,0.9214360041623308,1.0,1.0,1.0,0.20863683662851196,1.0,0.8942247658688866,0.6401144640998959,0.9800000000000001,0.9800000000000001,0.9800000000000001,0.241207075962539,0.9800000000000001,0.9174817898022891,0.9251821019771074,1.0,1.0,1.0
clef,CD010038,8867,,,,,,,,,,,,,,,0.9450377805345663,0.9950377805345664,1.0,1.0,1.0,0.08638772978459457,1.0,0.9450377805345663,0.9950377805345664,1.0,1.0,1.0,0.08638772978459457,1.0,0.9450377805345663,0.9950377805345664,1.0,1.0,1.0,0.08638772978459457,1.0,0.8470790571783015,0.8970790571783016,0.9,1.0,1.0,0.9017818878989512,0.9111111111111111,0.9450941693921282,0.9950941693921281,1.0,1.0,1.0
clef,CD010239,224,,,,,,,,,,,,,,,0.900892857142857,0.9508928571428571,1.0,1.0,1.0,0.7678571428571429,1.0,0.900892857142857,0.9508928571428571,1.0,1.0,1.0,0.7678571428571429,1.0,0.900892857142857,0.9508928571428571,1.0,1.0,1.0,0.7678571428571429,1.0,0.8973214285714285,0.9473214285714284,1.0,1.0,1.0,0.8245535714285716,1.0,0.8919642857142855,0.9419642857142858,1.0,1.0,1.0
clef,CD010558,2815,,,,,,,,,,,,,,,0.9187388987566607,0.9687388987566607,1.0,1.0,1.0,0.1669626998223801,1.0,0.8558614564831261,0.9058614564831261,1.0,1.0,1.0,0.19040852575488454,1.0,0.7663410301953818,0.8163410301953818,0.9,1.0,1.0,0.1108348134991119,0.9,0.8760390763765541,0.9260390763765542,1.0,1.0,1.0,0.9042984014209591,1.0,0.6039964476021313,0.6539964476021314,0.9,0.9,0.9
clef,CD010753,2539,,,,,,,,,,,,,,,0.8980110279637652,0.9275305238282788,1.0,1.0,1.0,0.5655769988184325,1.0,0.8830445057109098,0.9291059472233163,1.0,1.0,1.0,0.5529736116581331,1.0,0.8680779834580543,0.917684127609295,1.0,1.0,1.0,0.6427727451752658,1.0,0.7455494289090192,0.768885387948011,0.9,0.9,1.0,1.0,1.0,0.8559078377313902,0.8914927136667978,0.9499999999999998,1.0,1.0
clef,CD011571,146,,,,,,,,,,,,,,,0.8952054794520548,0.9452054794520548,1.0,1.0,1.0,1.0,1.0,0.8952054794520548,0.9452054794520548,1.0,1.0,1.0,1.0,1.0,0.8952054794520548,0.9452054794520548,1.0,1.0,1.0,1.0,1.0,0.8417808219178081,0.8917808219178083,0.9,1.0,1.0,1.0,1.0,0.895205479452055,0.9452054794520548,1.0,1.0,1.0
clef,CD011686,9729,,,,,,,,,,,,,,,0.9489721451331071,0.9989721451331072,1.0,1.0,1.0,0.054270736971939564,1.0,0.9488693596464178,0.9988693596464179,1.0,1.0,1.0,0.05889608387295714,1.0,0.9489721451331071,0.9989721451331072,1.0,1.0,1.0,0.054270736971939564,1.0,0.9437506424092919,0.9937506424092918,1.0,1.0,1.0,0.32531606537156954,1.0,0.948725459965053,0.998725459965053,1.0,1.0,1.0
clef,CD011768,9160,,,,,,,,,,,,,,,0.9365720524017467,0.9813318777292577,1.0,1.0,1.0,0.13133187772925764,1.0,0.9397379912663755,0.9826419213973799,1.0,1.0,1.0,0.12248908296943231,1.0,0.9400655021834061,0.9835152838427947,1.0,1.0,1.0,0.1185589519650655,1.0,0.9125436681222707,0.9371943231441048,1.0,1.0,1.0,0.4468231441048035,1.0,0.9390393013100438,0.9837991266375548,1.0,1.0,1.0
clef,CD011787,4369,,,,,,,,,,,,,,,0.902849622339208,0.9384298466468299,1.0,1.0,1.0,0.4042114900434882,1.0,0.9014763103685053,0.9475852597848478,1.0,1.0,1.0,0.2925154497596704,1.0,0.9049095902952621,0.9501029983978027,1.0,1.0,1.0,0.27878233005264363,1.0,0.8676241702906843,0.641588464179446,0.9642857142857142,0.9642857142857142,0.9642857142857142,0.7775692378118563,1.0,0.9109750514991989,0.9493018997482261,1.0,1.0,1.0
clef,CD011977,195,,,,,,,,,,,,,,,0.48333333333333334,0.4666666666666667,0.40540540540540543,0.6756756756756757,0.7837837837837838,1.0,1.0,0.4576923076923077,0.4256410256410257,0.40540540540540543,0.6756756756756757,0.7837837837837838,1.0,1.0,0.3705128205128205,0.41025641025641024,0.40540540540540543,0.6756756756756757,0.7837837837837838,1.0,1.0,0.5115384615384615,0.5307692307692308,0.23783783783783785,0.5567567567567567,0.7378378378378379,1.0,1.0,0.34589743589743593,0.3748717948717949,0.43243243243243246,0.7027027027027027,0.7837837837837839
clef,CD012069,3479,,,,,,,,,,,,,,,0.5556338028169014,0.36590974417936184,0.6122448979591837,0.8530612244897959,0.9224489795918367,0.36217303822937624,0.9428571428571428,0.5539091693015235,0.35354987065248633,0.6285714285714286,0.8285714285714286,0.9102040816326531,0.3578614544409313,0.9387755102040817,0.5728801379706812,0.34578901983328547,0.636734693877551,0.8040816326530612,0.8938775510204081,0.3958033917792469,0.9510204081632653,0.47842770911181376,0.12992239149180795,0.4930612244897959,0.6938775510204083,0.8530612244897959,0.5926703075596436,0.9795918367346939,0.5344782983615982,0.28255245760275943,0.5889795918367348,0.7799999999999999,0.8755102040816327
clef,CD012080,6643,,,,,,,,,,,,,,,0.7955517085654071,0.8058106277284359,0.8831168831168831,1.0,1.0,0.8950775252145116,1.0,0.8012720156555773,0.8190576546740931,0.8701298701298701,1.0,1.0,0.643986150835466,1.0,0.7999172060815896,0.8140900195694716,0.8571428571428571,1.0,1.0,0.6349540870088816,1.0,0.7705027848863465,0.6449646244166792,0.8038961038961039,0.961038961038961,0.9870129870129871,0.9462893271112449,1.0,0.7990591600180641,0.8110793316272769,0.8441558441558442,1.0,1.0
clef,CD012164,61,,,,,,,,,,,,,,,0.9008196721311474,0.9508196721311475,1.0,1.0,1.0,1.0,1.0,0.9008196721311474,0.9508196721311475,1.0,1.0,1.0,1.0,1.0,0.9008196721311474,0.9508196721311475,1.0,1.0,1.0,1.0,1.0,0.6827868852459016,0.7327868852459016,0.4333333333333333,0.5333333333333333,0.8,1.0,1.0,0.9008196721311474,0.9508196721311476,1.0,1.0,1.0
clef,CD012233,472,,,,,,,,,,,,,,,0.14279661016949158,0.19279661016949157,0.7777777777777778,0.8888888888888888,0.8888888888888888,1.0,1.0,0.13008474576271184,0.18008474576271183,0.7777777777777778,0.8888888888888888,0.8888888888888888,1.0,1.0,0.13008474576271184,0.18008474576271183,0.7777777777777778,0.7777777777777778,0.8888888888888888,1.0,1.0,0.3936440677966102,0.4436440677966102,0.788888888888889,0.888888888888889,0.888888888888889,1.0,1.0,0.11822033898305084,0.16822033898305083,0.7777777777777778,0.7777777777777778,0.7777777777777778
clef,CD012455,1593,,,,,,,,,,,,,,,0.9456057752667921,0.9956057752667922,1.0,1.0,1.0,0.1374764595103578,1.0,0.9456057752667921,0.9956057752667922,1.0,1.0,1.0,0.1374764595103578,1.0,0.9456057752667921,0.9956057752667922,1.0,1.0,1.0,0.1374764595103578,1.0,0.9286566227244194,0.9786566227244193,1.0,1.0,1.0,0.6662900188323917,1.0,0.9462335216572504,0.9962335216572505,1.0,1.0,1.0
clef,CD012551,591,,,,,,,,,,,,,,,0.8518612521150591,0.871404399323181,0.9655172413793104,1.0,1.0,0.8849407783417935,1.0,0.8535532994923858,0.8849407783417935,0.9655172413793104,1.0,1.0,0.6192893401015228,1.0,0.8417089678510998,0.8900169204737732,0.9310344827586207,1.0,1.0,0.5922165820642978,1.0,0.7051607445008459,0.7181049069373943,0.5655172413793104,0.7862068965517242,1.0,1.0,1.0,0.8467851099830794,0.8808798646362099,0.9310344827586207,1.0,1.0
clef,CD012567,6735,,,,,,,,,,,,,,,0.9456941351150705,0.9956941351150705,1.0,1.0,1.0,0.16837416481069042,1.0,0.9476243504083147,0.9976243504083148,1.0,1.0,1.0,0.09265033407572383,1.0,0.948218262806236,0.998218262806236,1.0,1.0,1.0,0.06948775055679288,1.0,0.8484409799554566,0.8984409799554566,0.8,1.0,1.0,0.41389755011135854,0.55,0.9482182628062359,0.9982182628062362,1.0,1.0,1.0
clef,CD012661,3367,,,,,,,,,,,,,,,0.824071874071874,0.6519156519156519,0.925531914893617,0.9893617021276596,0.9893617021276596,0.621027621027621,1.0,0.8202108702108701,0.6721116721116721,0.9148936170212766,0.9787234042553191,0.9893617021276596,0.7288387288387288,1.0,0.7958568458568458,0.6964656964656964,0.9042553191489362,0.9787234042553191,0.9893617021276596,0.7324027324027323,1.0,0.7985892485892485,0.3859221859221859,0.8351063829787234,0.9893617021276595,0.9893617021276595,0.7182358182358183,0.9989361702127659,0.7898871398871399,0.7161568161568161,0.9042553191489361,0.9680851063829788,0.9989361702127659
clef,CD012669,1260,,,,,,,,,,,,,,,0.8111111111111111,0.7658730158730158,0.7916666666666666,0.9583333333333334,1.0,1.0,1.0,0.8039682539682539,0.7547619047619047,0.7916666666666666,0.9583333333333334,1.0,1.0,1.0,0.8031746031746031,0.7492063492063492,0.75,0.9583333333333334,1.0,1.0,1.0,0.7578571428571428,0.7172222222222222,0.7416666666666667,0.9541666666666668,1.0,1.0,1.0,0.803095238095238,0.7423809523809524,0.7666666666666666,0.9583333333333334,1.0
clef,CD012768,131,,,,,,,,,,,,,,,0.5225190839694656,0.5648854961832062,0.3181818181818182,0.6363636363636364,0.6818181818181818,1.0,1.0,0.5225190839694656,0.549618320610687,0.2727272727272727,0.6363636363636364,0.6818181818181818,1.0,1.0,0.5072519083969464,0.5114503816793894,0.2727272727272727,0.5909090909090909,0.6818181818181818,1.0,1.0,0.4606870229007634,0.4885496183206107,0.21363636363636362,0.4636363636363637,0.6090909090909091,1.0,1.0,0.4958015267175573,0.49312977099236643,0.27272727272727265,0.5454545454545453,0.7272727272727273
