key,doi,pmid,status,all_support_found,full_text_reached,supports_use,nature_reference_draft
pitre (v0 ref. 14),10.1016/j.jclinepi.2026.112514,42767575,VERIFIED_ABSTRACT_ONLY,True,False,,"unchanged from v0 (references_npjdm.json key pitre); Crossref today still shows no volume, only article number 112514"
flemyng,10.1002/cl2.70074,41230118,VERIFIED,True,True,"human oversight; transparent reporting of AI use that makes or suggests judgements; reporting of tool name, version and dates; validation or piloting of a tool in the context of the specific synthesis.","Flemyng, E. et al. Position statement on artificial intelligence (AI) use in evidence synthesis across Cochrane, the Campbell Collaboration, JBI, and the Collaboration for Environmental Evidence 2025. *Campbell Syst. Rev.* **21**, e70074 (2025)."
kusa_wss,10.1016/j.iswa.2023.200193,,EXISTS_BIBLIO_VERIFIED_CONTENT_NOT_VERIFIED,,False,"Existence, authors (Kusa, Lipani, Knoth, Hanbury), title, journal, volume 18, article 200193, May 2023, CC BY licence verified in Crossref. The statement that normalised WSS equals the true negative rate at the target recall was NOT verified from the source (no abstract or full text retrieved). The reviewers and editor give it; under I-8 it cannot be attributed to this paper in the text until the full text is read.","Kusa, W., Lipani, A., Knoth, P. & Hanbury, A. An analysis of work saved over sampling in the evaluation of automated citation screening in systematic literature reviews. *Intell. Syst. Appl.* **18**, 200193 (2023)."
wang_neural,10.1145/3572960.3572980,,VERIFIED,True,arXiv version 1 (18 December 2022; header ADCS '22); ACM version not read,"Neural (monoBERT cross-encoder) rankers were applied to screening prioritisation zero-shot, with the review title as query, and after fine-tuning on the abstract-level labels of CLEF TAR training topics. The zero-shot rankers were not competitive with BM25 and QLM; the fine-tuned rankers outperformed prior methods. A gap statement must therefore say that zero-shot rankers of the review topic exist (this study and Wang et al.) and must not describe the effective rankers of Wang et al. as free of training on screening labels.","Wang, S., Scells, H., Koopman, B. & Zuccon, G. Neural rankers for effective screening prioritisation in medical systematic review literature search. In *Proc. 26th Australasian Document Computing Symposium* 1–10 (ACM, 2022)."
binhezam,10.18653/v1/2023.findings-emnlp.171,,VERIFIED,True,False,"a stopping rule (counting process, per the title) extended with information from a text classifier trained without additional annotation.","Bin-Hezam, R. & Stevenson, M. Combining counting processes and classification improves a stopping rule for technology assisted review. In *Findings of the Association for Computational Linguistics: EMNLP 2023* 2603–2609 (Association for Computational Linguistics, 2023)."
stevenson,10.1145/3631990,,VERIFIED,True,False,stopping methods for TAR based on point processes (rate functions of relevant documents in the ranking).,"Stevenson, M. & Bin-Hezam, R. Stopping methods for technology-assisted reviews based on point processes. *ACM Trans. Inf. Syst.* **42**, 1–37 (2024)."
boetje,10.1186/s13643-024-02502-7,38429798,VERIFIED,True,True,"a practical, conservative set of stopping heuristics for active-learning screening in ASReview.","Boetje, J. & van de Schoot, R. The SAFE procedure: a practical stopping heuristic for active learning-based screening in systematic reviews and meta-analyses. *Syst. Rev.* **13**, 81 (2024)."
gartlehner,10.1016/j.jclinepi.2020.01.005,31972274,VERIFIED_ABSTRACT_ONLY,True,False,"single-reviewer sensitivity 86.6% (80.6 to 91.2%), dual 97.5% (95.1 to 98.8%) in a crowd-based randomised trial.","Gartlehner, G. et al. Single-reviewer abstract screening missed 13 percent of relevant studies: a crowd-based, randomized controlled trial. *J. Clin. Epidemiol.* **121**, 20–28 (2020)."
tian,10.18653/v1/2023.emnlp-main.330,,VERIFIED,True,False,"for RLHF language models, verbalised confidences were typically better calibrated than conditional (token) probabilities on three question-answering benchmarks.","Tian, K. et al. Just ask for calibration: strategies for eliciting calibrated confidence scores from language models fine-tuned with human feedback. In *Proc. 2023 Conference on Empirical Methods in Natural Language Processing* 5433–5442 (Association for Computational Linguistics, 2023)."
medcpt,10.1093/bioinformatics/btad651,37930897,VERIFIED,True,False,"MedCPT cross-encoder (re-ranker) trained with contrastive learning on PubMed search click logs; model card usage truncates query-article pairs at 512 tokens; the model card asks users to cite the Bioinformatics paper. The model is trained on search logs, not on screening decisions.","Jin, Q. et al. MedCPT: contrastive pre-trained transformers with large-scale PubMed search logs for zero-shot biomedical information retrieval. *Bioinformatics* **39**, btad651 (2023)."
higgins,10.1111/j.1467-985X.2008.00552.x,19381330,VERIFIED,True,True,"approximate 95% prediction interval for the effect in a new study: mu_hat +/- t_{k-2, 0.975} sqrt(tau_hat^2 + SE(mu_hat)^2), as planned for AN-0001-12.","Higgins, J. P. T., Thompson, S. G. & Spiegelhalter, D. J. A re-evaluation of random-effects meta-analysis. *J. R. Stat. Soc. Ser. A Stat. Soc.* **172**, 137–159 (2009)."
