dataset,review,N,n_included,prevalence,min_included_p,n_included_below_0.07,n_included_0.07_to_0.09,recall_at_0.07,work_at_0.07,reliable_at_0.07,max_tau_keeping_95_recall,max_grid_tau_keeping_95_recall
heldout_final,Abgaz_2023,288,11,0.03819444444444445,0.85,0,0,1.0,0.8020833333333334,True,0.85,0.5
heldout_final,Attai_2022,1726,135,0.07821552723059096,0.05,2,0,0.9851851851851852,0.4698725376593279,True,0.16,0.15
heldout_final,Boersma-van_Dam_2024,578,24,0.04152249134948097,0.04,1,0,0.9583333333333334,0.20761245674740483,True,0.1,0.1
heldout_final,Bos_2018,2241,6,0.002677376171352075,0.32,0,0,1.0,0.42079428826416776,True,0.32,0.3
heldout_final,Bosch_2021,1716,22,0.01282051282051282,0.55,0,0,1.0,0.5250582750582751,True,0.66,0.5
heldout_final,Chakraborty_2023,2233,7,0.003134796238244514,0.52,0,0,1.0,0.9713390058217645,True,0.52,0.5
heldout_final,Chueca_2023,609,16,0.026272577996715927,0.25,0,0,1.0,0.8686371100164204,True,0.25,0.2
heldout_final,Donners_2021,119,14,0.11764705882352941,0.44,0,0,1.0,0.7142857142857143,True,0.44,0.4
heldout_final,Eggmann_2023,266,9,0.03383458646616541,0.42,0,0,1.0,0.5375939849624061,True,0.42,0.4
heldout_final,Hall_2011,340,4,0.011764705882352941,0.67,0,0,1.0,0.12941176470588237,True,0.67,0.5
heldout_final,Harms_2024,840,48,0.05714285714285714,0.5,0,0,1.0,0.9285714285714286,True,0.54,0.5
heldout_final,Kerschbaumer_2024b,1146,15,0.013089005235602094,0.62,0,0,1.0,0.9048865619546248,True,0.62,0.5
heldout_final,Lewowski_2021,329,9,0.02735562310030395,0.53,0,0,1.0,0.3768996960486322,True,0.53,0.5
heldout_final,Menon_2022,485,35,0.07216494845360824,0.1,0,0,1.0,0.8762886597938144,True,0.11,0.1
heldout_final,Moran_2020,1992,39,0.01957831325301205,0.13,0,0,1.0,0.3433734939759036,True,0.13,0.1
heldout_final,Parodis_2023b,1679,33,0.019654556283502083,0.23,0,0,1.0,0.8511018463371054,True,0.33,0.3
heldout_final,Roberts_2021,883,3,0.0033975084937712344,0.62,0,0,1.0,0.31483578708946774,True,0.62,0.5
heldout_final,Seghers_2022,1759,16,0.009096077316657191,0.36,0,0,1.0,0.5429221148379761,True,0.36,0.3
heldout_final,Theobald_2021,70,9,0.12857142857142856,0.6,0,0,1.0,0.7571428571428571,True,0.6,0.5
heldout_final,Toffalini_2021,328,22,0.06707317073170732,0.35,0,0,1.0,0.5030487804878049,True,0.41,0.4
heldout_final,Tumkaya_2018,481,39,0.08108108108108109,0.09,0,0,1.0,0.5176715176715176,True,0.12,0.1
heldout_final,van_der_Waal_2022,1158,17,0.01468048359240069,0.44,0,0,1.0,0.6424870466321243,True,0.44,0.4
heldout_final,Walker_2018,11735,64,0.005453770771197273,0.16,0,0,1.0,0.3350660417554325,True,0.25,0.2
clef_final,CD012080,6643,77,0.011591148577449948,0.28,0,0,1.0,0.5419238295950625,True,0.38,0.3
clef_final,CD012669,1260,24,0.01904761904761905,0.38,0,0,1.0,0.7214285714285714,True,0.7,0.5
clef_final,CD009044,3169,1,0.0003155569580309246,0.3,0,0,1.0,0.13884506153360682,True,0.3,0.3
clef_final,CD011686,9729,3,0.0003083564600678384,0.51,0,0,1.0,0.07246376811594203,True,0.51,0.5
clef_final,CD008874,2382,110,0.04617968094038623,0.11,0,0,1.0,0.4324097397145256,True,0.18,0.15
clef_final,CD012567,6735,4,0.0005939123979213066,0.6,0,0,1.0,0.14788418708240533,True,0.6,0.5
clef_final,CD012768,131,22,0.16793893129770993,0.57,0,0,1.0,0.9236641221374046,True,0.69,0.5
clef_final,CD012233,472,9,0.019067796610169493,0.05,1,0,0.8888888888888888,0.7478813559322034,False,0.05,0.05
clef_final,CD012455,1593,5,0.003138731952291274,0.7,0,0,1.0,0.044569993722536096,True,0.7,0.5
clef_final,CD012551,591,29,0.049069373942470386,0.47,0,0,1.0,0.5803722504230119,True,0.55,0.5
clef_final,CD010239,224,10,0.044642857142857144,0.64,0,0,1.0,0.22321428571428573,True,0.64,0.5
clef_final,CD010753,2539,20,0.007877116975187082,0.2,0,0,1.0,0.4596297755021662,True,0.22,0.2
clef_final,CD012164,61,3,0.04918032786885246,0.93,0,0,1.0,0.6229508196721312,True,0.93,0.5
clef_final,CD009069,1757,5,0.0028457598178713715,0.77,0,0,1.0,0.27376209447922595,True,0.77,0.5
clef_final,CD009642,1922,50,0.026014568158168574,0.09,0,0,1.0,0.10613943808532779,True,0.55,0.5
clef_final,CD004414,336,7,0.020833333333333332,0.65,0,0,1.0,0.25,True,0.65,0.5
clef_final,CD011977,195,37,0.18974358974358974,0.03,3,3,0.918918918918919,0.4564102564102564,False,0.03,0.03
clef_final,CD011571,146,6,0.0410958904109589,0.67,0,0,1.0,0.1917808219178082,True,0.67,0.5
clef_final,CD001261,571,22,0.03852889667250438,0.71,0,0,1.0,0.5394045534150613,True,0.81,0.5
clef_final,CD011768,9160,25,0.0027292576419213972,0.47,0,0,1.0,0.21233624454148473,True,0.61,0.5
clef_final,CD007867,943,9,0.009544008483563097,0.26,0,0,1.0,0.4676564156945917,True,0.26,0.2
clef_final,CD010558,2815,10,0.003552397868561279,0.06,1,0,0.9,0.30408525754884547,False,0.06,0.06
clef_final,CD012069,3479,245,0.07042253521126761,0.09,0,0,1.0,0.7766599597585513,True,0.29,0.2
clef_final,CD010038,8867,9,0.0010149994361114245,0.47,0,0,1.0,0.13454381414232547,True,0.47,0.4
clef_final,CD006468,3874,12,0.003097573567372225,0.48,0,0,1.0,0.3990707279297883,True,0.48,0.4
clef_final,CD000996,281,6,0.021352313167259787,0.7,0,0,1.0,0.2597864768683274,True,0.7,0.5
clef_final,CD012661,3367,94,0.02791802791802792,0.1,0,0,1.0,0.4282744282744283,True,0.17,0.15
clef_final,CD011787,4369,28,0.006408789196612497,0.55,0,0,1.0,0.47699702449073017,True,0.63,0.5
heldout_ta,Abgaz_2023,288,33,0.11458333333333333,0.17,0,0,1.0,0.8020833333333334,True,0.24,0.2
heldout_ta,Boersma-van_Dam_2024,578,68,0.11764705882352941,0.02,24,2,0.6470588235294118,0.20761245674740483,False,0.03,0.03
heldout_ta,Chakraborty_2023,2233,41,0.018360949395432154,0.11,0,0,1.0,0.9713390058217645,True,0.16,0.15
heldout_ta,Chueca_2023,609,38,0.06239737274220033,0.25,0,0,1.0,0.8686371100164204,True,0.26,0.2
heldout_ta,Harms_2024,840,92,0.10952380952380952,0.1,0,0,1.0,0.9285714285714286,True,0.21,0.2
heldout_ta,Lewowski_2021,329,30,0.0911854103343465,0.15,0,0,1.0,0.3768996960486322,True,0.16,0.15
heldout_ta,Moran_2020,1992,193,0.09688755020080321,0.03,15,16,0.9222797927461139,0.3433734939759036,False,0.06,0.06
heldout_ta,Roberts_2021,883,13,0.014722536806342015,0.04,2,0,0.8461538461538461,0.31483578708946774,False,0.04,0.04
heldout_ta,Theobald_2021,70,37,0.5285714285714286,0.03,3,2,0.918918918918919,0.7571428571428571,False,0.05,0.05
heldout_ta,Toffalini_2021,328,89,0.27134146341463417,0.04,1,3,0.9887640449438202,0.5030487804878049,True,0.09,0.09
heldout_ta,Tumkaya_2018,481,88,0.18295218295218296,0.04,6,2,0.9318181818181818,0.5176715176715176,False,0.05,0.05
heldout_ta,Walker_2018,11735,226,0.01925862803579037,0.03,10,11,0.9557522123893806,0.3350660417554325,True,0.07,0.07
clef_ta,CD012080,6643,77,0.011591148577449948,0.28,0,0,1.0,0.5419238295950625,True,0.38,0.3
clef_ta,CD012669,1260,71,0.05634920634920635,0.09,0,0,1.0,0.7214285714285714,True,0.35,0.3
clef_ta,CD009044,3169,11,0.0034711265383401703,0.1,0,0,1.0,0.13884506153360682,True,0.1,0.1
clef_ta,CD011686,9729,64,0.006578271148113887,0.02,6,7,0.90625,0.07246376811594203,False,0.06,0.06
clef_ta,CD008874,2382,118,0.04953820319059614,0.08,0,1,1.0,0.4324097397145256,True,0.15,0.15
clef_ta,CD012567,6735,11,0.0016332590942835933,0.41,0,0,1.0,0.14788418708240533,True,0.41,0.4
clef_ta,CD012768,131,45,0.3435114503816794,0.21,0,0,1.0,0.9236641221374046,True,0.42,0.4
clef_ta,CD012233,472,43,0.09110169491525423,0.05,1,0,0.9767441860465116,0.7478813559322034,True,0.12,0.1
clef_ta,CD012455,1593,7,0.004394224733207784,0.39,0,0,1.0,0.044569993722536096,True,0.39,0.3
clef_ta,CD012551,591,68,0.11505922165820642,0.06,1,1,0.9852941176470589,0.5803722504230119,True,0.1,0.1
clef_ta,CD010239,224,12,0.05357142857142857,0.12,0,0,1.0,0.22321428571428573,True,0.12,0.1
clef_ta,CD010753,2539,29,0.011421819614021268,0.05,1,0,0.9655172413793104,0.4596297755021662,True,0.19,0.15
clef_ta,CD012164,61,7,0.11475409836065574,0.13,0,0,1.0,0.6229508196721312,True,0.13,0.1
clef_ta,CD009069,1757,78,0.0443938531587934,0.02,2,2,0.9743589743589743,0.27376209447922595,True,0.07,0.07
clef_ta,CD009642,1922,62,0.03225806451612903,0.09,0,0,1.0,0.10613943808532779,True,0.23,0.2
clef_ta,CD004414,336,16,0.047619047619047616,0.25,0,0,1.0,0.25,True,0.25,0.2
clef_ta,CD011977,195,49,0.2512820512820513,0.03,3,3,0.9387755102040817,0.4564102564102564,False,0.05,0.05
clef_ta,CD011571,146,15,0.10273972602739725,0.05,1,0,0.9333333333333333,0.1917808219178082,False,0.05,0.05
clef_ta,CD012342,2353,6,0.0025499362515937103,0.12,0,0,1.0,0.2664683382915427,True,0.12,0.1
clef_ta,CD001261,571,72,0.12609457092819615,0.07,0,1,1.0,0.5394045534150613,True,0.25,0.2
clef_ta,CD011768,9160,54,0.0058951965065502186,0.16,0,0,1.0,0.21233624454148473,True,0.28,0.2
clef_ta,CD007867,943,17,0.018027571580063628,0.11,0,0,1.0,0.4676564156945917,True,0.11,0.1
clef_ta,CD010558,2815,37,0.013143872113676732,0.04,2,0,0.9459459459459459,0.30408525754884547,False,0.06,0.06
clef_ta,CD012069,3479,320,0.09198045415349239,0.05,2,0,0.99375,0.7766599597585513,True,0.21,0.2
clef_ta,CD010038,8867,23,0.002593887447840307,0.07,0,1,1.0,0.13454381414232547,True,0.09,0.09
clef_ta,CD006468,3874,52,0.013422818791946308,0.04,3,3,0.9423076923076923,0.3990707279297883,False,0.06,0.06
clef_ta,CD000996,281,9,0.03202846975088968,0.05,1,0,0.8888888888888888,0.2597864768683274,False,0.05,0.05
clef_ta,CD011140,289,4,0.01384083044982699,0.46,0,0,1.0,0.07958477508650519,True,0.46,0.4
clef_ta,CD012661,3367,192,0.05702405702405702,0.07,0,2,1.0,0.4282744282744283,True,0.12,0.1
clef_ta,CD011558,2165,2,0.0009237875288683603,0.57,0,0,1.0,0.6069284064665127,True,0.57,0.5
clef_ta,CD011787,4369,111,0.025406271457999542,0.07,0,3,1.0,0.47699702449073017,True,0.1,0.1
dev_final,Pijls_2017,54,3,0.05555555555555555,0.74,0,0,1.0,0.5555555555555556,True,0.74,0.5
dev_final,Hanlon_2022,77,6,0.07792207792207792,0.13,0,0,1.0,0.4675324675324675,True,0.13,0.1
dev_final,Deckers_2022,106,3,0.02830188679245283,0.74,0,0,1.0,0.839622641509434,True,0.74,0.5
dev_final,Pinos-Cisneros_2023,109,21,0.1926605504587156,0.4,0,0,1.0,0.7522935779816514,True,0.52,0.5
dev_final,Zinsser_2022,125,3,0.024,0.74,0,0,1.0,0.296,True,0.74,0.5
dev_final,de_Matteis_2024a,140,3,0.02142857142857143,0.7,0,0,1.0,0.6071428571428571,True,0.7,0.5
dev_final,Sep_2021,147,28,0.19047619047619047,0.09,0,0,1.0,0.6870748299319728,True,0.09,0.09
dev_final,Kapuka_2021,151,8,0.052980132450331126,0.49,0,0,1.0,1.0,True,0.49,0.4
dev_final,Brons_2024,172,25,0.14534883720930233,0.19,0,0,1.0,0.7267441860465116,True,0.19,0.15
dev_final,Oliveira_2021,184,17,0.09239130434782608,0.51,0,0,1.0,0.5163043478260869,True,0.51,0.5
dev_final,Quevedo_2023,199,18,0.09045226130653267,0.7,0,0,1.0,0.628140703517588,True,0.7,0.5
dev_final,Clark_2021,199,3,0.01507537688442211,0.23,0,0,1.0,0.5276381909547738,True,0.23,0.2
dev_final,Ferreira_2022,223,3,0.013452914798206279,0.03,2,0,0.3333333333333333,0.21524663677130046,False,0.03,0.03
dev_final,Oud_2018,243,5,0.0205761316872428,0.6,0,0,1.0,0.45267489711934156,True,0.6,0.5
dev_final,Williamson_2023,258,5,0.01937984496124031,0.8,0,0,1.0,0.36046511627906974,True,0.8,0.5
dev_final,Dornauer_2023,259,5,0.019305019305019305,0.2,0,0,1.0,0.1891891891891892,True,0.2,0.2
dev_final,Maciel_2024,274,31,0.11313868613138686,0.05,1,0,0.967741935483871,0.5328467153284672,True,0.12,0.1
dev_final,Nobrega-Dos_Santos_2023,277,8,0.02888086642599278,0.24,0,0,1.0,0.5487364620938628,True,0.24,0.2
dev_final,Cinquin_2018,290,9,0.03103448275862069,0.29,0,0,1.0,0.5482758620689655,True,0.29,0.2
dev_final,Pijls_2018,301,16,0.053156146179401995,0.78,0,0,1.0,0.34219269102990035,True,0.78,0.5
dev_final,van_Heugten_Breurkes_2022,303,13,0.0429042904290429,0.51,0,0,1.0,0.8316831683168316,True,0.51,0.5
dev_final,Greca_2023,328,24,0.07317073170731707,0.45,0,0,1.0,0.9176829268292683,True,0.73,0.5
dev_final,Ramiro_2015,338,18,0.05325443786982249,0.57,0,0,1.0,0.6627218934911243,True,0.57,0.5
dev_final,Bindoli_2024b,341,7,0.020527859237536656,0.5,0,0,1.0,0.9266862170087976,True,0.5,0.5
dev_final,Sanchez-Acedo_2023,345,20,0.057971014492753624,0.09,0,0,1.0,0.936231884057971,True,0.1,0.1
dev_final,van_der_Valk_2021,362,46,0.1270718232044199,0.04,2,3,0.9565217391304348,0.4889502762430939,True,0.07,0.07
dev_final,Ward_2020,374,8,0.0213903743315508,0.7,0,0,1.0,0.22994652406417113,True,0.7,0.5
dev_final,Sanchez-Gomez_2024,385,7,0.01818181818181818,0.25,0,0,1.0,0.5974025974025974,True,0.25,0.2
dev_final,Wijnen_2024,399,6,0.015037593984962405,0.39,0,0,1.0,0.9624060150375939,True,0.39,0.3
dev_final,Noetel_2021,444,6,0.013513513513513514,0.09,0,0,1.0,0.5495495495495496,True,0.09,0.09
dev_final,Clarinval_2021,446,19,0.042600896860986545,0.61,0,0,1.0,0.6412556053811659,True,0.61,0.5
dev_final,Meijboom_2021,464,21,0.04525862068965517,0.16,0,0,1.0,0.41810344827586204,True,0.19,0.15
dev_final,Mejean_2024,486,66,0.13580246913580246,0.12,0,0,1.0,0.8827160493827161,True,0.19,0.15
dev_final,Santos_2018,488,7,0.014344262295081968,0.34,0,0,1.0,0.15368852459016394,True,0.34,0.3
dev_final,Fong_2021,489,44,0.08997955010224949,0.04,2,2,0.9545454545454546,0.2085889570552147,True,0.08,0.08
dev_final,Ali_2024,515,30,0.05825242718446602,0.1,0,0,1.0,0.6699029126213593,True,0.21,0.2
dev_final,Bakker-Jacobs_2022,549,8,0.014571948998178506,0.37,0,0,1.0,0.761384335154827,True,0.37,0.3
dev_final,de_Matteis_2024b,553,24,0.0433996383363472,0.52,0,0,1.0,0.42495479204339964,True,0.57,0.5
dev_final,Bech_2019,556,15,0.02697841726618705,0.53,0,0,1.0,0.6762589928057554,True,0.53,0.5
dev_final,Low_2023,556,36,0.06474820143884892,0.1,0,0,1.0,0.7769784172661871,True,0.21,0.2
dev_final,Appenzeller-Herzog_2019,582,8,0.013745704467353952,0.11,0,0,1.0,0.3127147766323024,True,0.11,0.1
dev_final,Anmarkrud_2021,593,16,0.026981450252951095,0.23,0,0,1.0,0.24283305227655985,True,0.23,0.2
dev_final,Zakeri-Nasrabadi_2023a,627,9,0.014354066985645933,0.21,0,0,1.0,0.3062200956937799,True,0.21,0.2
dev_final,Cozim-Melges_2024,630,95,0.15079365079365079,0.13,0,0,1.0,0.9619047619047619,True,0.31,0.3
dev_final,Marques_2021,713,16,0.02244039270687237,0.13,0,0,1.0,0.20196353436185133,True,0.13,0.1
dev_final,Aouad_2024,714,30,0.04201680672268908,0.3,0,0,1.0,0.8137254901960784,True,0.47,0.4
dev_final,Smid_2019,770,11,0.014285714285714285,0.25,0,0,1.0,0.24805194805194805,True,0.25,0.2
dev_final,Filges_2022,781,6,0.0076824583866837385,0.53,0,0,1.0,0.4494238156209987,True,0.53,0.5
dev_final,Rinne_2021,815,194,0.23803680981595093,0.08,0,1,1.0,0.8122699386503067,True,0.19,0.15
dev_final,Muthu_2020,923,20,0.021668472372697724,0.09,0,0,1.0,0.8374864572047671,True,0.18,0.15
dev_final,Filges_2018,925,20,0.021621621621621623,0.25,0,0,1.0,0.28324324324324324,True,0.49,0.4
dev_final,Xu_2022,960,21,0.021875,0.53,0,0,1.0,0.85,True,0.64,0.5
dev_final,Endedijk_2021,1092,89,0.0815018315018315,0.04,2,0,0.9775280898876404,0.5073260073260073,True,0.13,0.1
dev_final,Adamo_2021,1151,16,0.013900955690703735,0.42,0,0,1.0,0.8314509122502172,True,0.42,0.4
dev_final,van_Hoorn_2020,1154,15,0.012998266897746967,0.44,0,0,1.0,0.47053726169844023,True,0.44,0.4
dev_final,Verdugo-Castro_2022,1245,10,0.008032128514056224,0.39,0,0,1.0,0.8168674698795181,True,0.39,0.3
dev_final,Tektonidou_2019,1251,58,0.04636290967226219,0.29,0,0,1.0,0.8089528377298162,True,0.49,0.4
dev_final,Giesen_2021,1293,11,0.008507347254447023,0.55,0,0,1.0,0.8445475638051044,True,0.55,0.5
dev_final,Hamaker_2022,1313,13,0.009900990099009901,0.53,0,0,1.0,0.5963442498095963,True,0.53,0.5
dev_final,Taschner_2024,1323,34,0.025699168556311415,0.11,0,0,1.0,0.45729402872260017,True,0.13,0.1
dev_final,Zanframundo_2022,1334,40,0.029985007496251874,0.24,0,0,1.0,0.383808095952024,True,0.27,0.2
dev_final,Leenaars_2019,1395,7,0.005017921146953405,0.09,0,0,1.0,0.48100358422939066,True,0.09,0.09
dev_final,Farisogullari_2023,1439,59,0.04100069492703266,0.31,0,0,1.0,0.5198054204308548,True,0.58,0.5
dev_final,Bindoli_2024a,1449,64,0.04416839199447895,0.32,0,0,1.0,0.8785369220151829,True,0.59,0.5
dev_final,Fejza_2023,1499,45,0.030020013342228154,0.54,0,0,1.0,0.7858572381587725,True,0.63,0.5
dev_final,Wassenaar_2017,1523,23,0.015101772816808929,0.08,0,1,1.0,0.12409717662508207,True,0.1,0.1
dev_final,Wolters_2018,1683,9,0.0053475935828877,0.26,0,0,1.0,0.2549019607843137,True,0.26,0.2
dev_final,Zakeri-Nasrabadi_2023b,1720,46,0.026744186046511628,0.26,0,0,1.0,0.5337209302325582,True,0.41,0.4
dev_final,Sepriano_2022,1760,57,0.03238636363636364,0.49,0,0,1.0,0.8011363636363636,True,0.52,0.5
dev_final,Sepriano_2020,1908,29,0.01519916142557652,0.65,0,0,1.0,0.7164570230607966,True,0.7,0.5
dev_final,Kerschbaumer_2024a,1949,29,0.014879425346331451,0.38,0,0,1.0,0.7408927655207799,True,0.43,0.4
dev_final,Leenaars_2020,1956,199,0.10173824130879346,0.13,0,0,1.0,0.6753578732106339,True,0.21,0.2
dev_final,Viguie_2020,1978,104,0.0525783619817998,0.21,0,0,1.0,0.4949443882709808,True,0.57,0.5
