position,api_record_id,cli_record_id,api_label,cli_label
1,141,141,1,1
2,227,227,0,0
3,16,16,1,1
4,103,103,0,0
5,169,169,0,0
6,143,143,0,0
7,243,243,0,0
8,17,17,0,0
9,94,94,0,0
10,210,210,0,0
11,231,231,1,1
12,0,0,1,1
13,113,113,0,0
14,213,213,1,1
15,151,151,0,0
16,38,38,0,0
17,33,33,0,0
18,3,3,0,0
19,115,115,0,0
20,66,66,0,0
21,205,205,0,0
22,19,19,0,0
23,29,29,0,0
24,198,198,0,0
25,97,97,1,1
26,206,206,0,0
27,58,58,0,0
28,128,128,0,0
29,62,62,0,0
30,91,91,0,0
31,24,24,0,0
32,279,279,0,0
33,125,125,0,0
34,186,186,0,0
35,276,276,0,0
36,51,51,0,0
37,53,53,0,0
38,220,220,0,0
39,123,123,0,0
40,116,116,0,0
41,6,6,0,0
42,144,144,0,0
43,208,208,0,0
44,50,50,0,0
45,148,148,0,0
46,121,121,0,0
47,34,34,0,0
48,253,253,0,0
49,52,52,0,0
50,83,83,0,0
51,132,132,0,0
52,27,27,0,0
53,5,5,0,0
54,26,26,1,1
55,233,233,1,1
56,10,10,0,0
57,69,69,0,0
58,203,203,1,1
59,127,127,0,0
60,223,223,1,1
61,82,82,0,0
62,35,35,0,0
63,244,244,0,0
64,266,266,0,0
65,21,21,0,0
66,155,155,0,0
67,218,218,1,1
