topic,year_of_abstract_version,pmid,criteria_chars,criteria_words,block_chars,block_words
CD012080,2018,29543326,348,53,762,112
CD012669,2018,30548249,471,69,1062,145
CD009044,2018,30075057,727,98,2386,339
CD011686,2017,29215711,348,48,680,95
CD008874,2018,29761867,734,99,1429,193
CD012567,2018,30298516,293,37,884,110
CD012768,2018,30148542,554,79,945,134
CD012233,2018,30109701,576,83,1090,147
CD012455,2018,29746721,556,81,977,144
CD012551,2018,29757454,159,20,471,55
CD010239,2018,29726010,307,41,771,103
CD010753,2018,29761479,388,55,620,85
CD012164,2019,30827037,192,28,492,69
CD009069,2018,29740819,151,20,522,67
CD009642,2018,29864216,401,57,848,114
CD004414,2018,29708265,261,34,746,103
CD011977,2018,29786830,204,25,543,69
CD011571,2019,30835819,274,33,543,66
CD012342,2018,29758592,826,115,1413,192
CD001261,2018,29851031,261,37,460,64
CD011768,2018,29775501,578,79,1035,138
CD007867,2018,29864793,239,31,999,132
CD010558,2018,29761488,936,122,1170,151
CD012069,2018,29744873,879,126,1266,175
CD010038,2018,29736980,471,62,869,112
CD006468,2018,29856471,272,38,549,76
CD000996,2018,29766487,218,31,659,90
CD011140,2018,29847689,122,18,457,67
CD012661,2018,30371961,430,66,808,120
CD011558,2017,29148566,232,39,812,121
CD011787,2017,28169420,349,49,989,130
