review,split,used_in_development_73,protocol_flag,criteria_question_flag,labels_match_flag,criteria_chars,criteria_words,block_chars,block_words,research_question_present
Abgaz_2023,test,False,1,1,1,973,139,1614,220,True
Adamo_2021,train,True,1,1,1,958,168,1469,244,True
Ali_2024,train,True,1,1,1,478,67,1035,146,True
Anmarkrud_2021,train,True,0,1,0,962,143,1829,264,True
Aouad_2024,train,True,0,1,1,972,139,1504,212,True
Appenzeller-Herzog_2019,train,True,0,1,1,1949,251,2298,298,True
Attai_2022,test,False,0,1,1,542,81,1619,241,True
Bakker-Jacobs_2022,train,True,1,1,1,1098,165,1494,223,True
Bech_2019,train,True,0,0,1,148,19,557,80,True
Bindoli_2024a,train,True,1,1,1,1088,132,1474,184,True
Bindoli_2024b,train,True,1,1,1,1086,132,1470,184,True
Boersma-van_Dam_2024,test,False,1,1,1,1768,256,2337,333,True
Bos_2018,test,False,0,1,1,1453,211,1910,270,True
Bosch_2021,test,False,0,1,1,533,74,1013,137,True
Bosch_2023,train,False,1,1,1,1956,261,2476,333,True
Brons_2024,train,True,0,1,1,1281,165,1814,233,True
Brouwer_2019,train,False,1,1,1,1629,252,2198,328,True
Burska_2023,train,False,0,1,1,789,112,1201,167,True
Butink_2023,train,False,1,1,0,787,104,1348,173,True
Chakraborty_2023,test,False,0,1,1,1308,202,1545,234,True
Chueca_2023,test,False,0,1,1,905,140,1695,251,True
Cinquin_2018,train,True,0,1,1,1023,146,1341,188,True
Clarinval_2021,train,True,1,1,1,364,54,717,102,True
Clark_2021,train,True,1,1,0,971,137,1389,190,True
Cozim-Melges_2024,train,True,0,1,1,706,105,1023,145,True
de_Matteis_2024a,train,True,1,1,1,632,88,1297,175,True
de_Matteis_2024b,train,True,0,1,1,272,39,882,117,True
Deckers_2022,train,True,0,1,1,2756,429,3194,490,True
Dolinska_2022,train,False,0,1,1,959,133,1367,186,True
Donners_2021,test,False,0,1,0,220,36,577,86,True
Dornauer_2023,train,True,1,1,1,839,137,1362,210,True
Eggmann_2023,test,False,1,1,1,862,107,1365,174,True
Endedijk_2021,train,True,1,1,0,632,95,1039,150,True
Farisogullari_2023,train,True,1,1,0,1900,240,2379,301,True
Fejza_2023,train,True,1,1,0,675,101,1186,170,True
Ferreira_2022,train,True,1,1,0,1815,250,2104,287,True
Filges_2018,train,True,1,1,0,382,57,740,108,True
Filges_2022,train,True,1,1,0,723,103,1188,171,True
Fong_2021,train,True,0,1,0,346,50,759,104,True
Giesen_2021,train,True,1,1,1,1031,153,1570,236,True
Greca_2023,train,True,0,1,1,1908,306,2363,375,True
Hall_2011,test,False,0,1,0,940,153,1233,195,True
Hamaker_2022,train,True,0,1,1,1858,274,2403,350,True
Hanlon_2022,train,True,1,1,1,1691,236,2536,357,True
Harms_2024,test,False,0,1,1,240,33,762,104,True
Hilfiker_2017,train,False,1,1,1,1092,149,1571,208,True
Kapuka_2021,train,True,0,1,1,265,33,794,106,True
Kerschbaumer_2022,train,False,0,1,1,933,122,1459,193,True
Kerschbaumer_2024a,train,True,1,1,1,1137,158,1648,223,True
Kerschbaumer_2024b,test,False,1,1,1,1178,155,1688,220,True
Lauper_2021,train,False,0,1,1,653,99,1159,163,True
Leenaars_2019,train,True,1,1,1,1276,188,1774,259,True
Leenaars_2020,train,True,1,1,0,449,72,874,129,True
Lewowski_2021,test,False,0,1,1,1529,254,2025,328,True
Low_2023,train,True,0,1,1,348,55,647,98,True
Maciel_2024,train,True,1,1,1,553,77,951,132,True
Marques_2021,train,True,0,1,1,2387,331,2946,400,True
Meijboom_2021,train,True,1,1,1,681,97,1217,165,True
Mejean_2024,train,True,0,1,1,571,86,861,123,True
Menon_2022,test,False,1,1,1,1174,180,1697,256,True
Mohamed_2023,train,False,1,1,0,799,121,1319,193,True
Monschau_2025,train,False,0,1,1,1223,156,1649,213,True
Moran_2020,test,False,1,1,1,1817,248,2308,308,True
Moseng_2024,train,False,0,1,0,482,71,985,134,True
Muthu_2020,train,True,0,1,0,653,97,1139,166,True
Nobrega-Dos_Santos_2023,train,True,1,1,1,607,86,947,135,True
Noetel_2021,train,True,0,1,0,2014,281,2318,323,True
Oliveira_2021,train,True,0,1,0,903,126,1406,193,True
Oud_2018,train,True,0,1,1,734,107,1530,205,True
Parodis_2023a,train,False,0,1,0,644,89,1364,181,True
Parodis_2023b,test,False,0,1,0,633,87,1353,179,True
Pijls_2017,train,True,0,1,1,335,44,646,86,True
Pijls_2018,train,True,0,1,0,348,58,646,101,True
Pinos-Cisneros_2023,train,True,1,1,1,1042,153,1452,210,True
Quevedo_2023,train,True,0,1,1,939,140,1458,223,True
Ramiro_2015,train,True,0,1,1,2368,302,2742,353,True
Rinne_2021,train,True,1,1,1,976,143,1460,209,True
Roberts_2021,test,False,0,1,0,623,92,1225,176,True
Ruggeri_2019,train,False,0,1,0,1211,176,1618,236,True
Sanchez-Acedo_2023,train,True,0,1,1,494,79,993,149,True
Sanchez-Alvarez_2023,train,False,0,1,1,516,72,1007,142,True
Sanchez-Gomez_2024,train,True,0,1,1,1054,151,1574,229,True
Santos_2018,train,True,0,1,0,1747,288,2086,337,True
Seghers_2022,test,False,1,1,1,925,136,1219,178,True
Sep_2021,train,True,1,1,1,806,117,1231,172,True
Sepriano_2020,train,True,0,1,0,1714,194,2240,267,True
Sepriano_2022,train,True,0,1,1,2229,272,2754,343,True
Smid_2019,train,True,0,1,1,1364,198,1823,259,True
Taschner_2024,train,True,1,1,0,1267,191,2100,305,True
Tektonidou_2019,train,True,0,1,1,450,66,885,121,True
Theobald_2021,test,False,0,1,0,2172,298,2755,377,True
Toffalini_2021,test,False,0,1,0,1931,280,2341,340,True
Tumkaya_2018,test,False,0,1,1,642,96,1101,156,True
van_Ballegooijen_2024,train,False,0,1,?,930,140,1234,179,True
van_de_Schoot_2025,train,False,0,1,1,385,61,1150,174,True
van_der_Valk_2021,train,True,1,1,0,479,67,1045,139,True
van_der_Waal_2022,test,False,0,1,1,986,145,1326,196,True
van_Dis_2019,train,False,1,1,1,1416,208,1784,252,True
van_Heugten_Breurkes_2022,train,True,0,1,1,1169,171,1528,219,True
van_Hoorn_2020,train,True,1,1,0,1828,272,2147,315,True
Verdugo-Castro_2022,train,True,0,1,0,484,77,858,135,True
Viguie_2020,train,True,1,1,1,904,137,1230,184,True
Walker_2018,test,False,1,1,0,1437,209,1968,281,True
Ward_2020,train,True,1,1,0,648,97,1006,146,True
Wassenaar_2017,train,True,1,1,0,1145,175,1543,229,True
Webers_2022,train,False,1,1,1,234,27,852,105,True
Wijnen_2024,train,True,0,1,1,314,45,638,89,True
Williamson_2023,train,True,0,1,1,740,123,1162,188,True
Wolters_2018,train,True,0,1,1,1289,184,1575,226,True
Xu_2022,train,True,0,1,1,1806,250,2287,315,True
Zakeri-Nasrabadi_2023a,train,True,0,1,1,927,149,1985,314,True
Zakeri-Nasrabadi_2023b,train,True,0,1,1,1812,283,2703,410,True
Zanframundo_2022,train,True,0,1,1,507,59,772,95,True
Zinsser_2022,train,True,0,1,0,562,86,1258,183,True
