table,table_key,analysis,result_file_key,label,n,n_zero,float_diffs_set_to_zero_(<=1e-12),mean_diff,stored_mean_diff,p_stored,p_printed,p_default_recomputed,default_equals_stored_1e-12,default_equals_printed,wilcoxon_default_method,p_pratt,p_signflip,signflip_method,already_among_383,covered_by,sig05_default,sig05_pratt,sig05_signflip,conclusion_at_0.05_changes
Supplementary Table 25,knee1000,33,AN-0001-02/results.json summaries|heldout|N<1000|paired_threshold_vs_knee150_asr|work|wilcoxon_p,heldout|N<1000|paired_threshold_vs_knee150_asr|work,13,0,0,-0.40127244595357614,-0.40127244595357614,0.000244140625,0.00024,0.000244140625,True,True,exact,0.000244140625,0.000244140625,exact enumeration of 2^13 sign patterns,False,,True,True,True,False
Supplementary Table 25,knee1000,33,AN-0001-02/results.json summaries|heldout|N<1000|paired_threshold_vs_knee1000_asr|work|wilcoxon_p,heldout|N<1000|paired_threshold_vs_knee1000_asr|work,13,0,0,-0.4204551468571782,-0.4204551468571782,0.000244140625,0.00024,0.000244140625,True,True,exact,0.000244140625,0.000244140625,exact enumeration of 2^13 sign patterns,False,,True,True,True,False
Supplementary Table 25,knee1000,33,AN-0001-02/results.json summaries|heldout|N<1000|paired_knee1000_minus_knee150_asr|work|wilcoxon_p,heldout|N<1000|paired_knee1000_minus_knee150_asr|work,13,11,0,0.019182700903602037,0.01918270090360203,0.5,0.500,0.5,True,True,exact (permutation; zero or tied differences),0.5,0.5,exact enumeration of 2^2 sign patterns,False,,False,False,False,False
Supplementary Table 25,knee1000,33,AN-0001-02/results.json summaries|heldout|N>=1000|paired_threshold_vs_knee150_asr|work|wilcoxon_p,heldout|N>=1000|paired_threshold_vs_knee150_asr|work,10,0,0,-0.2858422057551162,-0.2858422057551161,0.01953125,0.020,0.01953125,True,True,exact,0.01953125,0.021484375,exact enumeration of 2^10 sign patterns,False,,True,True,True,False
Supplementary Table 25,knee1000,33,AN-0001-02/results.json summaries|heldout|N>=1000|paired_threshold_vs_knee1000_asr|work|wilcoxon_p,heldout|N>=1000|paired_threshold_vs_knee1000_asr|work,10,0,0,-0.3384002250954135,-0.3384002250954135,0.001953125,0.0020,0.001953125,True,True,exact,0.001953125,0.001953125,exact enumeration of 2^10 sign patterns,False,,True,True,True,False
Supplementary Table 25,knee1000,33,AN-0001-02/results.json summaries|heldout|N>=1000|paired_knee1000_minus_knee150_asr|work|wilcoxon_p,heldout|N>=1000|paired_knee1000_minus_knee150_asr|work,10,7,0,0.05255801934029732,0.05255801934029732,0.25,0.250,0.25,True,True,exact (permutation; zero or tied differences),0.25,0.25,exact enumeration of 2^3 sign patterns,False,,False,False,False,False
Supplementary Table 25,knee1000,33,AN-0001-02/results.json summaries|heldout|N<=2000|paired_threshold_vs_knee150_asr|work|wilcoxon_p,heldout|N<=2000|paired_threshold_vs_knee150_asr|work,20,0,0,-0.3819099134912422,-0.3819099134912422,1.9073486328125e-06,<0.0001,1.9073486328125e-06,True,True,exact,1.9073486328125e-06,1.9073486328125e-06,exact enumeration of 2^20 sign patterns,False,,True,True,True,False
Supplementary Table 25,knee1000,33,AN-0001-02/results.json summaries|heldout|N<=2000|paired_threshold_vs_knee1000_asr|work|wilcoxon_p,heldout|N<=2000|paired_threshold_vs_knee1000_asr|work,20,0,0,-0.3987050939490499,-0.3987050939490499,1.9073486328125e-06,<0.0001,1.9073486328125e-06,True,True,exact,1.9073486328125e-06,1.9073486328125e-06,exact enumeration of 2^20 sign patterns,False,,True,True,True,False
Supplementary Table 25,knee1000,33,AN-0001-02/results.json summaries|heldout|N<=2000|paired_knee1000_minus_knee150_asr|work|wilcoxon_p,heldout|N<=2000|paired_knee1000_minus_knee150_asr|work,20,17,0,0.016795180457807646,0.01679518045780764,0.10880943004054568,0.109,0.10880943004054568,True,True,asymptotic,0.08354924463879093,0.25,exact enumeration of 2^3 sign patterns,False,,False,False,False,False
Supplementary Table 25,knee1000,33,AN-0001-02/results.json summaries|heldout|N>2000|paired_threshold_vs_knee150_asr|work|wilcoxon_p,heldout|N>2000|paired_threshold_vs_knee150_asr|work,3,0,0,-0.14558852837426903,-0.14558852837426897,0.75,0.750,0.75,True,True,exact,0.75,0.75,exact enumeration of 2^3 sign patterns,False,,False,False,False,False
Supplementary Table 25,knee1000,33,AN-0001-02/results.json summaries|heldout|N>2000|paired_threshold_vs_knee1000_asr|work|wilcoxon_p,heldout|N>2000|paired_threshold_vs_knee1000_asr|work,3,0,0,-0.29193909370548465,-0.2919390937054846,0.25,0.250,0.25,True,True,exact,0.25,0.25,exact enumeration of 2^3 sign patterns,False,,False,False,False,False
Supplementary Table 25,knee1000,33,AN-0001-02/results.json summaries|heldout|N>2000|paired_knee1000_minus_knee150_asr|work|wilcoxon_p,heldout|N>2000|paired_knee1000_minus_knee150_asr|work,3,1,0,0.1463505653312156,0.1463505653312156,0.5,0.500,0.5,True,True,exact (permutation; zero or tied differences),0.5,0.5,exact enumeration of 2^2 sign patterns,False,,False,False,False,False
Supplementary Table 25,knee1000,33,AN-0001-02/results.json summaries|clef|N<1000|paired_threshold_vs_knee150_asr|work|wilcoxon_p,clef|N<1000|paired_threshold_vs_knee150_asr|work,11,0,0,-0.4771703510996171,-0.47717035109961703,0.0009765625,0.00098,0.0009765625,True,True,exact,0.0009765625,0.0009765625,exact enumeration of 2^11 sign patterns,False,,True,True,True,False
Supplementary Table 25,knee1000,33,AN-0001-02/results.json summaries|clef|N<1000|paired_threshold_vs_knee1000_asr|work|wilcoxon_p,clef|N<1000|paired_threshold_vs_knee1000_asr|work,11,0,0,-0.5215344219831745,-0.5215344219831745,0.0009765625,0.00098,0.0009765625,True,True,exact,0.0009765625,0.0009765625,exact enumeration of 2^11 sign patterns,False,,True,True,True,False
Supplementary Table 25,knee1000,33,AN-0001-02/results.json summaries|clef|N<1000|paired_knee1000_minus_knee150_asr|work|wilcoxon_p,clef|N<1000|paired_knee1000_minus_knee150_asr|work,11,8,0,0.04436407088355736,0.044364070883557365,0.25,0.250,0.25,True,True,exact (permutation; zero or tied differences),0.25,0.25,exact enumeration of 2^3 sign patterns,False,,False,False,False,False
Supplementary Table 25,knee1000,33,AN-0001-02/results.json summaries|clef|N>=1000|paired_threshold_vs_knee150_asr|work|wilcoxon_p,clef|N>=1000|paired_threshold_vs_knee150_asr|work,17,0,0,-0.29912690575123024,-0.29912690575123024,0.0008392333984375,0.00084,0.0008392333984375,True,True,exact,0.0008392333984375,0.00079345703125,exact enumeration of 2^17 sign patterns,False,,True,True,True,False
Supplementary Table 25,knee1000,33,AN-0001-02/results.json summaries|clef|N>=1000|paired_threshold_vs_knee1000_asr|work|wilcoxon_p,clef|N>=1000|paired_threshold_vs_knee1000_asr|work,17,0,0,-0.3735588918083756,-0.3735588918083756,0.000213623046875,0.00021,0.000213623046875,True,True,exact,0.000213623046875,0.0002288818359375,exact enumeration of 2^17 sign patterns,False,,True,True,True,False
Supplementary Table 25,knee1000,33,AN-0001-02/results.json summaries|clef|N>=1000|paired_knee1000_minus_knee150_asr|work|wilcoxon_p,clef|N>=1000|paired_knee1000_minus_knee150_asr|work,17,6,0,0.07443198605714532,0.07443198605714534,0.012792160247732852,0.013,0.012792160247732852,True,True,asymptotic,0.017263148284304343,0.0068359375,exact enumeration of 2^11 sign patterns,False,,True,True,True,False
Supplementary Table 25,knee1000,33,AN-0001-02/results.json summaries|clef|N<=2000|paired_threshold_vs_knee150_asr|work|wilcoxon_p,clef|N<=2000|paired_threshold_vs_knee150_asr|work,15,0,0,-0.4673647239450038,-0.4673647239450037,6.103515625e-05,<0.0001,6.103515625e-05,True,True,exact,6.103515625e-05,6.103515625e-05,exact enumeration of 2^15 sign patterns,False,,True,True,True,False
Supplementary Table 25,knee1000,33,AN-0001-02/results.json summaries|clef|N<=2000|paired_threshold_vs_knee1000_asr|work|wilcoxon_p,clef|N<=2000|paired_threshold_vs_knee1000_asr|work,15,0,0,-0.5199729216266736,-0.5199729216266736,6.103515625e-05,<0.0001,6.103515625e-05,True,True,exact,6.103515625e-05,6.103515625e-05,exact enumeration of 2^15 sign patterns,False,,True,True,True,False
Supplementary Table 25,knee1000,33,AN-0001-02/results.json summaries|clef|N<=2000|paired_knee1000_minus_knee150_asr|work|wilcoxon_p,clef|N<=2000|paired_knee1000_minus_knee150_asr|work,15,10,0,0.052608197681669876,0.05260819768166988,0.043114446783075355,0.043,0.043114446783075355,True,True,asymptotic,0.026218962891761798,0.0625,exact enumeration of 2^5 sign patterns,False,,True,True,False,True
Supplementary Table 25,knee1000,33,AN-0001-02/results.json summaries|clef|N>2000|paired_threshold_vs_knee150_asr|work|wilcoxon_p,clef|N>2000|paired_threshold_vs_knee150_asr|work,13,0,0,-0.2556584923608958,-0.2556584923608958,0.008056640625,0.0081,0.008056640625,True,True,exact,0.008056640625,0.008544921875,exact enumeration of 2^13 sign patterns,False,,True,True,True,False
Supplementary Table 25,knee1000,33,AN-0001-02/results.json summaries|clef|N>2000|paired_threshold_vs_knee1000_asr|work|wilcoxon_p,clef|N>2000|paired_threshold_vs_knee1000_asr|work,13,0,0,-0.32982969062747686,-0.3298296906274768,0.00341796875,0.0034,0.00341796875,True,True,exact,0.00341796875,0.00341796875,exact enumeration of 2^13 sign patterns,False,,True,True,True,False
Supplementary Table 25,knee1000,33,AN-0001-02/results.json summaries|clef|N>2000|paired_knee1000_minus_knee150_asr|work|wilcoxon_p,clef|N>2000|paired_knee1000_minus_knee150_asr|work,13,4,0,0.07417119826658104,0.07417119826658104,0.0390625,0.039,0.0390625,True,True,exact (permutation; zero or tied differences),0.0546875,0.02734375,exact enumeration of 2^9 sign patterns,False,,True,False,True,True
Supplementary Table 22,hybrid_seeds,34,AN-0001-03/results.json collections|clef|comparisons|hybrid10_minus_jevonly.rec@10|wilcoxon_p,clef|hybrid10_minus_jevonly|rec@10,28,17,0,0.016378292068302845,0.01637829206830285,0.016368539230025455,0.016,0.016368539230025455,True,True,asymptotic,0.007181432869003254,0.0068359375,exact enumeration of 2^11 sign patterns,False,,True,True,True,False
Supplementary Table 23,tnr95,35,AN-0001-04/results.json collections|heldout|comparisons|hybrid_minus_asreview|wilcoxon_p,heldout|tnr95|hybrid_minus_asreview,23,0,0,0.15464601041076836,0.1546460104107683,1.6689300537109375e-06,<0.0001,1.6689300537109375e-06,True,True,exact,1.6689300537109375e-06,9.99990000099999e-06,"Monte Carlo, 100000 random sign flips, seed 20260928",False,,True,True,True,False
Supplementary Table 23,tnr95,35,AN-0001-04/results.json collections|heldout|comparisons|jev_minus_asreview|wilcoxon_p,heldout|tnr95|jev_minus_asreview,23,0,0,0.13501366328246342,0.1350136632824634,0.00047516822814941406,0.00048,0.00047516822814941406,True,True,exact,0.00047516822814941406,0.0004099959000409996,"Monte Carlo, 100000 random sign flips, seed 20260928",False,,True,True,True,False
Supplementary Table 23,tnr95,35,AN-0001-04/results.json collections|heldout|comparisons|hybrid_minus_jev|wilcoxon_p,heldout|tnr95|hybrid_minus_jev,23,3,0,0.019632347128304924,0.019632347128304927,0.02509350819808047,0.025,0.02509350819808047,True,True,asymptotic,0.017491208039056412,0.04643821716308594,exact enumeration of 2^20 sign patterns,False,,True,True,True,False
Supplementary Table 23,tnr95,35,AN-0001-04/results.json collections|heldout|comparisons|jev_minus_bge|wilcoxon_p,heldout|tnr95|jev_minus_bge,23,0,0,0.3154117660474103,0.31541176604741017,2.384185791015625e-07,<0.0001,2.384185791015625e-07,True,True,exact,2.384185791015625e-07,9.99990000099999e-06,"Monte Carlo, 100000 random sign flips, seed 20260928",False,,True,True,True,False
Supplementary Table 23,tnr95,35,AN-0001-04/results.json collections|clef|comparisons|hybrid_minus_asreview|wilcoxon_p,clef|tnr95|hybrid_minus_asreview,28,0,0,0.04534180506099455,0.04534180506099457,0.00015273690223693848,0.00015,0.00015273690223693848,True,True,exact,0.00015273690223693848,0.006859931400685993,"Monte Carlo, 100000 random sign flips, seed 20260928",False,,True,True,True,False
Supplementary Table 23,tnr95,35,AN-0001-04/results.json collections|clef|comparisons|jev_minus_asreview|wilcoxon_p,clef|tnr95|jev_minus_asreview,28,0,0,0.01879530796016265,0.01879530796016264,0.029833190143108368,0.030,0.029833190143108368,True,True,exact,0.029833190143108368,0.3866861331386686,"Monte Carlo, 100000 random sign flips, seed 20260928",False,,True,True,False,True
Supplementary Table 23,tnr95,35,AN-0001-04/results.json collections|clef|comparisons|hybrid_minus_jev|wilcoxon_p,clef|tnr95|hybrid_minus_jev,28,2,0,0.026546497100831904,0.02654649710083193,0.0033519996218643183,0.0034,0.0033519996218643183,True,True,asymptotic,0.0042532687878293705,0.000989990100098999,"Monte Carlo, 100000 random sign flips, seed 20260928",False,,True,True,True,False
Supplementary Table 23,tnr95,35,AN-0001-04/results.json collections|clef|comparisons|jev_minus_bge|wilcoxon_p,clef|tnr95|jev_minus_bge,28,0,0,0.15303153530672411,0.1530315353067241,1.1049211025238037e-05,<0.0001,1.1049211025238037e-05,True,True,exact,1.1049211025238037e-05,0.00014999850001499985,"Monte Carlo, 100000 random sign flips, seed 20260928",False,,True,True,True,False
Supplementary Table 11,medcpt,44,AN-0001-13/results.json sets|heldout_final|comparisons|auc_medcpt_minus_bge|wilcoxon_p,heldout_final|auc_medcpt_minus_bge,23,0,0,-0.12180833944176317,-0.1218083394417632,0.0016598701477050781,0.0017,0.0016598701477050781,True,True,exact,0.0016598701477050781,0.0008499915000849992,"Monte Carlo, 100000 random sign flips, seed 20260928",False,,True,True,True,False
Supplementary Table 11,medcpt,44,AN-0001-13/results.json sets|heldout_final|comparisons|auc_jev_minus_medcpt|wilcoxon_p,heldout_final|auc_jev_minus_medcpt,23,0,0,0.2568820987730374,0.2568820987730374,2.384185791015625e-07,<0.0001,2.384185791015625e-07,True,True,exact,2.384185791015625e-07,9.99990000099999e-06,"Monte Carlo, 100000 random sign flips, seed 20260928",False,,True,True,True,False
Supplementary Table 11,medcpt,44,AN-0001-13/results.json sets|clef_content|comparisons|auc_medcpt_minus_bge|wilcoxon_p,clef_content|auc_medcpt_minus_bge,28,0,0,-0.11665041340521379,-0.11665041340521379,1.8849968910217285e-06,<0.0001,1.8849968910217285e-06,True,True,exact,1.8849968910217285e-06,9.99990000099999e-06,"Monte Carlo, 100000 random sign flips, seed 20260928",False,,True,True,True,False
Supplementary Table 11,medcpt,44,AN-0001-13/results.json sets|clef_content|comparisons|auc_jev_minus_medcpt|wilcoxon_p,clef_content|auc_jev_minus_medcpt,28,0,0,0.18633453663071534,0.18633453663071534,1.4901161193847656e-08,<0.0001,1.4901161193847656e-08,True,True,exact,1.4901161193847656e-08,9.99990000099999e-06,"Monte Carlo, 100000 random sign flips, seed 20260928",False,,True,True,True,False
Supplementary Table 11,medcpt,44,AN-0001-13/results.json sets|clef_ta|comparisons|auc_medcpt_minus_bge|wilcoxon_p,clef_ta|auc_medcpt_minus_bge,31,0,0,-0.1329214593497855,-0.13292145934978553,9.313225746154785e-10,<0.0001,9.313225746154785e-10,True,True,exact,9.313225746154785e-10,9.99990000099999e-06,"Monte Carlo, 100000 random sign flips, seed 20260928",False,,True,True,True,False
Supplementary Table 11,medcpt,44,AN-0001-13/results.json sets|clef_ta|comparisons|auc_jev_minus_medcpt|wilcoxon_p,clef_ta|auc_jev_minus_medcpt,31,0,0,0.2112795508505801,0.21127955085058014,9.313225746154785e-10,<0.0001,9.313225746154785e-10,True,True,exact,9.313225746154785e-10,9.99990000099999e-06,"Monte Carlo, 100000 random sign flips, seed 20260928",False,,True,True,True,False
Supplementary Table 11,medcpt,44,AN-0001-13/results.json sets|heldout_final|by_domain|biomedical|auc_medcpt_minus_bge|wilcoxon_p,heldout_final|biomedical|auc_medcpt_minus_bge,10,0,0,-0.20677276488136148,-0.20677276488136154,0.005859375,0.0059,0.005859375,True,True,exact,0.005859375,0.005859375,exact enumeration of 2^10 sign patterns,False,,True,True,True,False
Supplementary Table 11,medcpt,44,AN-0001-13/results.json sets|heldout_final|by_domain|biomedical|auc_jev_minus_medcpt|wilcoxon_p,heldout_final|biomedical|auc_jev_minus_medcpt,10,0,0,0.3245459439103375,0.3245459439103375,0.001953125,0.0020,0.001953125,True,True,exact,0.001953125,0.001953125,exact enumeration of 2^10 sign patterns,False,,True,True,True,False
Supplementary Table 11,medcpt,44,AN-0001-13/results.json sets|heldout_final|by_domain|other|auc_medcpt_minus_bge|wilcoxon_p,heldout_final|other|auc_medcpt_minus_bge,13,0,0,-0.05645108910361064,-0.05645108910361064,0.167724609375,0.168,0.167724609375,True,True,exact,0.167724609375,0.1083984375,exact enumeration of 2^13 sign patterns,False,,False,False,False,False
Supplementary Table 11,medcpt,44,AN-0001-13/results.json sets|heldout_final|by_domain|other|auc_jev_minus_medcpt|wilcoxon_p,heldout_final|other|auc_jev_minus_medcpt,13,0,0,0.20483298712896048,0.20483298712896045,0.000244140625,0.00024,0.000244140625,True,True,exact,0.000244140625,0.000244140625,exact enumeration of 2^13 sign patterns,False,,True,True,True,False
