collection,review,seed,N,n1,k95,k100,wss95,wss100,rec@10,rec@20,rec@30,knee_k,knee_work,knee_rec,stat_k,stat_work,stat_rec,target_work,target_rec,atd
heldout,Abgaz_2023,0,288,11,22,22,0.8736111111111111,0.9236111111111112,1.0,1.0,1.0,288,1.0,1.0,275,0.9548611111111112,1.0,0.8090277777777778,1.0,0.043876262626262624
heldout,Abgaz_2023,1,288,11,22,22,0.8736111111111111,0.9236111111111112,1.0,1.0,1.0,288,1.0,1.0,275,0.9548611111111112,1.0,0.6909722222222222,1.0,0.043876262626262624
heldout,Abgaz_2023,2,288,11,22,22,0.8736111111111111,0.9236111111111112,1.0,1.0,1.0,288,1.0,1.0,275,0.9548611111111112,1.0,0.9444444444444444,1.0,0.043876262626262624
heldout,Abgaz_2023,3,288,11,22,22,0.8736111111111111,0.9236111111111112,1.0,1.0,1.0,288,1.0,1.0,275,0.9548611111111112,1.0,0.90625,1.0,0.043876262626262624
heldout,Abgaz_2023,4,288,11,22,22,0.8736111111111111,0.9236111111111112,1.0,1.0,1.0,288,1.0,1.0,275,0.9548611111111112,1.0,0.9027777777777778,1.0,0.043876262626262624
heldout,Abgaz_2023,5,288,11,22,22,0.8736111111111111,0.9236111111111112,1.0,1.0,1.0,288,1.0,1.0,275,0.9548611111111112,1.0,0.78125,1.0,0.043876262626262624
heldout,Abgaz_2023,6,288,11,22,22,0.8736111111111111,0.9236111111111112,1.0,1.0,1.0,288,1.0,1.0,275,0.9548611111111112,1.0,0.9548611111111112,1.0,0.043876262626262624
heldout,Abgaz_2023,7,288,11,22,22,0.8736111111111111,0.9236111111111112,1.0,1.0,1.0,288,1.0,1.0,275,0.9548611111111112,1.0,0.9166666666666666,1.0,0.043876262626262624
heldout,Abgaz_2023,8,288,11,22,22,0.8736111111111111,0.9236111111111112,1.0,1.0,1.0,288,1.0,1.0,275,0.9548611111111112,1.0,0.9375,0.9090909090909091,0.043876262626262624
heldout,Abgaz_2023,9,288,11,22,22,0.8736111111111111,0.9236111111111112,1.0,1.0,1.0,288,1.0,1.0,275,0.9548611111111112,1.0,0.9791666666666666,1.0,0.043876262626262624
heldout,Attai_2022,0,1726,135,441,908,0.6944959443800696,0.473928157589803,0.6296296296296297,0.8962962962962963,0.9851851851851852,1213,0.7027809965237544,1.0,1111,0.6436848203939745,1.0,0.34414831981460026,0.9777777777777777,0.09898716793270675
heldout,Attai_2022,1,1726,135,441,908,0.6944959443800696,0.473928157589803,0.6296296296296297,0.8962962962962963,0.9851851851851852,1213,0.7027809965237544,1.0,1111,0.6436848203939745,1.0,0.3174971031286211,0.9703703703703703,0.09898716793270675
heldout,Attai_2022,2,1726,135,441,908,0.6944959443800696,0.473928157589803,0.6296296296296297,0.8962962962962963,0.9851851851851852,1213,0.7027809965237544,1.0,1111,0.6436848203939745,1.0,0.28563151796060254,0.9259259259259259,0.09945925067593665
heldout,Attai_2022,3,1726,135,441,908,0.6944959443800696,0.473928157589803,0.6296296296296297,0.8962962962962963,0.9851851851851852,1213,0.7027809965237544,1.0,1111,0.6436848203939745,1.0,0.3238702201622248,0.9703703703703703,0.09943350070812412
heldout,Attai_2022,4,1726,135,441,908,0.6944959443800696,0.473928157589803,0.6296296296296297,0.8962962962962963,0.9851851851851852,1213,0.7027809965237544,1.0,1111,0.6436848203939745,1.0,0.5596755504055619,1.0,0.09898716793270675
heldout,Attai_2022,5,1726,135,441,908,0.6944959443800696,0.473928157589803,0.6296296296296297,0.8962962962962963,0.9851851851851852,1213,0.7027809965237544,1.0,1111,0.6436848203939745,1.0,0.294901506373117,0.9481481481481482,0.09945925067593665
heldout,Attai_2022,6,1726,135,441,908,0.6944959443800696,0.473928157589803,0.6296296296296297,0.8962962962962963,0.9851851851851852,1213,0.7027809965237544,1.0,1111,0.6436848203939745,1.0,0.30533024333719583,0.9407407407407408,0.09824041886614308
heldout,Attai_2022,7,1726,135,441,908,0.6944959443800696,0.473928157589803,0.6296296296296297,0.8962962962962963,0.9851851851851852,1213,0.7027809965237544,1.0,1111,0.6436848203939745,1.0,0.5585168018539977,1.0,0.09899145959400885
heldout,Attai_2022,8,1726,135,441,908,0.6944959443800696,0.473928157589803,0.6296296296296297,0.8962962962962963,0.9851851851851852,1213,0.7027809965237544,1.0,1111,0.6436848203939745,1.0,0.33603707995365006,0.9851851851851852,0.09944637569203038
heldout,Attai_2022,9,1726,135,441,908,0.6944959443800696,0.473928157589803,0.6296296296296297,0.8962962962962963,0.9851851851851852,1213,0.7027809965237544,1.0,1111,0.6436848203939745,1.0,0.24855156431054462,0.7777777777777778,0.09944637569203038
heldout,Boersma-van_Dam_2024,0,578,24,79,128,0.8133217993079584,0.7785467128027682,0.7916666666666666,0.9583333333333334,1.0,578,1.0,1.0,477,0.8252595155709342,1.0,0.5449826989619377,1.0,0.06026528258362169
heldout,Boersma-van_Dam_2024,1,578,24,79,128,0.8133217993079584,0.7785467128027682,0.7916666666666666,0.9583333333333334,1.0,578,1.0,1.0,477,0.8252595155709342,1.0,0.6193771626297578,0.9583333333333334,0.06026528258362169
heldout,Boersma-van_Dam_2024,2,578,24,79,128,0.8133217993079584,0.7785467128027682,0.7916666666666666,0.9583333333333334,1.0,578,1.0,1.0,477,0.8252595155709342,1.0,0.5,1.0,0.06019319492502883
heldout,Boersma-van_Dam_2024,3,578,24,79,128,0.8133217993079584,0.7785467128027682,0.7916666666666666,0.9583333333333334,1.0,578,1.0,1.0,477,0.8252595155709342,1.0,0.5536332179930796,0.9166666666666666,0.06019319492502883
heldout,Boersma-van_Dam_2024,4,578,24,79,128,0.8133217993079584,0.7785467128027682,0.7916666666666666,0.9583333333333334,1.0,578,1.0,1.0,477,0.8252595155709342,1.0,0.4083044982698962,0.9166666666666666,0.06026528258362169
heldout,Boersma-van_Dam_2024,5,578,24,79,128,0.8133217993079584,0.7785467128027682,0.7916666666666666,0.9583333333333334,1.0,578,1.0,1.0,477,0.8252595155709342,1.0,0.47750865051903113,0.9583333333333334,0.06026528258362169
heldout,Boersma-van_Dam_2024,6,578,24,79,128,0.8133217993079584,0.7785467128027682,0.7916666666666666,0.9583333333333334,1.0,578,1.0,1.0,477,0.8252595155709342,1.0,0.5916955017301038,0.9583333333333334,0.06026528258362169
heldout,Boersma-van_Dam_2024,7,578,24,79,128,0.8133217993079584,0.7785467128027682,0.7916666666666666,0.9583333333333334,1.0,578,1.0,1.0,477,0.8252595155709342,1.0,0.5674740484429066,1.0,0.06026528258362169
heldout,Boersma-van_Dam_2024,8,578,24,79,128,0.8133217993079584,0.7785467128027682,0.7916666666666666,0.9583333333333334,1.0,578,1.0,1.0,477,0.8252595155709342,1.0,0.35121107266435986,0.9166666666666666,0.06026528258362169
heldout,Boersma-van_Dam_2024,9,578,24,79,128,0.8133217993079584,0.7785467128027682,0.7916666666666666,0.9583333333333334,1.0,578,1.0,1.0,477,0.8252595155709342,1.0,0.4982698961937716,0.9166666666666666,0.06026528258362169
heldout,Bos_2018,0,2241,6,54,54,0.9259036144578313,0.9759036144578314,1.0,1.0,1.0,1404,0.6265060240963856,1.0,2132,0.9513609995537706,1.0,1.0,1.0,0.006693440428380187
heldout,Bos_2018,1,2241,6,54,54,0.9259036144578313,0.9759036144578314,1.0,1.0,1.0,1404,0.6265060240963856,1.0,2132,0.9513609995537706,1.0,1.0,1.0,0.006693440428380187
heldout,Bos_2018,2,2241,6,54,54,0.9259036144578313,0.9759036144578314,1.0,1.0,1.0,1404,0.6265060240963856,1.0,2132,0.9513609995537706,1.0,1.0,1.0,0.006693440428380187
heldout,Bos_2018,3,2241,6,54,54,0.9259036144578313,0.9759036144578314,1.0,1.0,1.0,1404,0.6265060240963856,1.0,2132,0.9513609995537706,1.0,1.0,1.0,0.006693440428380187
heldout,Bos_2018,4,2241,6,54,54,0.9259036144578313,0.9759036144578314,1.0,1.0,1.0,1404,0.6265060240963856,1.0,2132,0.9513609995537706,1.0,1.0,1.0,0.006693440428380187
heldout,Bos_2018,5,2241,6,54,54,0.9259036144578313,0.9759036144578314,1.0,1.0,1.0,1404,0.6265060240963856,1.0,2132,0.9513609995537706,1.0,1.0,1.0,0.006693440428380187
heldout,Bos_2018,6,2241,6,54,54,0.9259036144578313,0.9759036144578314,1.0,1.0,1.0,1404,0.6265060240963856,1.0,2132,0.9513609995537706,1.0,1.0,1.0,0.006693440428380187
heldout,Bos_2018,7,2241,6,54,54,0.9259036144578313,0.9759036144578314,1.0,1.0,1.0,1404,0.6265060240963856,1.0,2132,0.9513609995537706,1.0,1.0,1.0,0.006693440428380187
heldout,Bos_2018,8,2241,6,54,54,0.9259036144578313,0.9759036144578314,1.0,1.0,1.0,1404,0.6265060240963856,1.0,2132,0.9513609995537706,1.0,1.0,1.0,0.006693440428380187
heldout,Bos_2018,9,2241,6,54,54,0.9259036144578313,0.9759036144578314,1.0,1.0,1.0,1404,0.6265060240963856,1.0,2132,0.9513609995537706,1.0,1.0,1.0,0.006693440428380187
heldout,Bosch_2021,0,1716,22,103,195,0.88997668997669,0.8863636363636364,0.9545454545454546,1.0,1.0,1418,0.8263403263403264,1.0,1376,0.8018648018648019,1.0,0.4813519813519814,0.9545454545454546,0.028077982623437168
heldout,Bosch_2021,1,1716,22,103,195,0.88997668997669,0.8863636363636364,0.9545454545454546,1.0,1.0,1418,0.8263403263403264,1.0,1376,0.8018648018648019,1.0,0.3304195804195804,0.9090909090909091,0.027945539309175673
heldout,Bosch_2021,2,1716,22,103,195,0.88997668997669,0.8863636363636364,0.9545454545454546,1.0,1.0,1418,0.8263403263403264,1.0,1376,0.8018648018648019,1.0,0.41083916083916083,0.9090909090909091,0.027945539309175673
heldout,Bosch_2021,3,1716,22,103,195,0.88997668997669,0.8863636363636364,0.9545454545454546,1.0,1.0,1418,0.8263403263403264,1.0,1376,0.8018648018648019,1.0,0.6101398601398601,1.0,0.028077982623437168
heldout,Bosch_2021,4,1716,22,103,195,0.88997668997669,0.8863636363636364,0.9545454545454546,1.0,1.0,1418,0.8263403263403264,1.0,1376,0.8018648018648019,1.0,0.30186480186480186,1.0,0.027945539309175673
heldout,Bosch_2021,5,1716,22,103,195,0.88997668997669,0.8863636363636364,0.9545454545454546,1.0,1.0,1418,0.8263403263403264,1.0,1376,0.8018648018648019,1.0,0.3997668997668998,1.0,0.027945539309175673
heldout,Bosch_2021,6,1716,22,103,195,0.88997668997669,0.8863636363636364,0.9545454545454546,1.0,1.0,1418,0.8263403263403264,1.0,1376,0.8018648018648019,1.0,0.5046620046620046,0.9545454545454546,0.028077982623437168
heldout,Bosch_2021,7,1716,22,103,195,0.88997668997669,0.8863636363636364,0.9545454545454546,1.0,1.0,1418,0.8263403263403264,1.0,1376,0.8018648018648019,1.0,0.34965034965034963,0.7727272727272727,0.028077982623437168
heldout,Bosch_2021,8,1716,22,103,195,0.88997668997669,0.8863636363636364,0.9545454545454546,1.0,1.0,1418,0.8263403263403264,1.0,1376,0.8018648018648019,1.0,0.49533799533799533,1.0,0.028077982623437168
heldout,Bosch_2021,9,1716,22,103,195,0.88997668997669,0.8863636363636364,0.9545454545454546,1.0,1.0,1418,0.8263403263403264,1.0,1376,0.8018648018648019,1.0,0.4522144522144522,0.9090909090909091,0.028077982623437168
heldout,Chakraborty_2023,0,2233,7,76,76,0.9159650694133453,0.9659650694133453,1.0,1.0,1.0,1694,0.7586206896551724,1.0,2126,0.9520824003582624,1.0,1.0,1.0,0.015865907491523255
heldout,Chakraborty_2023,1,2233,7,76,76,0.9159650694133453,0.9659650694133453,1.0,1.0,1.0,1694,0.7586206896551724,1.0,2126,0.9520824003582624,1.0,1.0,1.0,0.015865907491523255
heldout,Chakraborty_2023,2,2233,7,76,76,0.9159650694133453,0.9659650694133453,1.0,1.0,1.0,1694,0.7586206896551724,1.0,2126,0.9520824003582624,1.0,1.0,1.0,0.015865907491523255
heldout,Chakraborty_2023,3,2233,7,76,76,0.9159650694133453,0.9659650694133453,1.0,1.0,1.0,1694,0.7586206896551724,1.0,2126,0.9520824003582624,1.0,1.0,1.0,0.015865907491523255
heldout,Chakraborty_2023,4,2233,7,76,76,0.9159650694133453,0.9659650694133453,1.0,1.0,1.0,1694,0.7586206896551724,1.0,2126,0.9520824003582624,1.0,1.0,1.0,0.015865907491523255
heldout,Chakraborty_2023,5,2233,7,76,76,0.9159650694133453,0.9659650694133453,1.0,1.0,1.0,1694,0.7586206896551724,1.0,2126,0.9520824003582624,1.0,1.0,1.0,0.015865907491523255
heldout,Chakraborty_2023,6,2233,7,76,76,0.9159650694133453,0.9659650694133453,1.0,1.0,1.0,1694,0.7586206896551724,1.0,2126,0.9520824003582624,1.0,1.0,1.0,0.015865907491523255
heldout,Chakraborty_2023,7,2233,7,76,76,0.9159650694133453,0.9659650694133453,1.0,1.0,1.0,1694,0.7586206896551724,1.0,2126,0.9520824003582624,1.0,1.0,1.0,0.015865907491523255
heldout,Chakraborty_2023,8,2233,7,76,76,0.9159650694133453,0.9659650694133453,1.0,1.0,1.0,1694,0.7586206896551724,1.0,2126,0.9520824003582624,1.0,1.0,1.0,0.015865907491523255
heldout,Chakraborty_2023,9,2233,7,76,76,0.9159650694133453,0.9659650694133453,1.0,1.0,1.0,1694,0.7586206896551724,1.0,2126,0.9520824003582624,1.0,1.0,1.0,0.015865907491523255
heldout,Chueca_2023,0,609,16,198,198,0.6248768472906404,0.6748768472906403,0.625,0.8125,0.9375,609,1.0,1.0,589,0.9671592775041051,1.0,0.7783251231527094,0.9375,0.10611658456486042
heldout,Chueca_2023,1,609,16,198,198,0.6248768472906404,0.6748768472906403,0.625,0.8125,0.9375,609,1.0,1.0,589,0.9671592775041051,1.0,0.7996715927750411,1.0,0.10601395730706076
heldout,Chueca_2023,2,609,16,198,198,0.6248768472906404,0.6748768472906403,0.625,0.8125,0.9375,609,1.0,1.0,589,0.9671592775041051,1.0,0.7060755336617406,0.9375,0.10601395730706076
heldout,Chueca_2023,3,609,16,198,198,0.6248768472906404,0.6748768472906403,0.625,0.8125,0.9375,609,1.0,1.0,589,0.9671592775041051,1.0,0.5697865353037767,0.9375,0.10601395730706076
heldout,Chueca_2023,4,609,16,198,198,0.6248768472906404,0.6748768472906403,0.625,0.8125,0.9375,609,1.0,1.0,589,0.9671592775041051,1.0,0.6995073891625616,0.875,0.10601395730706076
heldout,Chueca_2023,5,609,16,198,198,0.6248768472906404,0.6748768472906403,0.625,0.8125,0.9375,609,1.0,1.0,589,0.9671592775041051,1.0,0.5829228243021346,0.9375,0.10611658456486042
heldout,Chueca_2023,6,609,16,198,198,0.6248768472906404,0.6748768472906403,0.625,0.8125,0.9375,609,1.0,1.0,589,0.9671592775041051,1.0,0.7126436781609196,0.9375,0.10611658456486042
heldout,Chueca_2023,7,609,16,198,198,0.6248768472906404,0.6748768472906403,0.625,0.8125,0.9375,609,1.0,1.0,589,0.9671592775041051,1.0,0.7438423645320197,1.0,0.10591133004926108
heldout,Chueca_2023,8,609,16,198,198,0.6248768472906404,0.6748768472906403,0.625,0.8125,0.9375,609,1.0,1.0,589,0.9671592775041051,1.0,0.7668308702791461,1.0,0.10591133004926108
heldout,Chueca_2023,9,609,16,198,198,0.6248768472906404,0.6748768472906403,0.625,0.8125,0.9375,609,1.0,1.0,589,0.9671592775041051,1.0,0.6568144499178982,1.0,0.10601395730706076
heldout,Donners_2021,0,119,14,19,19,0.7903361344537815,0.8403361344537815,0.7142857142857143,1.0,1.0,119,1.0,1.0,115,0.9663865546218487,1.0,0.42016806722689076,1.0,0.0738295318127251
heldout,Donners_2021,1,119,14,19,19,0.7903361344537815,0.8403361344537815,0.7142857142857143,1.0,1.0,119,1.0,1.0,115,0.9663865546218487,1.0,0.7478991596638656,0.7857142857142857,0.0738295318127251
heldout,Donners_2021,2,119,14,19,19,0.7903361344537815,0.8403361344537815,0.7142857142857143,1.0,1.0,119,1.0,1.0,115,0.9663865546218487,1.0,0.6134453781512605,1.0,0.07503001200480193
heldout,Donners_2021,3,119,14,19,19,0.7903361344537815,0.8403361344537815,0.7142857142857143,1.0,1.0,119,1.0,1.0,115,0.9663865546218487,1.0,0.6302521008403361,1.0,0.07503001200480193
heldout,Donners_2021,4,119,14,19,19,0.7903361344537815,0.8403361344537815,0.7142857142857143,1.0,1.0,119,1.0,1.0,115,0.9663865546218487,1.0,0.6134453781512605,1.0,0.0738295318127251
heldout,Donners_2021,5,119,14,19,19,0.7903361344537815,0.8403361344537815,0.7142857142857143,1.0,1.0,119,1.0,1.0,115,0.9663865546218487,1.0,0.8235294117647058,1.0,0.0738295318127251
heldout,Donners_2021,6,119,14,19,19,0.7903361344537815,0.8403361344537815,0.7142857142857143,1.0,1.0,119,1.0,1.0,115,0.9663865546218487,1.0,0.8823529411764706,1.0,0.0738295318127251
heldout,Donners_2021,7,119,14,19,19,0.7903361344537815,0.8403361344537815,0.7142857142857143,1.0,1.0,119,1.0,1.0,115,0.9663865546218487,1.0,0.7226890756302521,0.8571428571428571,0.0738295318127251
heldout,Donners_2021,8,119,14,19,19,0.7903361344537815,0.8403361344537815,0.7142857142857143,1.0,1.0,119,1.0,1.0,115,0.9663865546218487,1.0,0.8571428571428571,1.0,0.0738295318127251
heldout,Donners_2021,9,119,14,19,19,0.7903361344537815,0.8403361344537815,0.7142857142857143,1.0,1.0,119,1.0,1.0,115,0.9663865546218487,1.0,0.8319327731092437,1.0,0.0738295318127251
heldout,Eggmann_2023,0,266,9,9,9,0.9161654135338346,0.9661654135338346,1.0,1.0,1.0,156,0.5864661654135338,1.0,254,0.9548872180451128,1.0,1.0,1.0,0.018796992481203006
heldout,Eggmann_2023,1,266,9,9,9,0.9161654135338346,0.9661654135338346,1.0,1.0,1.0,156,0.5864661654135338,1.0,254,0.9548872180451128,1.0,1.0,1.0,0.018796992481203006
heldout,Eggmann_2023,2,266,9,9,9,0.9161654135338346,0.9661654135338346,1.0,1.0,1.0,156,0.5864661654135338,1.0,254,0.9548872180451128,1.0,1.0,1.0,0.018796992481203006
heldout,Eggmann_2023,3,266,9,9,9,0.9161654135338346,0.9661654135338346,1.0,1.0,1.0,156,0.5864661654135338,1.0,254,0.9548872180451128,1.0,1.0,1.0,0.018796992481203006
heldout,Eggmann_2023,4,266,9,9,9,0.9161654135338346,0.9661654135338346,1.0,1.0,1.0,156,0.5864661654135338,1.0,254,0.9548872180451128,1.0,1.0,1.0,0.018796992481203006
heldout,Eggmann_2023,5,266,9,9,9,0.9161654135338346,0.9661654135338346,1.0,1.0,1.0,156,0.5864661654135338,1.0,254,0.9548872180451128,1.0,1.0,1.0,0.018796992481203006
heldout,Eggmann_2023,6,266,9,9,9,0.9161654135338346,0.9661654135338346,1.0,1.0,1.0,156,0.5864661654135338,1.0,254,0.9548872180451128,1.0,1.0,1.0,0.018796992481203006
heldout,Eggmann_2023,7,266,9,9,9,0.9161654135338346,0.9661654135338346,1.0,1.0,1.0,156,0.5864661654135338,1.0,254,0.9548872180451128,1.0,1.0,1.0,0.018796992481203006
heldout,Eggmann_2023,8,266,9,9,9,0.9161654135338346,0.9661654135338346,1.0,1.0,1.0,156,0.5864661654135338,1.0,254,0.9548872180451128,1.0,1.0,1.0,0.018796992481203006
heldout,Eggmann_2023,9,266,9,9,9,0.9161654135338346,0.9661654135338346,1.0,1.0,1.0,156,0.5864661654135338,1.0,254,0.9548872180451128,1.0,1.0,1.0,0.018796992481203006
heldout,Hall_2011,0,340,4,6,6,0.9323529411764706,0.9823529411764705,1.0,1.0,1.0,234,0.6882352941176471,1.0,324,0.9529411764705882,1.0,1.0,1.0,0.011029411764705883
heldout,Hall_2011,1,340,4,6,6,0.9323529411764706,0.9823529411764705,1.0,1.0,1.0,234,0.6882352941176471,1.0,324,0.9529411764705882,1.0,1.0,1.0,0.011029411764705883
heldout,Hall_2011,2,340,4,6,6,0.9323529411764706,0.9823529411764705,1.0,1.0,1.0,234,0.6882352941176471,1.0,324,0.9529411764705882,1.0,1.0,1.0,0.011029411764705883
heldout,Hall_2011,3,340,4,6,6,0.9323529411764706,0.9823529411764705,1.0,1.0,1.0,234,0.6882352941176471,1.0,324,0.9529411764705882,1.0,1.0,1.0,0.011029411764705883
heldout,Hall_2011,4,340,4,6,6,0.9323529411764706,0.9823529411764705,1.0,1.0,1.0,234,0.6882352941176471,1.0,324,0.9529411764705882,1.0,1.0,1.0,0.011029411764705883
heldout,Hall_2011,5,340,4,6,6,0.9323529411764706,0.9823529411764705,1.0,1.0,1.0,234,0.6882352941176471,1.0,324,0.9529411764705882,1.0,1.0,1.0,0.011029411764705883
heldout,Hall_2011,6,340,4,6,6,0.9323529411764706,0.9823529411764705,1.0,1.0,1.0,234,0.6882352941176471,1.0,324,0.9529411764705882,1.0,1.0,1.0,0.011029411764705883
heldout,Hall_2011,7,340,4,6,6,0.9323529411764706,0.9823529411764705,1.0,1.0,1.0,234,0.6882352941176471,1.0,324,0.9529411764705882,1.0,1.0,1.0,0.011029411764705883
heldout,Hall_2011,8,340,4,6,6,0.9323529411764706,0.9823529411764705,1.0,1.0,1.0,234,0.6882352941176471,1.0,324,0.9529411764705882,1.0,1.0,1.0,0.011029411764705883
heldout,Hall_2011,9,340,4,6,6,0.9323529411764706,0.9823529411764705,1.0,1.0,1.0,234,0.6882352941176471,1.0,324,0.9529411764705882,1.0,1.0,1.0,0.011029411764705883
heldout,Harms_2024,0,840,48,126,195,0.8,0.7678571428571429,0.8958333333333334,0.9791666666666666,1.0,840,1.0,1.0,602,0.7166666666666667,1.0,0.36904761904761907,0.875,0.05188492063492064
heldout,Harms_2024,1,840,48,126,195,0.8,0.7678571428571429,0.8958333333333334,0.9791666666666666,1.0,840,1.0,1.0,602,0.7166666666666667,1.0,0.34285714285714286,0.9166666666666666,0.05190972222222222
heldout,Harms_2024,2,840,48,126,195,0.8,0.7678571428571429,0.8958333333333334,0.9791666666666666,1.0,840,1.0,1.0,602,0.7166666666666667,1.0,0.2869047619047619,0.9375,0.05188492063492064
heldout,Harms_2024,3,840,48,126,195,0.8,0.7678571428571429,0.8958333333333334,0.9791666666666666,1.0,840,1.0,1.0,602,0.7166666666666667,1.0,0.2523809523809524,0.9166666666666666,0.052008928571428574
heldout,Harms_2024,4,840,48,126,195,0.8,0.7678571428571429,0.8958333333333334,0.9791666666666666,1.0,840,1.0,1.0,602,0.7166666666666667,1.0,0.32142857142857145,0.9375,0.05190972222222222
heldout,Harms_2024,5,840,48,126,195,0.8,0.7678571428571429,0.8958333333333334,0.9791666666666666,1.0,840,1.0,1.0,602,0.7166666666666667,1.0,0.21071428571428572,0.8333333333333334,0.05285218253968254
heldout,Harms_2024,6,840,48,126,195,0.8,0.7678571428571429,0.8958333333333334,0.9791666666666666,1.0,840,1.0,1.0,602,0.7166666666666667,1.0,0.25952380952380955,0.9375,0.05285218253968254
heldout,Harms_2024,7,840,48,126,195,0.8,0.7678571428571429,0.8958333333333334,0.9791666666666666,1.0,840,1.0,1.0,602,0.7166666666666667,1.0,0.19285714285714287,0.8541666666666666,0.05188492063492064
heldout,Harms_2024,8,840,48,126,195,0.8,0.7678571428571429,0.8958333333333334,0.9791666666666666,1.0,840,1.0,1.0,602,0.7166666666666667,1.0,0.4785714285714286,1.0,0.05285218253968254
heldout,Harms_2024,9,840,48,126,195,0.8,0.7678571428571429,0.8958333333333334,0.9791666666666666,1.0,840,1.0,1.0,602,0.7166666666666667,1.0,0.2619047619047619,0.7708333333333334,0.05190972222222222
heldout,Kerschbaumer_2024b,0,1146,15,182,182,0.7911867364746946,0.8411867364746946,0.9333333333333333,1.0,1.0,1146,1.0,1.0,1098,0.9581151832460733,1.0,0.787085514834206,1.0,0.04805119255381036
heldout,Kerschbaumer_2024b,1,1146,15,182,182,0.7911867364746946,0.8411867364746946,0.9333333333333333,1.0,1.0,1146,1.0,1.0,1098,0.9581151832460733,1.0,0.8254799301919721,1.0,0.050319953461314716
heldout,Kerschbaumer_2024b,2,1146,15,182,182,0.7911867364746946,0.8411867364746946,0.9333333333333333,1.0,1.0,1146,1.0,1.0,1098,0.9581151832460733,1.0,0.4869109947643979,0.8666666666666667,0.047353112274578245
heldout,Kerschbaumer_2024b,3,1146,15,182,182,0.7911867364746946,0.8411867364746946,0.9333333333333333,1.0,1.0,1146,1.0,1.0,1098,0.9581151832460733,1.0,0.5392670157068062,1.0,0.04729493891797557
heldout,Kerschbaumer_2024b,4,1146,15,182,182,0.7911867364746946,0.8411867364746946,0.9333333333333333,1.0,1.0,1146,1.0,1.0,1098,0.9581151832460733,1.0,0.4336823734729494,0.9333333333333333,0.04991273996509599
heldout,Kerschbaumer_2024b,5,1146,15,182,182,0.7911867364746946,0.8411867364746946,0.9333333333333333,1.0,1.0,1146,1.0,1.0,1098,0.9581151832460733,1.0,0.7207678883071553,0.9333333333333333,0.04956369982547993
heldout,Kerschbaumer_2024b,6,1146,15,182,182,0.7911867364746946,0.8411867364746946,0.9333333333333333,1.0,1.0,1146,1.0,1.0,1098,0.9581151832460733,1.0,0.6527050610820244,0.9333333333333333,0.05055264688772542
heldout,Kerschbaumer_2024b,7,1146,15,182,182,0.7911867364746946,0.8411867364746946,0.9333333333333333,1.0,1.0,1146,1.0,1.0,1098,0.9581151832460733,1.0,0.6910994764397905,1.0,0.04729493891797557
heldout,Kerschbaumer_2024b,8,1146,15,182,182,0.7911867364746946,0.8411867364746946,0.9333333333333333,1.0,1.0,1146,1.0,1.0,1098,0.9581151832460733,1.0,0.5523560209424084,1.0,0.04991273996509599
heldout,Kerschbaumer_2024b,9,1146,15,182,182,0.7911867364746946,0.8411867364746946,0.9333333333333333,1.0,1.0,1146,1.0,1.0,1098,0.9581151832460733,1.0,0.6239092495636999,1.0,0.05055264688772542
heldout,Lewowski_2021,0,329,9,13,13,0.9104863221884498,0.9604863221884499,1.0,1.0,1.0,226,0.6869300911854104,1.0,314,0.9544072948328267,1.0,1.0,1.0,0.017561634582911177
heldout,Lewowski_2021,1,329,9,13,13,0.9104863221884498,0.9604863221884499,1.0,1.0,1.0,226,0.6869300911854104,1.0,314,0.9544072948328267,1.0,1.0,1.0,0.017561634582911177
heldout,Lewowski_2021,2,329,9,13,13,0.9104863221884498,0.9604863221884499,1.0,1.0,1.0,226,0.6869300911854104,1.0,314,0.9544072948328267,1.0,1.0,1.0,0.017561634582911177
heldout,Lewowski_2021,3,329,9,13,13,0.9104863221884498,0.9604863221884499,1.0,1.0,1.0,226,0.6869300911854104,1.0,314,0.9544072948328267,1.0,1.0,1.0,0.017561634582911177
heldout,Lewowski_2021,4,329,9,13,13,0.9104863221884498,0.9604863221884499,1.0,1.0,1.0,226,0.6869300911854104,1.0,314,0.9544072948328267,1.0,1.0,1.0,0.017561634582911177
heldout,Lewowski_2021,5,329,9,13,13,0.9104863221884498,0.9604863221884499,1.0,1.0,1.0,226,0.6869300911854104,1.0,314,0.9544072948328267,1.0,1.0,1.0,0.017561634582911177
heldout,Lewowski_2021,6,329,9,13,13,0.9104863221884498,0.9604863221884499,1.0,1.0,1.0,226,0.6869300911854104,1.0,314,0.9544072948328267,1.0,1.0,1.0,0.017561634582911177
heldout,Lewowski_2021,7,329,9,13,13,0.9104863221884498,0.9604863221884499,1.0,1.0,1.0,226,0.6869300911854104,1.0,314,0.9544072948328267,1.0,1.0,1.0,0.017561634582911177
heldout,Lewowski_2021,8,329,9,13,13,0.9104863221884498,0.9604863221884499,1.0,1.0,1.0,226,0.6869300911854104,1.0,314,0.9544072948328267,1.0,1.0,1.0,0.017561634582911177
heldout,Lewowski_2021,9,329,9,13,13,0.9104863221884498,0.9604863221884499,1.0,1.0,1.0,226,0.6869300911854104,1.0,314,0.9544072948328267,1.0,1.0,1.0,0.017561634582911177
heldout,Menon_2022,0,485,35,218,305,0.5005154639175258,0.3711340206185567,0.7428571428571429,0.8857142857142857,0.9142857142857143,485,1.0,1.0,445,0.9175257731958762,1.0,0.6144329896907217,0.9714285714285714,0.09419734904270986
heldout,Menon_2022,1,485,35,218,305,0.5005154639175258,0.3711340206185567,0.7428571428571429,0.8857142857142857,0.9142857142857143,485,1.0,1.0,445,0.9175257731958762,1.0,0.4762886597938144,0.9142857142857143,0.09425625920471281
heldout,Menon_2022,2,485,35,218,305,0.5005154639175258,0.3711340206185567,0.7428571428571429,0.8857142857142857,0.9142857142857143,485,1.0,1.0,445,0.9175257731958762,1.0,0.43711340206185567,0.9142857142857143,0.09425625920471281
heldout,Menon_2022,3,485,35,218,305,0.5005154639175258,0.3711340206185567,0.7428571428571429,0.8857142857142857,0.9142857142857143,485,1.0,1.0,445,0.9175257731958762,1.0,0.6556701030927835,0.9714285714285714,0.09425625920471281
heldout,Menon_2022,4,485,35,218,305,0.5005154639175258,0.3711340206185567,0.7428571428571429,0.8857142857142857,0.9142857142857143,485,1.0,1.0,445,0.9175257731958762,1.0,0.6536082474226804,0.9714285714285714,0.09419734904270986
heldout,Menon_2022,5,485,35,218,305,0.5005154639175258,0.3711340206185567,0.7428571428571429,0.8857142857142857,0.9142857142857143,485,1.0,1.0,445,0.9175257731958762,1.0,0.6268041237113402,0.9714285714285714,0.09419734904270986
heldout,Menon_2022,6,485,35,218,305,0.5005154639175258,0.3711340206185567,0.7428571428571429,0.8857142857142857,0.9142857142857143,485,1.0,1.0,445,0.9175257731958762,1.0,0.422680412371134,0.9428571428571428,0.09425625920471281
heldout,Menon_2022,7,485,35,218,305,0.5005154639175258,0.3711340206185567,0.7428571428571429,0.8857142857142857,0.9142857142857143,485,1.0,1.0,445,0.9175257731958762,1.0,0.5938144329896907,0.9714285714285714,0.09425625920471281
heldout,Menon_2022,8,485,35,218,305,0.5005154639175258,0.3711340206185567,0.7428571428571429,0.8857142857142857,0.9142857142857143,485,1.0,1.0,445,0.9175257731958762,1.0,0.5711340206185567,0.9714285714285714,0.09419734904270986
heldout,Menon_2022,9,485,35,218,305,0.5005154639175258,0.3711340206185567,0.7428571428571429,0.8857142857142857,0.9142857142857143,485,1.0,1.0,445,0.9175257731958762,1.0,0.5917525773195876,0.9714285714285714,0.09425625920471281
heldout,Moran_2020,0,1992,39,303,331,0.7978915662650602,0.8338353413654619,0.8717948717948718,1.0,1.0,1697,0.8519076305220884,1.0,1380,0.6927710843373494,1.0,0.3709839357429719,1.0,0.03398208217485326
heldout,Moran_2020,1,1992,39,303,331,0.7978915662650602,0.8338353413654619,0.8717948717948718,1.0,1.0,1697,0.8519076305220884,1.0,1380,0.6927710843373494,1.0,0.4206827309236948,1.0,0.03398208217485326
heldout,Moran_2020,2,1992,39,303,331,0.7978915662650602,0.8338353413654619,0.8717948717948718,1.0,1.0,1697,0.8519076305220884,1.0,1380,0.6927710843373494,1.0,0.3042168674698795,0.9230769230769231,0.03398208217485326
heldout,Moran_2020,3,1992,39,303,331,0.7978915662650602,0.8338353413654619,0.8717948717948718,1.0,1.0,1697,0.8519076305220884,1.0,1380,0.6927710843373494,1.0,0.36997991967871485,0.9743589743589743,0.03398208217485326
heldout,Moran_2020,4,1992,39,303,331,0.7978915662650602,0.8338353413654619,0.8717948717948718,1.0,1.0,1697,0.8519076305220884,1.0,1380,0.6927710843373494,1.0,0.25853413654618473,1.0,0.03398208217485326
heldout,Moran_2020,5,1992,39,303,331,0.7978915662650602,0.8338353413654619,0.8717948717948718,1.0,1.0,1697,0.8519076305220884,1.0,1380,0.6927710843373494,1.0,0.2991967871485944,1.0,0.03398208217485326
heldout,Moran_2020,6,1992,39,303,331,0.7978915662650602,0.8338353413654619,0.8717948717948718,1.0,1.0,1697,0.8519076305220884,1.0,1380,0.6927710843373494,1.0,0.29116465863453816,0.9487179487179487,0.03398208217485326
heldout,Moran_2020,7,1992,39,303,331,0.7978915662650602,0.8338353413654619,0.8717948717948718,1.0,1.0,1697,0.8519076305220884,1.0,1380,0.6927710843373494,1.0,0.3032128514056225,0.9230769230769231,0.03398208217485326
heldout,Moran_2020,8,1992,39,303,331,0.7978915662650602,0.8338353413654619,0.8717948717948718,1.0,1.0,1697,0.8519076305220884,1.0,1380,0.6927710843373494,1.0,0.35592369477911645,1.0,0.03398208217485326
heldout,Moran_2020,9,1992,39,303,331,0.7978915662650602,0.8338353413654619,0.8717948717948718,1.0,1.0,1697,0.8519076305220884,1.0,1380,0.6927710843373494,1.0,0.3313253012048193,1.0,0.03398208217485326
heldout,Parodis_2023b,0,1679,33,275,298,0.7862120309708159,0.8225134008338296,0.9090909090909091,1.0,1.0,1679,1.0,1.0,1370,0.8159618820726623,1.0,0.3930911256700417,0.9696969696969697,0.03254101467323623
heldout,Parodis_2023b,1,1679,33,275,298,0.7862120309708159,0.8225134008338296,0.9090909090909091,1.0,1.0,1679,1.0,1.0,1370,0.8159618820726623,1.0,0.5157832042882668,0.9393939393939394,0.03234248380168571
heldout,Parodis_2023b,2,1679,33,275,298,0.7862120309708159,0.8225134008338296,0.9090909090909091,1.0,1.0,1679,1.0,1.0,1370,0.8159618820726623,1.0,0.35020845741512807,0.8181818181818182,0.03232443554063566
heldout,Parodis_2023b,3,1679,33,275,298,0.7862120309708159,0.8225134008338296,0.9090909090909091,1.0,1.0,1679,1.0,1.0,1370,0.8159618820726623,1.0,0.4478856462179869,0.9696969696969697,0.03234248380168571
heldout,Parodis_2023b,4,1679,33,275,298,0.7862120309708159,0.8225134008338296,0.9090909090909091,1.0,1.0,1679,1.0,1.0,1370,0.8159618820726623,1.0,0.4836212030970816,1.0,0.03232443554063566
heldout,Parodis_2023b,5,1679,33,275,298,0.7862120309708159,0.8225134008338296,0.9090909090909091,1.0,1.0,1679,1.0,1.0,1370,0.8159618820726623,1.0,0.43537820131030375,0.9393939393939394,0.03254101467323623
heldout,Parodis_2023b,6,1679,33,275,298,0.7862120309708159,0.8225134008338296,0.9090909090909091,1.0,1.0,1679,1.0,1.0,1370,0.8159618820726623,1.0,0.49017272185824895,0.9696969696969697,0.03234248380168571
heldout,Parodis_2023b,7,1679,33,275,298,0.7862120309708159,0.8225134008338296,0.9090909090909091,1.0,1.0,1679,1.0,1.0,1370,0.8159618820726623,1.0,0.4121500893388922,0.9393939393939394,0.03254101467323623
heldout,Parodis_2023b,8,1679,33,275,298,0.7862120309708159,0.8225134008338296,0.9090909090909091,1.0,1.0,1679,1.0,1.0,1370,0.8159618820726623,1.0,0.4044073853484217,0.9393939393939394,0.03254101467323623
heldout,Parodis_2023b,9,1679,33,275,298,0.7862120309708159,0.8225134008338296,0.9090909090909091,1.0,1.0,1679,1.0,1.0,1370,0.8159618820726623,1.0,0.4919594997022037,0.9696969696969697,0.03232443554063566
heldout,Roberts_2021,0,883,3,11,11,0.9375424688561721,0.9875424688561721,1.0,1.0,1.0,572,0.6477916194790487,1.0,840,0.9513023782559457,1.0,1.0,1.0,0.009437523593808984
heldout,Roberts_2021,1,883,3,11,11,0.9375424688561721,0.9875424688561721,1.0,1.0,1.0,572,0.6477916194790487,1.0,840,0.9513023782559457,1.0,1.0,1.0,0.009437523593808984
heldout,Roberts_2021,2,883,3,11,11,0.9375424688561721,0.9875424688561721,1.0,1.0,1.0,572,0.6477916194790487,1.0,840,0.9513023782559457,1.0,1.0,1.0,0.009437523593808984
heldout,Roberts_2021,3,883,3,11,11,0.9375424688561721,0.9875424688561721,1.0,1.0,1.0,572,0.6477916194790487,1.0,840,0.9513023782559457,1.0,1.0,1.0,0.009437523593808984
heldout,Roberts_2021,4,883,3,11,11,0.9375424688561721,0.9875424688561721,1.0,1.0,1.0,572,0.6477916194790487,1.0,840,0.9513023782559457,1.0,1.0,1.0,0.009437523593808984
heldout,Roberts_2021,5,883,3,11,11,0.9375424688561721,0.9875424688561721,1.0,1.0,1.0,572,0.6477916194790487,1.0,840,0.9513023782559457,1.0,1.0,1.0,0.009437523593808984
heldout,Roberts_2021,6,883,3,11,11,0.9375424688561721,0.9875424688561721,1.0,1.0,1.0,572,0.6477916194790487,1.0,840,0.9513023782559457,1.0,1.0,1.0,0.009437523593808984
heldout,Roberts_2021,7,883,3,11,11,0.9375424688561721,0.9875424688561721,1.0,1.0,1.0,572,0.6477916194790487,1.0,840,0.9513023782559457,1.0,1.0,1.0,0.009437523593808984
heldout,Roberts_2021,8,883,3,11,11,0.9375424688561721,0.9875424688561721,1.0,1.0,1.0,572,0.6477916194790487,1.0,840,0.9513023782559457,1.0,1.0,1.0,0.009437523593808984
heldout,Roberts_2021,9,883,3,11,11,0.9375424688561721,0.9875424688561721,1.0,1.0,1.0,572,0.6477916194790487,1.0,840,0.9513023782559457,1.0,1.0,1.0,0.009437523593808984
heldout,Seghers_2022,0,1759,16,120,120,0.881779420125071,0.9317794201250711,1.0,1.0,1.0,1170,0.6651506537805572,1.0,1678,0.953951108584423,1.0,0.7197271176805002,1.0,0.019720011370096647
heldout,Seghers_2022,1,1759,16,120,120,0.881779420125071,0.9317794201250711,1.0,1.0,1.0,1170,0.6651506537805572,1.0,1678,0.953951108584423,1.0,0.5474701534963047,1.0,0.019720011370096647
heldout,Seghers_2022,2,1759,16,120,120,0.881779420125071,0.9317794201250711,1.0,1.0,1.0,1170,0.6651506537805572,1.0,1678,0.953951108584423,1.0,0.4758385446276293,1.0,0.019720011370096647
heldout,Seghers_2022,3,1759,16,120,120,0.881779420125071,0.9317794201250711,1.0,1.0,1.0,1170,0.6651506537805572,1.0,1678,0.953951108584423,1.0,0.3706651506537806,1.0,0.019720011370096647
heldout,Seghers_2022,4,1759,16,120,120,0.881779420125071,0.9317794201250711,1.0,1.0,1.0,1170,0.6651506537805572,1.0,1678,0.953951108584423,1.0,0.44229675952245595,0.875,0.019720011370096647
heldout,Seghers_2022,5,1759,16,120,120,0.881779420125071,0.9317794201250711,1.0,1.0,1.0,1170,0.6651506537805572,1.0,1678,0.953951108584423,1.0,0.5827174530983513,1.0,0.019720011370096647
heldout,Seghers_2022,6,1759,16,120,120,0.881779420125071,0.9317794201250711,1.0,1.0,1.0,1170,0.6651506537805572,1.0,1678,0.953951108584423,1.0,0.6361569073337123,1.0,0.019720011370096647
heldout,Seghers_2022,7,1759,16,120,120,0.881779420125071,0.9317794201250711,1.0,1.0,1.0,1170,0.6651506537805572,1.0,1678,0.953951108584423,1.0,0.4479818078453667,0.8125,0.019720011370096647
heldout,Seghers_2022,8,1759,16,120,120,0.881779420125071,0.9317794201250711,1.0,1.0,1.0,1170,0.6651506537805572,1.0,1678,0.953951108584423,1.0,0.770892552586697,0.9375,0.019720011370096647
heldout,Seghers_2022,9,1759,16,120,120,0.881779420125071,0.9317794201250711,1.0,1.0,1.0,1170,0.6651506537805572,1.0,1678,0.953951108584423,1.0,0.625355315520182,0.9375,0.019720011370096647
heldout,Theobald_2021,0,70,9,25,25,0.5928571428571429,0.6428571428571429,0.4444444444444444,0.7777777777777778,0.8888888888888888,70,1.0,1.0,68,0.9714285714285714,1.0,1.0,1.0,0.14761904761904762
heldout,Theobald_2021,1,70,9,25,25,0.5928571428571429,0.6428571428571429,0.4444444444444444,0.7777777777777778,0.8888888888888888,70,1.0,1.0,68,0.9714285714285714,1.0,1.0,1.0,0.1492063492063492
heldout,Theobald_2021,2,70,9,25,25,0.5928571428571429,0.6428571428571429,0.4444444444444444,0.7777777777777778,0.8888888888888888,70,1.0,1.0,68,0.9714285714285714,1.0,1.0,1.0,0.14761904761904762
heldout,Theobald_2021,3,70,9,25,25,0.5928571428571429,0.6428571428571429,0.4444444444444444,0.7777777777777778,0.8888888888888888,70,1.0,1.0,68,0.9714285714285714,1.0,1.0,1.0,0.14761904761904762
heldout,Theobald_2021,4,70,9,25,25,0.5928571428571429,0.6428571428571429,0.4444444444444444,0.7777777777777778,0.8888888888888888,70,1.0,1.0,68,0.9714285714285714,1.0,1.0,1.0,0.14761904761904762
heldout,Theobald_2021,5,70,9,25,25,0.5928571428571429,0.6428571428571429,0.4444444444444444,0.7777777777777778,0.8888888888888888,70,1.0,1.0,68,0.9714285714285714,1.0,1.0,1.0,0.146031746031746
heldout,Theobald_2021,6,70,9,25,25,0.5928571428571429,0.6428571428571429,0.4444444444444444,0.7777777777777778,0.8888888888888888,70,1.0,1.0,68,0.9714285714285714,1.0,1.0,1.0,0.146031746031746
heldout,Theobald_2021,7,70,9,25,25,0.5928571428571429,0.6428571428571429,0.4444444444444444,0.7777777777777778,0.8888888888888888,70,1.0,1.0,68,0.9714285714285714,1.0,1.0,1.0,0.146031746031746
heldout,Theobald_2021,8,70,9,25,25,0.5928571428571429,0.6428571428571429,0.4444444444444444,0.7777777777777778,0.8888888888888888,70,1.0,1.0,68,0.9714285714285714,1.0,1.0,1.0,0.146031746031746
heldout,Theobald_2021,9,70,9,25,25,0.5928571428571429,0.6428571428571429,0.4444444444444444,0.7777777777777778,0.8888888888888888,70,1.0,1.0,68,0.9714285714285714,1.0,1.0,1.0,0.146031746031746
heldout,Toffalini_2021,0,328,22,68,70,0.7426829268292683,0.7865853658536586,0.7272727272727273,0.9090909090909091,1.0,328,1.0,1.0,270,0.823170731707317,1.0,0.4481707317073171,1.0,0.07289356984478935
heldout,Toffalini_2021,1,328,22,68,70,0.7426829268292683,0.7865853658536586,0.7272727272727273,0.9090909090909091,1.0,328,1.0,1.0,270,0.823170731707317,1.0,0.5365853658536586,1.0,0.07289356984478935
heldout,Toffalini_2021,2,328,22,68,70,0.7426829268292683,0.7865853658536586,0.7272727272727273,0.9090909090909091,1.0,328,1.0,1.0,270,0.823170731707317,1.0,0.6920731707317073,0.9090909090909091,0.07289356984478935
heldout,Toffalini_2021,3,328,22,68,70,0.7426829268292683,0.7865853658536586,0.7272727272727273,0.9090909090909091,1.0,328,1.0,1.0,270,0.823170731707317,1.0,0.6951219512195121,1.0,0.07289356984478935
heldout,Toffalini_2021,4,328,22,68,70,0.7426829268292683,0.7865853658536586,0.7272727272727273,0.9090909090909091,1.0,328,1.0,1.0,270,0.823170731707317,1.0,0.5213414634146342,0.9090909090909091,0.07289356984478935
heldout,Toffalini_2021,5,328,22,68,70,0.7426829268292683,0.7865853658536586,0.7272727272727273,0.9090909090909091,1.0,328,1.0,1.0,270,0.823170731707317,1.0,0.5640243902439024,0.9090909090909091,0.07289356984478935
heldout,Toffalini_2021,6,328,22,68,70,0.7426829268292683,0.7865853658536586,0.7272727272727273,0.9090909090909091,1.0,328,1.0,1.0,270,0.823170731707317,1.0,0.4725609756097561,1.0,0.07289356984478935
heldout,Toffalini_2021,7,328,22,68,70,0.7426829268292683,0.7865853658536586,0.7272727272727273,0.9090909090909091,1.0,328,1.0,1.0,270,0.823170731707317,1.0,0.3871951219512195,0.8636363636363636,0.07289356984478935
heldout,Toffalini_2021,8,328,22,68,70,0.7426829268292683,0.7865853658536586,0.7272727272727273,0.9090909090909091,1.0,328,1.0,1.0,270,0.823170731707317,1.0,0.676829268292683,0.9545454545454546,0.07289356984478935
heldout,Toffalini_2021,9,328,22,68,70,0.7426829268292683,0.7865853658536586,0.7272727272727273,0.9090909090909091,1.0,328,1.0,1.0,270,0.823170731707317,1.0,0.6219512195121951,0.9545454545454546,0.07289356984478935
heldout,Tumkaya_2018,0,481,39,133,173,0.6734927234927235,0.6403326403326404,0.6153846153846154,0.9230769230769231,0.9743589743589743,481,1.0,1.0,367,0.762993762993763,1.0,0.29521829521829523,0.8205128205128205,0.09147609147609148
heldout,Tumkaya_2018,1,481,39,133,173,0.6734927234927235,0.6403326403326404,0.6153846153846154,0.9230769230769231,0.9743589743589743,481,1.0,1.0,367,0.762993762993763,1.0,0.5218295218295218,1.0,0.09147609147609148
heldout,Tumkaya_2018,2,481,39,133,173,0.6734927234927235,0.6403326403326404,0.6153846153846154,0.9230769230769231,0.9743589743589743,481,1.0,1.0,367,0.762993762993763,1.0,0.3180873180873181,0.9230769230769231,0.09147609147609148
heldout,Tumkaya_2018,3,481,39,133,173,0.6734927234927235,0.6403326403326404,0.6153846153846154,0.9230769230769231,0.9743589743589743,481,1.0,1.0,367,0.762993762993763,1.0,0.5322245322245323,1.0,0.09147609147609148
heldout,Tumkaya_2018,4,481,39,133,173,0.6734927234927235,0.6403326403326404,0.6153846153846154,0.9230769230769231,0.9743589743589743,481,1.0,1.0,367,0.762993762993763,1.0,0.3367983367983368,0.9230769230769231,0.09147609147609148
heldout,Tumkaya_2018,5,481,39,133,173,0.6734927234927235,0.6403326403326404,0.6153846153846154,0.9230769230769231,0.9743589743589743,481,1.0,1.0,367,0.762993762993763,1.0,0.4802494802494803,0.9743589743589743,0.09147609147609148
heldout,Tumkaya_2018,6,481,39,133,173,0.6734927234927235,0.6403326403326404,0.6153846153846154,0.9230769230769231,0.9743589743589743,481,1.0,1.0,367,0.762993762993763,1.0,0.3887733887733888,0.9487179487179487,0.09147609147609148
heldout,Tumkaya_2018,7,481,39,133,173,0.6734927234927235,0.6403326403326404,0.6153846153846154,0.9230769230769231,0.9743589743589743,481,1.0,1.0,367,0.762993762993763,1.0,0.40124740124740127,0.9230769230769231,0.09147609147609148
heldout,Tumkaya_2018,8,481,39,133,173,0.6734927234927235,0.6403326403326404,0.6153846153846154,0.9230769230769231,0.9743589743589743,481,1.0,1.0,367,0.762993762993763,1.0,0.4407484407484408,0.9743589743589743,0.09147609147609148
heldout,Tumkaya_2018,9,481,39,133,173,0.6734927234927235,0.6403326403326404,0.6153846153846154,0.9230769230769231,0.9743589743589743,481,1.0,1.0,367,0.762993762993763,1.0,0.5821205821205822,1.0,0.09147609147609148
heldout,Walker_2018,0,11735,64,801,818,0.8817426501917341,0.9302939923306348,1.0,1.0,1.0,3879,0.3305496378355347,1.0,6575,0.5602897315722198,1.0,0.19906263314870046,0.734375,0.01483409671921602
heldout,Walker_2018,1,11735,64,801,818,0.8817426501917341,0.9302939923306348,1.0,1.0,1.0,3879,0.3305496378355347,1.0,6575,0.5602897315722198,1.0,0.11018321261184491,0.625,0.014832765232211333
heldout,Walker_2018,2,11735,64,801,818,0.8817426501917341,0.9302939923306348,1.0,1.0,1.0,3879,0.3305496378355347,1.0,6575,0.5602897315722198,1.0,0.246016190881977,0.953125,0.01483010225820196
heldout,Walker_2018,3,11735,64,801,818,0.8817426501917341,0.9302939923306348,1.0,1.0,1.0,3879,0.3305496378355347,1.0,6575,0.5602897315722198,1.0,0.2172134639965914,1.0,0.014911322965487857
heldout,Walker_2018,4,11735,64,801,818,0.8817426501917341,0.9302939923306348,1.0,1.0,1.0,3879,0.3305496378355347,1.0,6575,0.5602897315722198,1.0,0.2028121005538986,0.890625,0.014890019173412868
heldout,Walker_2018,5,11735,64,801,818,0.8817426501917341,0.9302939923306348,1.0,1.0,1.0,3879,0.3305496378355347,1.0,6575,0.5602897315722198,1.0,0.19556881124840222,1.0,0.014915317426501918
heldout,Walker_2018,6,11735,64,801,818,0.8817426501917341,0.9302939923306348,1.0,1.0,1.0,3879,0.3305496378355347,1.0,6575,0.5602897315722198,1.0,0.26263314870046867,0.984375,0.014824776310183212
heldout,Walker_2018,7,11735,64,801,818,0.8817426501917341,0.9302939923306348,1.0,1.0,1.0,3879,0.3305496378355347,1.0,6575,0.5602897315722198,1.0,0.16795909671921602,1.0,0.014903334043459737
heldout,Walker_2018,8,11735,64,801,818,0.8817426501917341,0.9302939923306348,1.0,1.0,1.0,3879,0.3305496378355347,1.0,6575,0.5602897315722198,1.0,0.258031529612271,0.9375,0.01489800809544099
heldout,Walker_2018,9,11735,64,801,818,0.8817426501917341,0.9302939923306348,1.0,1.0,1.0,3879,0.3305496378355347,1.0,6575,0.5602897315722198,1.0,0.17835534725181082,0.9375,0.014895345121431616
heldout,van_der_Waal_2022,0,1158,17,112,112,0.8532815198618308,0.9032815198618307,1.0,1.0,1.0,1028,0.8877374784110535,1.0,1106,0.9550949913644214,1.0,0.6174438687392055,1.0,0.019760235700497817
heldout,van_der_Waal_2022,1,1158,17,112,112,0.8532815198618308,0.9032815198618307,1.0,1.0,1.0,1028,0.8877374784110535,1.0,1106,0.9550949913644214,1.0,0.7107081174438687,0.9411764705882353,0.019760235700497817
heldout,van_der_Waal_2022,2,1158,17,112,112,0.8532815198618308,0.9032815198618307,1.0,1.0,1.0,1028,0.8877374784110535,1.0,1106,0.9550949913644214,1.0,0.6044905008635578,0.9411764705882353,0.019760235700497817
heldout,van_der_Waal_2022,3,1158,17,112,112,0.8532815198618308,0.9032815198618307,1.0,1.0,1.0,1028,0.8877374784110535,1.0,1106,0.9550949913644214,1.0,0.5112262521588946,1.0,0.019760235700497817
heldout,van_der_Waal_2022,4,1158,17,112,112,0.8532815198618308,0.9032815198618307,1.0,1.0,1.0,1028,0.8877374784110535,1.0,1106,0.9550949913644214,1.0,0.7599309153713298,0.9411764705882353,0.019760235700497817
heldout,van_der_Waal_2022,5,1158,17,112,112,0.8532815198618308,0.9032815198618307,1.0,1.0,1.0,1028,0.8877374784110535,1.0,1106,0.9550949913644214,1.0,0.5924006908462867,1.0,0.019760235700497817
heldout,van_der_Waal_2022,6,1158,17,112,112,0.8532815198618308,0.9032815198618307,1.0,1.0,1.0,1028,0.8877374784110535,1.0,1106,0.9550949913644214,1.0,0.6545768566493955,1.0,0.019760235700497817
heldout,van_der_Waal_2022,7,1158,17,112,112,0.8532815198618308,0.9032815198618307,1.0,1.0,1.0,1028,0.8877374784110535,1.0,1106,0.9550949913644214,1.0,0.5431778929188256,0.8235294117647058,0.019760235700497817
heldout,van_der_Waal_2022,8,1158,17,112,112,0.8532815198618308,0.9032815198618307,1.0,1.0,1.0,1028,0.8877374784110535,1.0,1106,0.9550949913644214,1.0,0.5414507772020726,1.0,0.019760235700497817
heldout,van_der_Waal_2022,9,1158,17,112,112,0.8532815198618308,0.9032815198618307,1.0,1.0,1.0,1028,0.8877374784110535,1.0,1106,0.9550949913644214,1.0,0.5734024179620034,1.0,0.019760235700497817
clef,CD000996,0,281,6,7,7,0.9250889679715303,0.9750889679715302,1.0,1.0,1.0,182,0.6476868327402135,1.0,268,0.9537366548042705,1.0,1.0,1.0,0.013048635824436536
clef,CD000996,1,281,6,7,7,0.9250889679715303,0.9750889679715302,1.0,1.0,1.0,182,0.6476868327402135,1.0,268,0.9537366548042705,1.0,1.0,1.0,0.013048635824436536
clef,CD000996,2,281,6,7,7,0.9250889679715303,0.9750889679715302,1.0,1.0,1.0,182,0.6476868327402135,1.0,268,0.9537366548042705,1.0,1.0,1.0,0.013048635824436536
clef,CD000996,3,281,6,7,7,0.9250889679715303,0.9750889679715302,1.0,1.0,1.0,182,0.6476868327402135,1.0,268,0.9537366548042705,1.0,1.0,1.0,0.013048635824436536
clef,CD000996,4,281,6,7,7,0.9250889679715303,0.9750889679715302,1.0,1.0,1.0,182,0.6476868327402135,1.0,268,0.9537366548042705,1.0,1.0,1.0,0.013048635824436536
clef,CD000996,5,281,6,7,7,0.9250889679715303,0.9750889679715302,1.0,1.0,1.0,182,0.6476868327402135,1.0,268,0.9537366548042705,1.0,1.0,1.0,0.013048635824436536
clef,CD000996,6,281,6,7,7,0.9250889679715303,0.9750889679715302,1.0,1.0,1.0,182,0.6476868327402135,1.0,268,0.9537366548042705,1.0,1.0,1.0,0.013048635824436536
clef,CD000996,7,281,6,7,7,0.9250889679715303,0.9750889679715302,1.0,1.0,1.0,182,0.6476868327402135,1.0,268,0.9537366548042705,1.0,1.0,1.0,0.013048635824436536
clef,CD000996,8,281,6,7,7,0.9250889679715303,0.9750889679715302,1.0,1.0,1.0,182,0.6476868327402135,1.0,268,0.9537366548042705,1.0,1.0,1.0,0.013048635824436536
clef,CD000996,9,281,6,7,7,0.9250889679715303,0.9750889679715302,1.0,1.0,1.0,182,0.6476868327402135,1.0,268,0.9537366548042705,1.0,1.0,1.0,0.013048635824436536
clef,CD001261,0,571,22,36,37,0.886952714535902,0.9352014010507881,1.0,1.0,1.0,263,0.46059544658493873,1.0,452,0.7915936952714536,1.0,0.5551663747810858,0.9545454545454546,0.02595128164305047
clef,CD001261,1,571,22,36,37,0.886952714535902,0.9352014010507881,1.0,1.0,1.0,263,0.46059544658493873,1.0,452,0.7915936952714536,1.0,0.5499124343257443,1.0,0.02595128164305047
clef,CD001261,2,571,22,36,37,0.886952714535902,0.9352014010507881,1.0,1.0,1.0,263,0.46059544658493873,1.0,452,0.7915936952714536,1.0,0.35901926444833626,0.8636363636363636,0.026428912593536063
clef,CD001261,3,571,22,36,37,0.886952714535902,0.9352014010507881,1.0,1.0,1.0,263,0.46059544658493873,1.0,452,0.7915936952714536,1.0,0.5779334500875657,1.0,0.02595128164305047
clef,CD001261,4,571,22,36,37,0.886952714535902,0.9352014010507881,1.0,1.0,1.0,263,0.46059544658493873,1.0,452,0.7915936952714536,1.0,0.5499124343257443,1.0,0.026428912593536063
clef,CD001261,5,571,22,36,37,0.886952714535902,0.9352014010507881,1.0,1.0,1.0,263,0.46059544658493873,1.0,452,0.7915936952714536,1.0,0.5779334500875657,0.9090909090909091,0.02595128164305047
clef,CD001261,6,571,22,36,37,0.886952714535902,0.9352014010507881,1.0,1.0,1.0,263,0.46059544658493873,1.0,452,0.7915936952714536,1.0,0.5096322241681261,1.0,0.026667728068778856
clef,CD001261,7,571,22,36,37,0.886952714535902,0.9352014010507881,1.0,1.0,1.0,263,0.46059544658493873,1.0,452,0.7915936952714536,1.0,0.4448336252189142,0.9545454545454546,0.026428912593536063
clef,CD001261,8,571,22,34,37,0.8904553415061296,0.9352014010507881,1.0,1.0,1.0,263,0.46059544658493873,1.0,452,0.7915936952714536,1.0,0.5709281961471103,1.0,0.02595128164305047
clef,CD001261,9,571,22,36,37,0.886952714535902,0.9352014010507881,1.0,1.0,1.0,263,0.46059544658493873,1.0,452,0.7915936952714536,1.0,0.4308231173380035,0.8636363636363636,0.02595128164305047
clef,CD004414,0,336,7,14,14,0.9083333333333333,0.9583333333333334,1.0,1.0,1.0,312,0.9285714285714286,1.0,320,0.9523809523809523,1.0,1.0,1.0,0.026360544217687076
clef,CD004414,1,336,7,14,14,0.9083333333333333,0.9583333333333334,1.0,1.0,1.0,312,0.9285714285714286,1.0,320,0.9523809523809523,1.0,1.0,1.0,0.02806122448979592
clef,CD004414,2,336,7,14,14,0.9083333333333333,0.9583333333333334,1.0,1.0,1.0,312,0.9285714285714286,1.0,320,0.9523809523809523,1.0,1.0,1.0,0.02806122448979592
clef,CD004414,3,336,7,17,17,0.8994047619047619,0.9494047619047619,1.0,1.0,1.0,336,1.0,1.0,321,0.9553571428571429,1.0,1.0,1.0,0.03188775510204082
clef,CD004414,4,336,7,14,14,0.9083333333333333,0.9583333333333334,1.0,1.0,1.0,312,0.9285714285714286,1.0,320,0.9523809523809523,1.0,1.0,1.0,0.026360544217687076
clef,CD004414,5,336,7,14,14,0.9083333333333333,0.9583333333333334,1.0,1.0,1.0,312,0.9285714285714286,1.0,320,0.9523809523809523,1.0,1.0,1.0,0.026360544217687076
clef,CD004414,6,336,7,14,14,0.9083333333333333,0.9583333333333334,1.0,1.0,1.0,312,0.9285714285714286,1.0,320,0.9523809523809523,1.0,1.0,1.0,0.02806122448979592
clef,CD004414,7,336,7,16,16,0.9023809523809524,0.9523809523809523,1.0,1.0,1.0,336,1.0,1.0,320,0.9523809523809523,1.0,1.0,1.0,0.02976190476190476
clef,CD004414,8,336,7,14,14,0.9083333333333333,0.9583333333333334,1.0,1.0,1.0,312,0.9285714285714286,1.0,320,0.9523809523809523,1.0,1.0,1.0,0.026360544217687076
clef,CD004414,9,336,7,14,14,0.9083333333333333,0.9583333333333334,1.0,1.0,1.0,312,0.9285714285714286,1.0,320,0.9523809523809523,1.0,1.0,1.0,0.026360544217687076
clef,CD006468,0,3874,12,22,22,0.9443211151264842,0.9943211151264842,1.0,1.0,1.0,288,0.0743417656169334,1.0,3682,0.9504388229220444,1.0,0.6657201858544141,0.9166666666666666,0.002065049044914817
clef,CD006468,1,3874,12,22,22,0.9443211151264842,0.9943211151264842,1.0,1.0,1.0,288,0.0743417656169334,1.0,3682,0.9504388229220444,1.0,0.9233350542075375,1.0,0.002065049044914817
clef,CD006468,2,3874,12,20,20,0.944837377387713,0.9948373773877129,1.0,1.0,1.0,261,0.06737222509034589,1.0,3682,0.9504388229220444,1.0,0.825503355704698,1.0,0.001979005334710033
clef,CD006468,3,3874,12,22,22,0.9443211151264842,0.9943211151264842,1.0,1.0,1.0,288,0.0743417656169334,1.0,3682,0.9504388229220444,1.0,0.5947341249354672,1.0,0.002065049044914817
clef,CD006468,4,3874,12,20,20,0.944837377387713,0.9948373773877129,1.0,1.0,1.0,261,0.06737222509034589,1.0,3682,0.9504388229220444,1.0,0.7212183789364998,1.0,0.001979005334710033
clef,CD006468,5,3874,12,20,20,0.944837377387713,0.9948373773877129,1.0,1.0,1.0,261,0.06737222509034589,1.0,3682,0.9504388229220444,1.0,0.6892101187403201,1.0,0.001979005334710033
clef,CD006468,6,3874,12,22,22,0.9443211151264842,0.9943211151264842,1.0,1.0,1.0,288,0.0743417656169334,1.0,3682,0.9504388229220444,1.0,0.8012390294269489,1.0,0.0020435381173636207
clef,CD006468,7,3874,12,22,22,0.9443211151264842,0.9943211151264842,1.0,1.0,1.0,288,0.0743417656169334,1.0,3682,0.9504388229220444,1.0,0.879710893133712,1.0,0.0020435381173636207
clef,CD006468,8,3874,12,20,20,0.944837377387713,0.9948373773877129,1.0,1.0,1.0,261,0.06737222509034589,1.0,3682,0.9504388229220444,1.0,0.6355188435725349,1.0,0.001979005334710033
clef,CD006468,9,3874,12,20,20,0.944837377387713,0.9948373773877129,1.0,1.0,1.0,261,0.06737222509034589,1.0,3682,0.9504388229220444,1.0,0.8784202374806401,0.9166666666666666,0.0019574944071588368
clef,CD007867,0,943,9,38,38,0.9097030752916225,0.9597030752916225,1.0,1.0,1.0,659,0.6988335100742312,1.0,898,0.9522799575821845,1.0,1.0,1.0,0.011311417462000706
clef,CD007867,1,943,9,38,38,0.9097030752916225,0.9597030752916225,1.0,1.0,1.0,659,0.6988335100742312,1.0,898,0.9522799575821845,1.0,1.0,1.0,0.011311417462000706
clef,CD007867,2,943,9,38,38,0.9097030752916225,0.9597030752916225,1.0,1.0,1.0,659,0.6988335100742312,1.0,898,0.9522799575821845,1.0,1.0,1.0,0.011311417462000706
clef,CD007867,3,943,9,38,38,0.9097030752916225,0.9597030752916225,1.0,1.0,1.0,659,0.6988335100742312,1.0,898,0.9522799575821845,1.0,1.0,1.0,0.011311417462000706
clef,CD007867,4,943,9,38,38,0.9097030752916225,0.9597030752916225,1.0,1.0,1.0,659,0.6988335100742312,1.0,898,0.9522799575821845,1.0,1.0,1.0,0.011311417462000706
clef,CD007867,5,943,9,38,38,0.9097030752916225,0.9597030752916225,1.0,1.0,1.0,659,0.6988335100742312,1.0,898,0.9522799575821845,1.0,1.0,1.0,0.011311417462000706
clef,CD007867,6,943,9,38,38,0.9097030752916225,0.9597030752916225,1.0,1.0,1.0,659,0.6988335100742312,1.0,898,0.9522799575821845,1.0,1.0,1.0,0.011311417462000706
clef,CD007867,7,943,9,38,38,0.9097030752916225,0.9597030752916225,1.0,1.0,1.0,659,0.6988335100742312,1.0,898,0.9522799575821845,1.0,1.0,1.0,0.011311417462000706
clef,CD007867,8,943,9,38,38,0.9097030752916225,0.9597030752916225,1.0,1.0,1.0,659,0.6988335100742312,1.0,898,0.9522799575821845,1.0,1.0,1.0,0.011311417462000706
clef,CD007867,9,943,9,38,38,0.9097030752916225,0.9597030752916225,1.0,1.0,1.0,659,0.6988335100742312,1.0,898,0.9522799575821845,1.0,1.0,1.0,0.011311417462000706
clef,CD008874,0,2382,110,332,526,0.8106213266162888,0.7791771620486986,0.8636363636363636,0.990909090909091,1.0,1184,0.49706129303106633,1.0,1255,0.5268681780016793,1.0,0.15155331654072207,0.7545454545454545,0.04970612930310664
clef,CD008874,1,2382,110,332,526,0.8106213266162888,0.7791771620486986,0.8636363636363636,0.990909090909091,1.0,1184,0.49706129303106633,1.0,1255,0.5268681780016793,1.0,0.15575146935348447,0.8,0.04984733989771773
clef,CD008874,2,2382,110,332,526,0.8106213266162888,0.7791771620486986,0.8636363636363636,0.990909090909091,1.0,1184,0.49706129303106633,1.0,1255,0.5268681780016793,1.0,0.21872376154492024,0.9818181818181818,0.04970612930310664
clef,CD008874,3,2382,110,332,526,0.8106213266162888,0.7791771620486986,0.8636363636363636,0.990909090909091,1.0,1184,0.49706129303106633,1.0,1255,0.5268681780016793,1.0,0.1624685138539043,0.7363636363636363,0.04984733989771773
clef,CD008874,4,2382,110,332,526,0.8106213266162888,0.7791771620486986,0.8636363636363636,0.990909090909091,1.0,1184,0.49706129303106633,1.0,1255,0.5268681780016793,1.0,0.2170445004198153,0.9727272727272728,0.049866422410503014
clef,CD008874,5,2382,110,332,526,0.8106213266162888,0.7791771620486986,0.8636363636363636,0.990909090909091,1.0,1184,0.49706129303106633,1.0,1255,0.5268681780016793,1.0,0.1397984886649874,0.8181818181818182,0.04970612930310664
clef,CD008874,6,2382,110,332,526,0.8106213266162888,0.7791771620486986,0.8636363636363636,0.990909090909091,1.0,1184,0.49706129303106633,1.0,1255,0.5268681780016793,1.0,0.2518891687657431,0.9818181818181818,0.049702312800549577
clef,CD008874,7,2382,110,332,526,0.8106213266162888,0.7791771620486986,0.8636363636363636,0.990909090909091,1.0,1184,0.49706129303106633,1.0,1255,0.5268681780016793,1.0,0.22418136020151133,0.9454545454545454,0.04970612930310664
clef,CD008874,8,2382,110,332,526,0.8106213266162888,0.7791771620486986,0.8636363636363636,0.990909090909091,1.0,1184,0.49706129303106633,1.0,1255,0.5268681780016793,1.0,0.24517212426532325,0.9636363636363636,0.049702312800549577
clef,CD008874,9,2382,110,332,526,0.8106213266162888,0.7791771620486986,0.8636363636363636,0.990909090909091,1.0,1184,0.49706129303106633,1.0,1255,0.5268681780016793,1.0,0.23635600335852225,0.9545454545454546,0.049702312800549577
clef,CD009044,0,3169,1,45,45,0.9357999368886084,0.9857999368886083,1.0,1.0,1.0,3169,1.0,1.0,3013,0.9507731145471757,1.0,1.0,1.0,0.014200063111391607
clef,CD009044,1,3169,1,43,43,0.9364310508046703,0.9864310508046702,1.0,1.0,1.0,3169,1.0,1.0,3013,0.9507731145471757,1.0,1.0,1.0,0.013568949195329758
clef,CD009044,2,3169,1,43,43,0.9364310508046703,0.9864310508046702,1.0,1.0,1.0,3169,1.0,1.0,3013,0.9507731145471757,1.0,1.0,1.0,0.013568949195329758
clef,CD009044,3,3169,1,43,43,0.9364310508046703,0.9864310508046702,1.0,1.0,1.0,3169,1.0,1.0,3013,0.9507731145471757,1.0,1.0,1.0,0.013568949195329758
clef,CD009044,4,3169,1,44,44,0.9361154938466393,0.9861154938466393,1.0,1.0,1.0,3169,1.0,1.0,3013,0.9507731145471757,1.0,1.0,1.0,0.013884506153360681
clef,CD009044,5,3169,1,45,45,0.9357999368886084,0.9857999368886083,1.0,1.0,1.0,3169,1.0,1.0,3013,0.9507731145471757,1.0,1.0,1.0,0.014200063111391607
clef,CD009044,6,3169,1,44,44,0.9361154938466393,0.9861154938466393,1.0,1.0,1.0,3169,1.0,1.0,3013,0.9507731145471757,1.0,1.0,1.0,0.013884506153360681
clef,CD009044,7,3169,1,44,44,0.9361154938466393,0.9861154938466393,1.0,1.0,1.0,3169,1.0,1.0,3013,0.9507731145471757,1.0,1.0,1.0,0.013884506153360681
clef,CD009044,8,3169,1,44,44,0.9361154938466393,0.9861154938466393,1.0,1.0,1.0,3169,1.0,1.0,3013,0.9507731145471757,1.0,1.0,1.0,0.013884506153360681
clef,CD009044,9,3169,1,44,44,0.9361154938466393,0.9861154938466393,1.0,1.0,1.0,3169,1.0,1.0,3013,0.9507731145471757,1.0,1.0,1.0,0.013884506153360681
clef,CD009069,0,1757,5,107,107,0.8891007398975527,0.9391007398975526,1.0,1.0,1.0,1757,1.0,1.0,1675,0.9533295389869095,1.0,1.0,1.0,0.021400113830392715
clef,CD009069,1,1757,5,107,107,0.8891007398975527,0.9391007398975526,1.0,1.0,1.0,1757,1.0,1.0,1675,0.9533295389869095,1.0,1.0,1.0,0.020717131474103586
clef,CD009069,2,1757,5,107,107,0.8891007398975527,0.9391007398975526,1.0,1.0,1.0,1757,1.0,1.0,1675,0.9533295389869095,1.0,1.0,1.0,0.020944792259533294
clef,CD009069,3,1757,5,107,107,0.8891007398975527,0.9391007398975526,1.0,1.0,1.0,1757,1.0,1.0,1675,0.9533295389869095,1.0,1.0,1.0,0.020603301081388734
clef,CD009069,4,1757,5,107,107,0.8891007398975527,0.9391007398975526,1.0,1.0,1.0,1757,1.0,1.0,1675,0.9533295389869095,1.0,1.0,1.0,0.020830961866818442
clef,CD009069,5,1757,5,107,107,0.8891007398975527,0.9391007398975526,1.0,1.0,1.0,1757,1.0,1.0,1675,0.9533295389869095,1.0,1.0,1.0,0.020944792259533294
clef,CD009069,6,1757,5,107,107,0.8891007398975527,0.9391007398975526,1.0,1.0,1.0,1757,1.0,1.0,1675,0.9533295389869095,1.0,1.0,1.0,0.020944792259533294
clef,CD009069,7,1757,5,107,107,0.8891007398975527,0.9391007398975526,1.0,1.0,1.0,1757,1.0,1.0,1675,0.9533295389869095,1.0,1.0,1.0,0.020489470688673878
clef,CD009069,8,1757,5,107,107,0.8891007398975527,0.9391007398975526,1.0,1.0,1.0,1757,1.0,1.0,1675,0.9533295389869095,1.0,1.0,1.0,0.021400113830392715
clef,CD009069,9,1757,5,107,107,0.8891007398975527,0.9391007398975526,1.0,1.0,1.0,1757,1.0,1.0,1675,0.9533295389869095,1.0,1.0,1.0,0.02128628343767786
clef,CD009642,0,1922,50,66,179,0.9156607700312175,0.9068678459937565,1.0,1.0,1.0,357,0.18574401664932363,1.0,1280,0.6659729448491155,1.0,0.11914672216441206,0.84,0.016732570239334027
clef,CD009642,1,1922,50,66,179,0.9156607700312175,0.9068678459937565,1.0,1.0,1.0,357,0.18574401664932363,1.0,1280,0.6659729448491155,1.0,0.24297606659729448,0.9,0.016784599375650362
clef,CD009642,2,1922,50,66,179,0.9156607700312175,0.9068678459937565,1.0,1.0,1.0,357,0.18574401664932363,1.0,1280,0.6659729448491155,1.0,0.14724245577523412,0.82,0.01676378772112383
clef,CD009642,3,1922,50,66,179,0.9156607700312175,0.9068678459937565,1.0,1.0,1.0,357,0.18574401664932363,1.0,1280,0.6659729448491155,1.0,0.14984391259105098,0.96,0.01676378772112383
clef,CD009642,4,1922,50,66,179,0.9156607700312175,0.9068678459937565,1.0,1.0,1.0,357,0.18574401664932363,1.0,1280,0.6659729448491155,1.0,0.2721123829344433,0.92,0.016753381893860563
clef,CD009642,5,1922,50,66,179,0.9156607700312175,0.9068678459937565,1.0,1.0,1.0,357,0.18574401664932363,1.0,1280,0.6659729448491155,1.0,0.14672216441207075,0.96,0.0167741935483871
clef,CD009642,6,1922,50,66,179,0.9156607700312175,0.9068678459937565,1.0,1.0,1.0,357,0.18574401664932363,1.0,1280,0.6659729448491155,1.0,0.2721123829344433,0.82,0.016784599375650362
clef,CD009642,7,1922,50,66,179,0.9156607700312175,0.9068678459937565,1.0,1.0,1.0,357,0.18574401664932363,1.0,1280,0.6659729448491155,1.0,0.23621227887617066,0.9,0.016753381893860563
clef,CD009642,8,1922,50,66,179,0.9156607700312175,0.9068678459937565,1.0,1.0,1.0,357,0.18574401664932363,1.0,1280,0.6659729448491155,1.0,0.20031217481789804,0.88,0.016732570239334027
clef,CD009642,9,1922,50,66,179,0.9156607700312175,0.9068678459937565,1.0,1.0,1.0,357,0.18574401664932363,1.0,1280,0.6659729448491155,1.0,0.2726326742976067,0.98,0.016742976066597293
clef,CD010038,0,8867,9,44,44,0.9450377805345663,0.9950377805345664,1.0,1.0,1.0,766,0.08638772978459457,1.0,8428,0.9504905830607872,1.0,1.0,1.0,0.00210518401563851
clef,CD010038,1,8867,9,44,44,0.9450377805345663,0.9950377805345664,1.0,1.0,1.0,766,0.08638772978459457,1.0,8428,0.9504905830607872,1.0,1.0,1.0,0.00210518401563851
clef,CD010038,2,8867,9,44,44,0.9450377805345663,0.9950377805345664,1.0,1.0,1.0,766,0.08638772978459457,1.0,8428,0.9504905830607872,1.0,1.0,1.0,0.00210518401563851
clef,CD010038,3,8867,9,44,44,0.9450377805345663,0.9950377805345664,1.0,1.0,1.0,766,0.08638772978459457,1.0,8428,0.9504905830607872,1.0,1.0,1.0,0.00210518401563851
clef,CD010038,4,8867,9,44,44,0.9450377805345663,0.9950377805345664,1.0,1.0,1.0,766,0.08638772978459457,1.0,8428,0.9504905830607872,1.0,1.0,1.0,0.00210518401563851
clef,CD010038,5,8867,9,44,44,0.9450377805345663,0.9950377805345664,1.0,1.0,1.0,766,0.08638772978459457,1.0,8428,0.9504905830607872,1.0,1.0,1.0,0.00210518401563851
clef,CD010038,6,8867,9,44,44,0.9450377805345663,0.9950377805345664,1.0,1.0,1.0,766,0.08638772978459457,1.0,8428,0.9504905830607872,1.0,1.0,1.0,0.00210518401563851
clef,CD010038,7,8867,9,44,44,0.9450377805345663,0.9950377805345664,1.0,1.0,1.0,766,0.08638772978459457,1.0,8428,0.9504905830607872,1.0,1.0,1.0,0.00210518401563851
clef,CD010038,8,8867,9,44,44,0.9450377805345663,0.9950377805345664,1.0,1.0,1.0,766,0.08638772978459457,1.0,8428,0.9504905830607872,1.0,1.0,1.0,0.00210518401563851
clef,CD010038,9,8867,9,44,44,0.9450377805345663,0.9950377805345664,1.0,1.0,1.0,766,0.08638772978459457,1.0,8428,0.9504905830607872,1.0,1.0,1.0,0.00210518401563851
clef,CD010239,0,224,10,11,11,0.9008928571428572,0.9508928571428571,1.0,1.0,1.0,172,0.7678571428571429,1.0,214,0.9553571428571429,1.0,1.0,1.0,0.024999999999999998
clef,CD010239,1,224,10,11,11,0.9008928571428572,0.9508928571428571,1.0,1.0,1.0,172,0.7678571428571429,1.0,214,0.9553571428571429,1.0,0.9285714285714286,1.0,0.024999999999999998
clef,CD010239,2,224,10,11,11,0.9008928571428572,0.9508928571428571,1.0,1.0,1.0,172,0.7678571428571429,1.0,214,0.9553571428571429,1.0,0.8169642857142857,1.0,0.024999999999999998
clef,CD010239,3,224,10,11,11,0.9008928571428572,0.9508928571428571,1.0,1.0,1.0,172,0.7678571428571429,1.0,214,0.9553571428571429,1.0,0.9910714285714286,1.0,0.024999999999999998
clef,CD010239,4,224,10,11,11,0.9008928571428572,0.9508928571428571,1.0,1.0,1.0,172,0.7678571428571429,1.0,214,0.9553571428571429,1.0,0.9776785714285714,1.0,0.024999999999999998
clef,CD010239,5,224,10,11,11,0.9008928571428572,0.9508928571428571,1.0,1.0,1.0,172,0.7678571428571429,1.0,214,0.9553571428571429,1.0,0.9553571428571429,1.0,0.024999999999999998
clef,CD010239,6,224,10,11,11,0.9008928571428572,0.9508928571428571,1.0,1.0,1.0,172,0.7678571428571429,1.0,214,0.9553571428571429,1.0,0.8571428571428571,1.0,0.024999999999999998
clef,CD010239,7,224,10,11,11,0.9008928571428572,0.9508928571428571,1.0,1.0,1.0,172,0.7678571428571429,1.0,214,0.9553571428571429,1.0,0.9776785714285714,1.0,0.024999999999999998
clef,CD010239,8,224,10,11,11,0.9008928571428572,0.9508928571428571,1.0,1.0,1.0,172,0.7678571428571429,1.0,214,0.9553571428571429,1.0,0.8928571428571429,1.0,0.024999999999999998
clef,CD010239,9,224,10,11,11,0.9008928571428572,0.9508928571428571,1.0,1.0,1.0,172,0.7678571428571429,1.0,214,0.9553571428571429,1.0,0.7678571428571429,1.0,0.024999999999999998
clef,CD010558,0,2815,10,88,88,0.9187388987566607,0.9687388987566607,1.0,1.0,1.0,470,0.1669626998223801,1.0,2679,0.9516873889875667,1.0,0.872113676731794,1.0,0.005364120781527531
clef,CD010558,1,2815,10,88,88,0.9187388987566607,0.9687388987566607,1.0,1.0,1.0,470,0.1669626998223801,1.0,2679,0.9516873889875667,1.0,0.8589698046181172,1.0,0.005364120781527531
clef,CD010558,2,2815,10,88,88,0.9187388987566607,0.9687388987566607,1.0,1.0,1.0,470,0.1669626998223801,1.0,2679,0.9516873889875667,1.0,0.9360568383658969,1.0,0.005364120781527531
clef,CD010558,3,2815,10,88,88,0.9187388987566607,0.9687388987566607,1.0,1.0,1.0,470,0.1669626998223801,1.0,2679,0.9516873889875667,1.0,0.9609236234458259,1.0,0.005364120781527531
clef,CD010558,4,2815,10,88,88,0.9187388987566607,0.9687388987566607,1.0,1.0,1.0,470,0.1669626998223801,1.0,2679,0.9516873889875667,1.0,0.9687388987566607,1.0,0.005364120781527531
clef,CD010558,5,2815,10,88,88,0.9187388987566607,0.9687388987566607,1.0,1.0,1.0,470,0.1669626998223801,1.0,2679,0.9516873889875667,1.0,0.9513321492007105,1.0,0.005364120781527531
clef,CD010558,6,2815,10,88,88,0.9187388987566607,0.9687388987566607,1.0,1.0,1.0,470,0.1669626998223801,1.0,2679,0.9516873889875667,1.0,0.7591474245115453,1.0,0.005364120781527531
clef,CD010558,7,2815,10,88,88,0.9187388987566607,0.9687388987566607,1.0,1.0,1.0,470,0.1669626998223801,1.0,2679,0.9516873889875667,1.0,0.8010657193605684,1.0,0.005364120781527531
clef,CD010558,8,2815,10,88,88,0.9187388987566607,0.9687388987566607,1.0,1.0,1.0,470,0.1669626998223801,1.0,2679,0.9516873889875667,1.0,0.8408525754884547,1.0,0.005364120781527531
clef,CD010558,9,2815,10,88,88,0.9187388987566607,0.9687388987566607,1.0,1.0,1.0,470,0.1669626998223801,1.0,2679,0.9516873889875667,1.0,0.9687388987566607,1.0,0.005364120781527531
clef,CD010753,0,2539,20,132,184,0.8980110279637653,0.9275305238282788,1.0,1.0,1.0,1436,0.5655769988184325,1.0,2013,0.7928318235525798,1.0,0.4029145332808192,0.7,0.01833398975974793
clef,CD010753,1,2539,20,132,184,0.8980110279637653,0.9275305238282788,1.0,1.0,1.0,1436,0.5655769988184325,1.0,2013,0.7928318235525798,1.0,0.44545096494682945,0.95,0.01833398975974793
clef,CD010753,2,2539,20,132,184,0.8980110279637653,0.9275305238282788,1.0,1.0,1.0,1436,0.5655769988184325,1.0,2013,0.7928318235525798,1.0,0.46593146908231586,1.0,0.01833398975974793
clef,CD010753,3,2539,20,132,184,0.8980110279637653,0.9275305238282788,1.0,1.0,1.0,1436,0.5655769988184325,1.0,2013,0.7928318235525798,1.0,0.6545884206380465,0.7,0.01833398975974793
clef,CD010753,4,2539,20,132,184,0.8980110279637653,0.9275305238282788,1.0,1.0,1.0,1436,0.5655769988184325,1.0,2013,0.7928318235525798,1.0,0.5955100433241434,0.8,0.01833398975974793
clef,CD010753,5,2539,20,132,184,0.8980110279637653,0.9275305238282788,1.0,1.0,1.0,1436,0.5655769988184325,1.0,2013,0.7928318235525798,1.0,0.5033477747144545,1.0,0.01833398975974793
clef,CD010753,6,2539,20,132,184,0.8980110279637653,0.9275305238282788,1.0,1.0,1.0,1436,0.5655769988184325,1.0,2013,0.7928318235525798,1.0,0.5348562426152028,0.85,0.01833398975974793
clef,CD010753,7,2539,20,132,184,0.8980110279637653,0.9275305238282788,1.0,1.0,1.0,1436,0.5655769988184325,1.0,2013,0.7928318235525798,1.0,0.4868058290665616,1.0,0.01833398975974793
clef,CD010753,8,2539,20,132,184,0.8980110279637653,0.9275305238282788,1.0,1.0,1.0,1436,0.5655769988184325,1.0,2013,0.7928318235525798,1.0,0.43836155966916107,1.0,0.01833398975974793
clef,CD010753,9,2539,20,132,184,0.8980110279637653,0.9275305238282788,1.0,1.0,1.0,1436,0.5655769988184325,1.0,2013,0.7928318235525798,1.0,0.4151240645923592,0.95,0.01833398975974793
clef,CD011571,0,146,6,8,8,0.8952054794520548,0.9452054794520548,1.0,1.0,1.0,146,1.0,1.0,140,0.958904109589041,1.0,1.0,1.0,0.0273972602739726
clef,CD011571,1,146,6,8,8,0.8952054794520548,0.9452054794520548,1.0,1.0,1.0,146,1.0,1.0,140,0.958904109589041,1.0,1.0,1.0,0.0273972602739726
clef,CD011571,2,146,6,8,8,0.8952054794520548,0.9452054794520548,1.0,1.0,1.0,146,1.0,1.0,140,0.958904109589041,1.0,1.0,1.0,0.0273972602739726
clef,CD011571,3,146,6,8,8,0.8952054794520548,0.9452054794520548,1.0,1.0,1.0,146,1.0,1.0,140,0.958904109589041,1.0,1.0,1.0,0.0273972602739726
clef,CD011571,4,146,6,8,8,0.8952054794520548,0.9452054794520548,1.0,1.0,1.0,146,1.0,1.0,140,0.958904109589041,1.0,1.0,1.0,0.0273972602739726
clef,CD011571,5,146,6,8,8,0.8952054794520548,0.9452054794520548,1.0,1.0,1.0,146,1.0,1.0,140,0.958904109589041,1.0,1.0,1.0,0.0273972602739726
clef,CD011571,6,146,6,8,8,0.8952054794520548,0.9452054794520548,1.0,1.0,1.0,146,1.0,1.0,140,0.958904109589041,1.0,1.0,1.0,0.0273972602739726
clef,CD011571,7,146,6,8,8,0.8952054794520548,0.9452054794520548,1.0,1.0,1.0,146,1.0,1.0,140,0.958904109589041,1.0,1.0,1.0,0.0273972602739726
clef,CD011571,8,146,6,8,8,0.8952054794520548,0.9452054794520548,1.0,1.0,1.0,146,1.0,1.0,140,0.958904109589041,1.0,1.0,1.0,0.0273972602739726
clef,CD011571,9,146,6,8,8,0.8952054794520548,0.9452054794520548,1.0,1.0,1.0,146,1.0,1.0,140,0.958904109589041,1.0,1.0,1.0,0.0273972602739726
clef,CD011686,0,9729,3,10,10,0.9489721451331072,0.9989721451331072,1.0,1.0,1.0,528,0.054270736971939564,1.0,9244,0.9501490389556995,1.0,1.0,1.0,0.00044540377565354435
clef,CD011686,1,9729,3,10,10,0.9489721451331072,0.9989721451331072,1.0,1.0,1.0,528,0.054270736971939564,1.0,9244,0.9501490389556995,1.0,1.0,1.0,0.00044540377565354435
clef,CD011686,2,9729,3,10,10,0.9489721451331072,0.9989721451331072,1.0,1.0,1.0,528,0.054270736971939564,1.0,9244,0.9501490389556995,1.0,1.0,1.0,0.00044540377565354435
clef,CD011686,3,9729,3,10,10,0.9489721451331072,0.9989721451331072,1.0,1.0,1.0,528,0.054270736971939564,1.0,9244,0.9501490389556995,1.0,1.0,1.0,0.00044540377565354435
clef,CD011686,4,9729,3,10,10,0.9489721451331072,0.9989721451331072,1.0,1.0,1.0,528,0.054270736971939564,1.0,9244,0.9501490389556995,1.0,1.0,1.0,0.00044540377565354435
clef,CD011686,5,9729,3,10,10,0.9489721451331072,0.9989721451331072,1.0,1.0,1.0,528,0.054270736971939564,1.0,9244,0.9501490389556995,1.0,1.0,1.0,0.00044540377565354435
clef,CD011686,6,9729,3,10,10,0.9489721451331072,0.9989721451331072,1.0,1.0,1.0,528,0.054270736971939564,1.0,9244,0.9501490389556995,1.0,1.0,1.0,0.00044540377565354435
clef,CD011686,7,9729,3,10,10,0.9489721451331072,0.9989721451331072,1.0,1.0,1.0,528,0.054270736971939564,1.0,9244,0.9501490389556995,1.0,1.0,1.0,0.00044540377565354435
clef,CD011686,8,9729,3,10,10,0.9489721451331072,0.9989721451331072,1.0,1.0,1.0,528,0.054270736971939564,1.0,9244,0.9501490389556995,1.0,1.0,1.0,0.00044540377565354435
clef,CD011686,9,9729,3,10,10,0.9489721451331072,0.9989721451331072,1.0,1.0,1.0,528,0.054270736971939564,1.0,9244,0.9501490389556995,1.0,1.0,1.0,0.00044540377565354435
clef,CD011768,0,9160,25,123,171,0.9365720524017467,0.9813318777292577,1.0,1.0,1.0,1203,0.13133187772925764,1.0,7152,0.7807860262008733,1.0,0.3944323144104803,1.0,0.0043842794759825325
clef,CD011768,1,9160,25,123,171,0.9365720524017467,0.9813318777292577,1.0,1.0,1.0,1203,0.13133187772925764,1.0,7152,0.7807860262008733,1.0,0.48231441048034934,1.0,0.0044410480349344975
clef,CD011768,2,9160,25,123,171,0.9365720524017467,0.9813318777292577,1.0,1.0,1.0,1203,0.13133187772925764,1.0,7152,0.7807860262008733,1.0,0.5328602620087336,1.0,0.0044410480349344975
clef,CD011768,3,9160,25,123,171,0.9365720524017467,0.9813318777292577,1.0,1.0,1.0,1203,0.13133187772925764,1.0,7152,0.7807860262008733,1.0,0.30731441048034935,0.88,0.00443231441048035
clef,CD011768,4,9160,25,123,171,0.9365720524017467,0.9813318777292577,1.0,1.0,1.0,1203,0.13133187772925764,1.0,7152,0.7807860262008733,1.0,0.3224890829694323,0.96,0.0043842794759825325
clef,CD011768,5,9160,25,123,171,0.9365720524017467,0.9813318777292577,1.0,1.0,1.0,1203,0.13133187772925764,1.0,7152,0.7807860262008733,1.0,0.3837336244541485,0.92,0.00443231441048035
clef,CD011768,6,9160,25,123,171,0.9365720524017467,0.9813318777292577,1.0,1.0,1.0,1203,0.13133187772925764,1.0,7152,0.7807860262008733,1.0,0.28908296943231443,0.96,0.004475982532751091
clef,CD011768,7,9160,25,123,171,0.9365720524017467,0.9813318777292577,1.0,1.0,1.0,1203,0.13133187772925764,1.0,7152,0.7807860262008733,1.0,0.5657205240174672,1.0,0.00443231441048035
clef,CD011768,8,9160,25,123,171,0.9365720524017467,0.9813318777292577,1.0,1.0,1.0,1203,0.13133187772925764,1.0,7152,0.7807860262008733,1.0,0.4996724890829694,1.0,0.0043842794759825325
clef,CD011768,9,9160,25,123,171,0.9365720524017467,0.9813318777292577,1.0,1.0,1.0,1203,0.13133187772925764,1.0,7152,0.7807860262008733,1.0,0.27718340611353715,0.96,0.0043842794759825325
clef,CD011787,0,4369,28,206,269,0.9028496223392081,0.9384298466468299,1.0,1.0,1.0,1766,0.4042114900434882,1.0,3452,0.7901121538109407,1.0,0.3437857633325704,1.0,0.011288951378216656
clef,CD011787,1,4369,28,206,269,0.9028496223392081,0.9384298466468299,1.0,1.0,1.0,1766,0.4042114900434882,1.0,3452,0.7901121538109407,1.0,0.4740215152208743,0.9642857142857143,0.011387045090409704
clef,CD011787,2,4369,28,206,269,0.9028496223392081,0.9384298466468299,1.0,1.0,1.0,1766,0.4042114900434882,1.0,3452,0.7901121538109407,1.0,0.42114900434882124,1.0,0.011387045090409704
clef,CD011787,3,4369,28,206,269,0.9028496223392081,0.9384298466468299,1.0,1.0,1.0,1766,0.4042114900434882,1.0,3452,0.7901121538109407,1.0,0.28793774319066145,1.0,0.011264427950168394
clef,CD011787,4,4369,28,206,269,0.9028496223392081,0.9384298466468299,1.0,1.0,1.0,1766,0.4042114900434882,1.0,3452,0.7901121538109407,1.0,0.41611352712291144,1.0,0.011288951378216656
clef,CD011787,5,4369,28,206,269,0.9028496223392081,0.9384298466468299,1.0,1.0,1.0,1766,0.4042114900434882,1.0,3452,0.7901121538109407,1.0,0.4115358205539025,1.0,0.011288951378216656
clef,CD011787,6,4369,28,206,269,0.9028496223392081,0.9384298466468299,1.0,1.0,1.0,1766,0.4042114900434882,1.0,3452,0.7901121538109407,1.0,0.2785534447241932,1.0,0.011411568518457966
clef,CD011787,7,4369,28,206,269,0.9028496223392081,0.9384298466468299,1.0,1.0,1.0,1766,0.4042114900434882,1.0,3452,0.7901121538109407,1.0,0.41336690318150604,1.0,0.011239904522120132
clef,CD011787,8,4369,28,206,269,0.9028496223392081,0.9384298466468299,1.0,1.0,1.0,1766,0.4042114900434882,1.0,3452,0.7901121538109407,1.0,0.4536507209887846,0.9642857142857143,0.011411568518457966
clef,CD011787,9,4369,28,206,269,0.9028496223392081,0.9384298466468299,1.0,1.0,1.0,1766,0.4042114900434882,1.0,3452,0.7901121538109407,1.0,0.39665827420462346,1.0,0.011411568518457966
clef,CD011977,0,195,37,91,104,0.48333333333333334,0.4666666666666667,0.40540540540540543,0.6756756756756757,0.7837837837837838,195,1.0,1.0,175,0.8974358974358975,1.0,0.558974358974359,0.8918918918918919,0.1796257796257796
clef,CD011977,1,195,37,91,104,0.48333333333333334,0.4666666666666667,0.35135135135135137,0.6756756756756757,0.7837837837837838,195,1.0,1.0,175,0.8974358974358975,1.0,0.5230769230769231,0.8108108108108109,0.18309078309078308
clef,CD011977,2,195,37,91,104,0.48333333333333334,0.4666666666666667,0.35135135135135137,0.6756756756756757,0.7837837837837838,195,1.0,1.0,175,0.8974358974358975,1.0,0.5692307692307692,0.8918918918918919,0.1832293832293832
clef,CD011977,3,195,37,91,104,0.48333333333333334,0.4666666666666667,0.40540540540540543,0.6756756756756757,0.7837837837837838,195,1.0,1.0,175,0.8974358974358975,1.0,0.5743589743589743,0.918918918918919,0.1794871794871795
clef,CD011977,4,195,37,91,104,0.48333333333333334,0.4666666666666667,0.40540540540540543,0.6756756756756757,0.7837837837837838,195,1.0,1.0,175,0.8974358974358975,1.0,0.6923076923076923,1.0,0.1796257796257796
clef,CD011977,5,195,37,91,104,0.48333333333333334,0.4666666666666667,0.40540540540540543,0.6756756756756757,0.7837837837837838,195,1.0,1.0,175,0.8974358974358975,1.0,0.6512820512820513,1.0,0.1794871794871795
clef,CD011977,6,195,37,91,104,0.48333333333333334,0.4666666666666667,0.40540540540540543,0.6756756756756757,0.7837837837837838,195,1.0,1.0,175,0.8974358974358975,1.0,0.6102564102564103,0.8648648648648649,0.1794871794871795
clef,CD011977,7,195,37,91,104,0.48333333333333334,0.4666666666666667,0.35135135135135137,0.6756756756756757,0.7837837837837838,195,1.0,1.0,175,0.8974358974358975,1.0,0.6615384615384615,0.8918918918918919,0.1832293832293832
clef,CD011977,8,195,37,91,104,0.48333333333333334,0.4666666666666667,0.40540540540540543,0.6756756756756757,0.7837837837837838,195,1.0,1.0,175,0.8974358974358975,1.0,0.6307692307692307,1.0,0.1794871794871795
clef,CD011977,9,195,37,91,104,0.48333333333333334,0.4666666666666667,0.40540540540540543,0.6756756756756757,0.7837837837837838,195,1.0,1.0,175,0.8974358974358975,1.0,0.5743589743589743,0.8648648648648649,0.1794871794871795
clef,CD012069,0,3479,245,1372,2206,0.5556338028169014,0.3659097441793619,0.6122448979591837,0.8530612244897959,0.9224489795918367,1260,0.36217303822937624,0.9428571428571428,2453,0.705087668870365,1.0,0.5507329692440357,0.9836734693877551,0.10946260654304837
clef,CD012069,1,3479,245,1372,2206,0.5556338028169014,0.3659097441793619,0.6244897959183674,0.8530612244897959,0.9224489795918367,1260,0.36217303822937624,0.9428571428571428,2453,0.705087668870365,1.0,0.22592699051451567,0.8122448979591836,0.10932182013362977
clef,CD012069,2,3479,245,1372,2206,0.5556338028169014,0.3659097441793619,0.6244897959183674,0.8530612244897959,0.9224489795918367,1260,0.36217303822937624,0.9428571428571428,2453,0.705087668870365,1.0,0.5211267605633803,0.9755102040816327,0.10932182013362977
clef,CD012069,3,3479,245,1372,2206,0.5556338028169014,0.3659097441793619,0.6122448979591837,0.8530612244897959,0.9224489795918367,1260,0.36217303822937624,0.9428571428571428,2453,0.705087668870365,1.0,0.3049726933026732,0.9020408163265307,0.1094485279021065
clef,CD012069,4,3479,245,1372,2206,0.5556338028169014,0.3659097441793619,0.6244897959183674,0.8530612244897959,0.9224489795918367,1260,0.36217303822937624,0.9428571428571428,2453,0.705087668870365,1.0,0.43374532911756253,0.9510204081632653,0.10933003267417918
clef,CD012069,5,3479,245,1372,2206,0.5556338028169014,0.3659097441793619,0.6122448979591837,0.8530612244897959,0.9224489795918367,1260,0.36217303822937624,0.9428571428571428,2453,0.705087668870365,1.0,0.645300373670595,1.0,0.10946260654304837
clef,CD012069,6,3479,245,1372,2206,0.5556338028169014,0.3659097441793619,0.6244897959183674,0.8530612244897959,0.9224489795918367,1260,0.36217303822937624,0.9428571428571428,2453,0.705087668870365,1.0,0.5570566254670882,0.9795918367346939,0.10933003267417918
clef,CD012069,7,3479,245,1372,2206,0.5556338028169014,0.3659097441793619,0.6244897959183674,0.8530612244897959,0.9224489795918367,1260,0.36217303822937624,0.9428571428571428,2453,0.705087668870365,1.0,0.5237137108364472,0.9755102040816327,0.10941802418006581
clef,CD012069,8,3479,245,1372,2206,0.5556338028169014,0.3659097441793619,0.6122448979591837,0.8530612244897959,0.9224489795918367,1260,0.36217303822937624,0.9428571428571428,2453,0.705087668870365,1.0,0.5544696751940212,0.9836734693877551,0.10944618146194954
clef,CD012069,9,3479,245,1372,2206,0.5556338028169014,0.3659097441793619,0.6122448979591837,0.8530612244897959,0.9224489795918367,1260,0.36217303822937624,0.9428571428571428,2453,0.705087668870365,1.0,0.42483472262144295,0.9510204081632653,0.10946260654304837
clef,CD012080,0,6643,77,1026,1290,0.7955517085654072,0.8058106277284359,0.8831168831168831,1.0,1.0,5946,0.8950775252145116,1.0,3702,0.557278338100256,1.0,0.23377991871142556,0.961038961038961,0.04149275382152094
clef,CD012080,1,6643,77,1026,1290,0.7955517085654072,0.8058106277284359,0.8831168831168831,1.0,1.0,5988,0.9013999698931205,1.0,3702,0.557278338100256,1.0,0.26840283004666565,0.922077922077922,0.04055631257196815
clef,CD012080,2,6643,77,1026,1290,0.7955517085654072,0.8058106277284359,0.8831168831168831,1.0,1.0,5988,0.9013999698931205,1.0,3702,0.557278338100256,1.0,0.23950022580159566,0.974025974025974,0.04307434248725834
clef,CD012080,3,6643,77,1026,1290,0.7955517085654072,0.8058106277284359,0.8831168831168831,1.0,1.0,5988,0.9013999698931205,1.0,3702,0.557278338100256,1.0,0.21240403432184254,0.6883116883116883,0.04307434248725834
clef,CD012080,4,6643,77,1026,1290,0.7955517085654072,0.8058106277284359,0.8831168831168831,1.0,1.0,5946,0.8950775252145116,1.0,3702,0.557278338100256,1.0,0.16844799036579858,0.7532467532467533,0.04149275382152094
clef,CD012080,5,6643,77,1026,1290,0.7955517085654072,0.8058106277284359,0.8831168831168831,1.0,1.0,5946,0.8950775252145116,1.0,3702,0.557278338100256,1.0,0.30934818606051484,0.935064935064935,0.04091603113129531
clef,CD012080,6,6643,77,1026,1290,0.7955517085654072,0.8058106277284359,0.8831168831168831,1.0,1.0,5988,0.9013999698931205,1.0,3702,0.557278338100256,1.0,0.24627427367153396,0.961038961038961,0.04059150243103277
clef,CD012080,7,6643,77,1026,1290,0.7955517085654072,0.8058106277284359,0.8831168831168831,1.0,1.0,5946,0.8950775252145116,1.0,3702,0.557278338100256,1.0,0.3012193286165889,0.974025974025974,0.04149275382152094
clef,CD012080,8,6643,77,1026,1290,0.7955517085654072,0.8058106277284359,0.8831168831168831,1.0,1.0,5946,0.8950775252145116,1.0,3702,0.557278338100256,1.0,0.23754327863916905,0.948051948051948,0.041500573790201965
clef,CD012080,9,6643,77,1026,1290,0.7955517085654072,0.8058106277284359,0.8831168831168831,1.0,1.0,5988,0.9013999698931205,1.0,3702,0.557278338100256,1.0,0.18786692759295498,0.922077922077922,0.0406306022744379
clef,CD012164,0,61,3,3,3,0.9008196721311476,0.9508196721311475,1.0,1.0,1.0,61,1.0,1.0,59,0.9672131147540983,1.0,1.0,1.0,0.03278688524590164
clef,CD012164,1,61,3,3,3,0.9008196721311476,0.9508196721311475,1.0,1.0,1.0,61,1.0,1.0,59,0.9672131147540983,1.0,1.0,1.0,0.03278688524590164
clef,CD012164,2,61,3,3,3,0.9008196721311476,0.9508196721311475,1.0,1.0,1.0,61,1.0,1.0,59,0.9672131147540983,1.0,1.0,1.0,0.03278688524590164
clef,CD012164,3,61,3,3,3,0.9008196721311476,0.9508196721311475,1.0,1.0,1.0,61,1.0,1.0,59,0.9672131147540983,1.0,1.0,1.0,0.03278688524590164
clef,CD012164,4,61,3,3,3,0.9008196721311476,0.9508196721311475,1.0,1.0,1.0,61,1.0,1.0,59,0.9672131147540983,1.0,1.0,1.0,0.03278688524590164
clef,CD012164,5,61,3,3,3,0.9008196721311476,0.9508196721311475,1.0,1.0,1.0,61,1.0,1.0,59,0.9672131147540983,1.0,1.0,1.0,0.03278688524590164
clef,CD012164,6,61,3,3,3,0.9008196721311476,0.9508196721311475,1.0,1.0,1.0,61,1.0,1.0,59,0.9672131147540983,1.0,1.0,1.0,0.03278688524590164
clef,CD012164,7,61,3,3,3,0.9008196721311476,0.9508196721311475,1.0,1.0,1.0,61,1.0,1.0,59,0.9672131147540983,1.0,1.0,1.0,0.03278688524590164
clef,CD012164,8,61,3,3,3,0.9008196721311476,0.9508196721311475,1.0,1.0,1.0,61,1.0,1.0,59,0.9672131147540983,1.0,1.0,1.0,0.03278688524590164
clef,CD012164,9,61,3,3,3,0.9008196721311476,0.9508196721311475,1.0,1.0,1.0,61,1.0,1.0,59,0.9672131147540983,1.0,1.0,1.0,0.03278688524590164
clef,CD012233,0,472,9,381,381,0.14279661016949152,0.19279661016949154,0.7777777777777778,0.8888888888888888,0.8888888888888888,472,1.0,1.0,462,0.9788135593220338,1.0,1.0,1.0,0.12170433145009416
clef,CD012233,1,472,9,381,381,0.14279661016949152,0.19279661016949154,0.7777777777777778,0.8888888888888888,0.8888888888888888,472,1.0,1.0,462,0.9788135593220338,1.0,1.0,1.0,0.12170433145009416
clef,CD012233,2,472,9,381,381,0.14279661016949152,0.19279661016949154,0.7777777777777778,0.8888888888888888,0.8888888888888888,472,1.0,1.0,462,0.9788135593220338,1.0,1.0,1.0,0.12170433145009416
clef,CD012233,3,472,9,381,381,0.14279661016949152,0.19279661016949154,0.7777777777777778,0.8888888888888888,0.8888888888888888,472,1.0,1.0,462,0.9788135593220338,1.0,1.0,1.0,0.12170433145009416
clef,CD012233,4,472,9,381,381,0.14279661016949152,0.19279661016949154,0.7777777777777778,0.8888888888888888,0.8888888888888888,472,1.0,1.0,462,0.9788135593220338,1.0,1.0,1.0,0.12170433145009416
clef,CD012233,5,472,9,381,381,0.14279661016949152,0.19279661016949154,0.7777777777777778,0.8888888888888888,0.8888888888888888,472,1.0,1.0,462,0.9788135593220338,1.0,1.0,1.0,0.12170433145009416
clef,CD012233,6,472,9,381,381,0.14279661016949152,0.19279661016949154,0.7777777777777778,0.8888888888888888,0.8888888888888888,472,1.0,1.0,462,0.9788135593220338,1.0,1.0,1.0,0.12170433145009416
clef,CD012233,7,472,9,381,381,0.14279661016949152,0.19279661016949154,0.7777777777777778,0.8888888888888888,0.8888888888888888,472,1.0,1.0,462,0.9788135593220338,1.0,1.0,1.0,0.12170433145009416
clef,CD012233,8,472,9,381,381,0.14279661016949152,0.19279661016949154,0.7777777777777778,0.8888888888888888,0.8888888888888888,472,1.0,1.0,462,0.9788135593220338,1.0,1.0,1.0,0.12170433145009416
clef,CD012233,9,472,9,381,381,0.14279661016949152,0.19279661016949154,0.7777777777777778,0.8888888888888888,0.8888888888888888,472,1.0,1.0,462,0.9788135593220338,1.0,1.0,1.0,0.12170433145009416
clef,CD012455,0,1593,5,7,7,0.9456057752667922,0.9956057752667922,1.0,1.0,1.0,219,0.1374764595103578,1.0,1514,0.9504080351537979,1.0,1.0,1.0,0.0023854362837413684
clef,CD012455,1,1593,5,7,7,0.9456057752667922,0.9956057752667922,1.0,1.0,1.0,219,0.1374764595103578,1.0,1514,0.9504080351537979,1.0,1.0,1.0,0.0025109855618330196
clef,CD012455,2,1593,5,7,7,0.9456057752667922,0.9956057752667922,1.0,1.0,1.0,219,0.1374764595103578,1.0,1514,0.9504080351537979,1.0,1.0,1.0,0.0023854362837413684
clef,CD012455,3,1593,5,7,7,0.9456057752667922,0.9956057752667922,1.0,1.0,1.0,219,0.1374764595103578,1.0,1514,0.9504080351537979,1.0,1.0,1.0,0.0025109855618330196
clef,CD012455,4,1593,5,7,7,0.9456057752667922,0.9956057752667922,1.0,1.0,1.0,219,0.1374764595103578,1.0,1514,0.9504080351537979,1.0,1.0,1.0,0.0025109855618330196
clef,CD012455,5,1593,5,7,7,0.9456057752667922,0.9956057752667922,1.0,1.0,1.0,219,0.1374764595103578,1.0,1514,0.9504080351537979,1.0,1.0,1.0,0.0023854362837413684
clef,CD012455,6,1593,5,7,7,0.9456057752667922,0.9956057752667922,1.0,1.0,1.0,219,0.1374764595103578,1.0,1514,0.9504080351537979,1.0,1.0,1.0,0.0023854362837413684
clef,CD012455,7,1593,5,7,7,0.9456057752667922,0.9956057752667922,1.0,1.0,1.0,219,0.1374764595103578,1.0,1514,0.9504080351537979,1.0,1.0,1.0,0.0025109855618330196
clef,CD012455,8,1593,5,7,7,0.9456057752667922,0.9956057752667922,1.0,1.0,1.0,219,0.1374764595103578,1.0,1514,0.9504080351537979,1.0,1.0,1.0,0.0025109855618330196
clef,CD012455,9,1593,5,7,7,0.9456057752667922,0.9956057752667922,1.0,1.0,1.0,219,0.1374764595103578,1.0,1514,0.9504080351537979,1.0,1.0,1.0,0.0023854362837413684
clef,CD012551,0,591,29,58,76,0.8518612521150593,0.871404399323181,0.9655172413793104,1.0,1.0,523,0.8849407783417935,1.0,476,0.805414551607445,1.0,0.4500846023688663,0.8275862068965517,0.04218449151058988
clef,CD012551,1,591,29,58,76,0.8518612521150593,0.871404399323181,0.9655172413793104,1.0,1.0,523,0.8849407783417935,1.0,476,0.805414551607445,1.0,0.3976311336717428,0.9310344827586207,0.04206779858801564
clef,CD012551,2,591,29,58,76,0.8518612521150593,0.871404399323181,0.9655172413793104,1.0,1.0,523,0.8849407783417935,1.0,476,0.805414551607445,1.0,0.41116751269035534,1.0,0.04206779858801564
clef,CD012551,3,591,29,58,76,0.8518612521150593,0.871404399323181,0.9655172413793104,1.0,1.0,523,0.8849407783417935,1.0,476,0.805414551607445,1.0,0.25042301184433163,0.9655172413793104,0.04206779858801564
clef,CD012551,4,591,29,58,76,0.8518612521150593,0.871404399323181,0.9655172413793104,1.0,1.0,523,0.8849407783417935,1.0,476,0.805414551607445,1.0,0.4602368866328257,0.9655172413793104,0.04218449151058988
clef,CD012551,5,591,29,58,76,0.8518612521150593,0.871404399323181,0.9655172413793104,1.0,1.0,523,0.8849407783417935,1.0,476,0.805414551607445,1.0,0.5329949238578681,0.9655172413793104,0.04206779858801564
clef,CD012551,6,591,29,58,76,0.8518612521150593,0.871404399323181,0.9655172413793104,1.0,1.0,523,0.8849407783417935,1.0,476,0.805414551607445,1.0,0.338409475465313,0.896551724137931,0.041834412742867144
clef,CD012551,7,591,29,58,76,0.8518612521150593,0.871404399323181,0.9655172413793104,1.0,1.0,523,0.8849407783417935,1.0,476,0.805414551607445,1.0,0.350253807106599,0.8620689655172413,0.04218449151058988
clef,CD012551,8,591,29,58,76,0.8518612521150593,0.871404399323181,0.9655172413793104,1.0,1.0,523,0.8849407783417935,1.0,476,0.805414551607445,1.0,0.32656514382402707,1.0,0.041834412742867144
clef,CD012551,9,591,29,58,76,0.8518612521150593,0.871404399323181,0.9655172413793104,1.0,1.0,523,0.8849407783417935,1.0,476,0.805414551607445,1.0,0.4906937394247039,0.9655172413793104,0.04206779858801564
clef,CD012567,0,6735,4,29,29,0.9456941351150705,0.9956941351150705,1.0,1.0,1.0,1134,0.16837416481069042,1.0,6402,0.9505567928730512,1.0,1.0,1.0,0.0017817371937639199
clef,CD012567,1,6735,4,29,29,0.9456941351150705,0.9956941351150705,1.0,1.0,1.0,1134,0.16837416481069042,1.0,6402,0.9505567928730512,1.0,1.0,1.0,0.0017817371937639199
clef,CD012567,2,6735,4,29,29,0.9456941351150705,0.9956941351150705,1.0,1.0,1.0,1134,0.16837416481069042,1.0,6402,0.9505567928730512,1.0,1.0,1.0,0.0017817371937639199
clef,CD012567,3,6735,4,29,29,0.9456941351150705,0.9956941351150705,1.0,1.0,1.0,1134,0.16837416481069042,1.0,6402,0.9505567928730512,1.0,1.0,1.0,0.0017817371937639199
clef,CD012567,4,6735,4,29,29,0.9456941351150705,0.9956941351150705,1.0,1.0,1.0,1134,0.16837416481069042,1.0,6402,0.9505567928730512,1.0,1.0,1.0,0.0017817371937639199
clef,CD012567,5,6735,4,29,29,0.9456941351150705,0.9956941351150705,1.0,1.0,1.0,1134,0.16837416481069042,1.0,6402,0.9505567928730512,1.0,1.0,1.0,0.0017817371937639199
clef,CD012567,6,6735,4,29,29,0.9456941351150705,0.9956941351150705,1.0,1.0,1.0,1134,0.16837416481069042,1.0,6402,0.9505567928730512,1.0,1.0,1.0,0.0017817371937639199
clef,CD012567,7,6735,4,29,29,0.9456941351150705,0.9956941351150705,1.0,1.0,1.0,1134,0.16837416481069042,1.0,6402,0.9505567928730512,1.0,1.0,1.0,0.0017817371937639199
clef,CD012567,8,6735,4,29,29,0.9456941351150705,0.9956941351150705,1.0,1.0,1.0,1134,0.16837416481069042,1.0,6402,0.9505567928730512,1.0,1.0,1.0,0.0017817371937639199
clef,CD012567,9,6735,4,29,29,0.9456941351150705,0.9956941351150705,1.0,1.0,1.0,1134,0.16837416481069042,1.0,6402,0.9505567928730512,1.0,1.0,1.0,0.0017817371937639199
clef,CD012661,0,3367,94,424,1172,0.8240718740718741,0.6519156519156519,0.925531914893617,0.9893617021276596,0.9893617021276596,2091,0.621027621027621,1.0,2161,0.6418176418176418,1.0,0.26433026433026435,0.9787234042553191,0.03797180392925074
clef,CD012661,1,3367,94,424,1172,0.8240718740718741,0.6519156519156519,0.925531914893617,0.9893617021276596,0.9893617021276596,2091,0.621027621027621,1.0,2161,0.6418176418176418,1.0,0.12800712800712802,0.776595744680851,0.038003399705527366
clef,CD012661,2,3367,94,424,1172,0.8240718740718741,0.6519156519156519,0.925531914893617,0.9893617021276596,0.9893617021276596,2091,0.621027621027621,1.0,2161,0.6418176418176418,1.0,0.23284823284823286,0.9574468085106383,0.03806975083570828
clef,CD012661,3,3367,94,424,1172,0.8240718740718741,0.6519156519156519,0.925531914893617,0.9893617021276596,0.9893617021276596,2091,0.621027621027621,1.0,2161,0.6418176418176418,1.0,0.1574101574101574,0.9148936170212766,0.038003399705527366
clef,CD012661,4,3367,94,424,1172,0.8240718740718741,0.6519156519156519,0.925531914893617,0.9893617021276596,0.9893617021276596,2091,0.621027621027621,1.0,2161,0.6418176418176418,1.0,0.27086427086427084,0.9680851063829787,0.03797180392925074
clef,CD012661,5,3367,94,424,1172,0.8240718740718741,0.6519156519156519,0.925531914893617,0.9893617021276596,0.9893617021276596,2091,0.621027621027621,1.0,2161,0.6418176418176418,1.0,0.25393525393525396,0.9893617021276596,0.03800655928315502
clef,CD012661,6,3367,94,424,1172,0.8240718740718741,0.6519156519156519,0.925531914893617,0.9893617021276596,0.9893617021276596,2091,0.621027621027621,1.0,2161,0.6418176418176418,1.0,0.2863082863082863,0.9893617021276596,0.03800655928315502
clef,CD012661,7,3367,94,424,1172,0.8240718740718741,0.6519156519156519,0.925531914893617,0.9893617021276596,0.9893617021276596,2091,0.621027621027621,1.0,2161,0.6418176418176418,1.0,0.21859221859221858,0.9148936170212766,0.03800655928315502
clef,CD012661,8,3367,94,424,1172,0.8240718740718741,0.6519156519156519,0.925531914893617,0.9893617021276596,0.9893617021276596,2091,0.621027621027621,1.0,2161,0.6418176418176418,1.0,0.2174042174042174,0.9361702127659575,0.03800655928315502
clef,CD012661,9,3367,94,424,1172,0.8240718740718741,0.6519156519156519,0.925531914893617,0.9893617021276596,0.9893617021276596,2091,0.621027621027621,1.0,2161,0.6418176418176418,1.0,0.12384912384912385,0.8829787234042553,0.038003399705527366
clef,CD012669,0,1260,24,175,295,0.8111111111111111,0.7658730158730159,0.7916666666666666,0.9583333333333334,1.0,1260,1.0,1.0,1044,0.8285714285714286,1.0,0.6563492063492063,0.9166666666666666,0.05651455026455026
clef,CD012669,1,1260,24,175,295,0.8111111111111111,0.7658730158730159,0.7916666666666666,0.9583333333333334,1.0,1260,1.0,1.0,1044,0.8285714285714286,1.0,0.430952380952381,0.7916666666666666,0.05651455026455026
clef,CD012669,2,1260,24,175,295,0.8111111111111111,0.7658730158730159,0.7916666666666666,0.9583333333333334,1.0,1260,1.0,1.0,1044,0.8285714285714286,1.0,0.49444444444444446,1.0,0.05648148148148149
clef,CD012669,3,1260,24,175,295,0.8111111111111111,0.7658730158730159,0.7916666666666666,0.9583333333333334,1.0,1260,1.0,1.0,1044,0.8285714285714286,1.0,0.44126984126984126,0.9166666666666666,0.0564484126984127
clef,CD012669,4,1260,24,175,295,0.8111111111111111,0.7658730158730159,0.7916666666666666,0.9583333333333334,1.0,1260,1.0,1.0,1044,0.8285714285714286,1.0,0.3349206349206349,0.9583333333333334,0.05651455026455026
clef,CD012669,5,1260,24,175,295,0.8111111111111111,0.7658730158730159,0.7916666666666666,0.9583333333333334,1.0,1260,1.0,1.0,1044,0.8285714285714286,1.0,0.5222222222222223,0.9583333333333334,0.05651455026455026
clef,CD012669,6,1260,24,175,295,0.8111111111111111,0.7658730158730159,0.7916666666666666,0.9583333333333334,1.0,1260,1.0,1.0,1044,0.8285714285714286,1.0,0.55,0.9166666666666666,0.05651455026455026
clef,CD012669,7,1260,24,175,295,0.8111111111111111,0.7658730158730159,0.7916666666666666,0.9583333333333334,1.0,1260,1.0,1.0,1044,0.8285714285714286,1.0,0.5571428571428572,1.0,0.05651455026455026
clef,CD012669,8,1260,24,175,295,0.8111111111111111,0.7658730158730159,0.7916666666666666,0.9583333333333334,1.0,1260,1.0,1.0,1044,0.8285714285714286,1.0,0.5825396825396826,1.0,0.0564484126984127
clef,CD012669,9,1260,24,175,295,0.8111111111111111,0.7658730158730159,0.7916666666666666,0.9583333333333334,1.0,1260,1.0,1.0,1044,0.8285714285714286,1.0,0.5222222222222223,0.9583333333333334,0.05641534391534391
clef,CD012768,0,131,22,56,57,0.5225190839694657,0.5648854961832062,0.3181818181818182,0.6363636363636364,0.6818181818181818,131,1.0,1.0,115,0.8778625954198473,1.0,0.7099236641221374,1.0,0.20298403886190144
clef,CD012768,1,131,22,56,57,0.5225190839694657,0.5648854961832062,0.3181818181818182,0.6363636363636364,0.6818181818181818,131,1.0,1.0,115,0.8778625954198473,1.0,0.6641221374045801,0.8636363636363636,0.20298403886190144
clef,CD012768,2,131,22,56,57,0.5225190839694657,0.5648854961832062,0.3181818181818182,0.6363636363636364,0.6818181818181818,131,1.0,1.0,115,0.8778625954198473,1.0,0.7251908396946565,1.0,0.20229007633587787
clef,CD012768,3,131,22,56,57,0.5225190839694657,0.5648854961832062,0.3181818181818182,0.6363636363636364,0.6818181818181818,131,1.0,1.0,115,0.8778625954198473,1.0,0.7251908396946565,1.0,0.20298403886190144
clef,CD012768,4,131,22,56,57,0.5225190839694657,0.5648854961832062,0.3181818181818182,0.6363636363636364,0.6818181818181818,131,1.0,1.0,115,0.8778625954198473,1.0,0.7786259541984732,1.0,0.20333102012491325
clef,CD012768,5,131,22,56,57,0.5225190839694657,0.5648854961832062,0.3181818181818182,0.6363636363636364,0.6818181818181818,131,1.0,1.0,115,0.8778625954198473,1.0,0.6870229007633588,1.0,0.20471894517696043
clef,CD012768,6,131,22,56,57,0.5225190839694657,0.5648854961832062,0.3181818181818182,0.6363636363636364,0.6818181818181818,131,1.0,1.0,115,0.8778625954198473,1.0,0.6564885496183206,1.0,0.20263705759888967
clef,CD012768,7,131,22,56,57,0.5225190839694657,0.5648854961832062,0.3181818181818182,0.6363636363636364,0.6818181818181818,131,1.0,1.0,115,0.8778625954198473,1.0,0.7633587786259542,0.9545454545454546,0.20298403886190144
clef,CD012768,8,131,22,56,57,0.5225190839694657,0.5648854961832062,0.3181818181818182,0.6363636363636364,0.6818181818181818,131,1.0,1.0,115,0.8778625954198473,1.0,0.5572519083969466,0.9545454545454546,0.20471894517696043
clef,CD012768,9,131,22,56,57,0.5225190839694657,0.5648854961832062,0.3181818181818182,0.6363636363636364,0.6818181818181818,131,1.0,1.0,115,0.8778625954198473,1.0,0.6030534351145038,1.0,0.20298403886190144
