group,quantity,full,loo_min,review_min,loo_max,review_max
C1,C1_jev_minus_bge_auc,0.13507375933127427,0.1278807840973211,Chakraborty_2023,0.14070617046970882,Hall_2011
C1,C1_wilcoxon_p,2.384185791015625e-07,4.76837158203125e-07,Abgaz_2023,4.76837158203125e-07,Abgaz_2023
C1,C1_pass,1.0,1.0,Abgaz_2023,1.0,Abgaz_2023
C2,C2_jev_minus_gpt4omini,0.02458241107185008,0.02036828279862932,Chakraborty_2023,0.027153101989463555,Menon_2022
C2,C2_jev_minus_gpt4omini_boot_lower,0.010076999278519348,0.007631587599334343,Chakraborty_2023,0.012437825347845306,Menon_2022
C2,C2_claude_minus_jev,0.011194535108070655,0.008381699291304638,Tumkaya_2018,0.012198120964869164,Kerschbaumer_2024b
C2,C2_jev_minus_deepseek,0.04285758175414109,0.038133159479562424,Tumkaya_2018,0.04700107727605165,Menon_2022
C2,C2_pass,1.0,1.0,Abgaz_2023,1.0,Abgaz_2023
C3_and_E1.04,C3_hybrid_minus_asr_wss95,0.1468339119146586,0.13279389492376648,Theobald_2021,0.1541876976665865,Parodis_2023b
C3_and_E1.04,C3_hybrid_minus_asr_wss100,0.18218668131090857,0.16137698500685896,Harms_2024,0.1923200959499699,Tumkaya_2018
C3_and_E1.04,C3_wilcoxon_p,1.6689300537109375e-06,9.5367431640625e-07,Parodis_2023b,3.337860107421875e-06,Abgaz_2023
C3_and_E1.04,C3_pass,1.0,1.0,Abgaz_2023,1.0,Abgaz_2023
C3_and_E1.04,hybrid_minus_jev_only_wss95,0.018731361143048682,0.012141362094724283,Menon_2022,0.022829539896304152,Theobald_2021
C3_and_E1.04,hybrid_minus_jev_only_wilcoxon_p,0.020811669213683284,0.0045499278703053396,Theobald_2021,0.03656128916854718,Menon_2022
C3_and_E1.04,jev_only_minus_asr_wss95,0.12810255077160998,0.10996435502746235,Theobald_2021,0.1373461999866269,Menon_2022
C4_and_stopping_heldout,C4_threshold_reliability,1.0,1.0,Abgaz_2023,1.0,Abgaz_2023
C4_and_stopping_heldout,C4_threshold_mean_work,0.5887384479631907,0.5713475135150737,Chakraborty_2023,0.6096169335657957,Hall_2011
C4_and_stopping_heldout,C4_knee_reliability,0.8695652173913043,0.8636363636363636,Abgaz_2023,0.9090909090909091,Chakraborty_2023
C4_and_stopping_heldout,C4_knee_mean_work,0.9398238329609147,0.9370885526409563,Abgaz_2023,0.9581785321118474,Walker_2018
C4_and_stopping_heldout,C4_pass,1.0,1.0,Abgaz_2023,1.0,Abgaz_2023
C4_and_stopping_heldout,stat_asr_reliability,1.0,1.0,Abgaz_2023,1.0,Abgaz_2023
C4_and_stopping_heldout,stat_asr_mean_work,0.9011927656590446,0.8971493557684908,Chueca_2023,0.9108704861726942,Walker_2018
C4_and_stopping_heldout,stat_jev_reliability,1.0,1.0,Abgaz_2023,1.0,Abgaz_2023
C4_and_stopping_heldout,stat_jev_mean_work,0.8763339154428149,0.8720114310798259,Theobald_2021,0.889454256682004,Walker_2018
C4_and_stopping_heldout,stat_hybrid_reliability,1.0,1.0,Abgaz_2023,1.0,Abgaz_2023
C4_and_stopping_heldout,stat_hybrid_mean_work,0.8697463928588098,0.8651244756510934,Theobald_2021,0.8838126047354731,Walker_2018
C4_and_stopping_heldout,comb_jev_reliability,1.0,1.0,Abgaz_2023,1.0,Abgaz_2023
C4_and_stopping_heldout,comb_jev_mean_work,0.88663088270526,0.8827764423087459,Theobald_2021,0.9002192679109239,Walker_2018
C4_and_stopping_heldout,threshold_min_recall,0.9583333333333334,0.9583333333333334,Abgaz_2023,0.9851851851851852,Boersma-van_Dam_2024
CLEF,CLEF_hybrid_minus_asr_wss95,0.04404686583248884,0.03760294283053488,CD012164,0.0549688778124743,CD012233
CLEF,CLEF_hybrid_minus_asr_wss100,0.08767443884651563,0.07992751500870571,CD011787,0.10021228686405764,CD012233
CLEF,CLEF_hybrid_minus_asr_wilcoxon_p,0.00015273690223693848,4.5746564865112305e-06,CD012233,0.0002668797969818115,CD001261
CLEF,CLEF_jev_minus_bge_auc,0.06968412322550155,0.06366726162767598,CD012069,0.07262743717960729,CD009044
CLEF,CLEF_hybrid_minus_jev_only_wss95,0.02490884766176902,0.014174269754629753,CD010558,0.026501732110044248,CD009069
CLEF,CLEF_threshold_reliability,0.8928571428571429,0.8888888888888888,CD000996,0.9259259259259259,CD010558
CLEF,CLEF_threshold_mean_work,0.39050518836180725,0.3707585611849333,CD012768,0.4033176029780766,CD012455
CLEF,CLEF_threshold_min_recall,0.8888888888888888,0.8888888888888888,CD000996,0.9,CD012233
CLEF,CLEF_knee_reliability,0.9285714285714286,0.9259259259259259,CD000996,0.9629629629629629,CD010038
CLEF,CLEF_knee_mean_work,0.7595777333570466,0.7506732049628632,CD004414,0.7858870240201661,CD009044
CLEF,CLEF_stat_asr_reliability,1.0,1.0,CD000996,1.0,CD000996
CLEF,CLEF_stat_asr_mean_work,0.8694835174114576,0.8654342565999548,CD012233,0.8811286900909984,CD012661
CLEF,CLEF_stat_jev_reliability,1.0,1.0,CD000996,1.0,CD000996
CLEF,CLEF_stat_jev_mean_work,0.8608323190392566,0.8563057068756132,CD012233,0.8724441389221984,CD008874
CLEF,CLEF_stat_hybrid_reliability,1.0,1.0,CD000996,1.0,CD000996
CLEF,CLEF_stat_hybrid_mean_work,0.8567197053673672,0.8521977107764536,CD012233,0.8689364286031335,CD008874
CLEF,CLEF_comb_jev_reliability,1.0,1.0,CD000996,1.0,CD000996
CLEF,CLEF_comb_jev_mean_work,0.8624032652022918,0.8579348362298721,CD012233,0.874073268276457,CD008874
