collection,review,N,n1,prevalence,thr_k,thr_work,thr_rec,thr_reliable,stat_secs,asr_wss95_stored,asr_wss100_stored,asr_knee_work_stored,asr_knee_rec_stored,hybrid_wss95_stored,hybrid_wss100_stored,hybrid_knee_work_stored,hybrid_knee_rec_stored,asr_knee_work,asr_knee_rec,asr_stat_work,asr_stat_rec,asr_atd,asr_wss95,asr_wss100,asr_k95,asr_k100,asr_stat_k,asr_knee_k,asr_knee_rel_perseed,asr_stat_rel_perseed,asr_stat_triggered_frac,asr_stat_h0_impossible_windows,asr_stat_nan,asr_stat_p_at_k95,asr_stat_step,hybrid_knee_work,hybrid_knee_rec,hybrid_stat_work,hybrid_stat_rec,hybrid_atd,hybrid_wss95,hybrid_wss100,hybrid_k95,hybrid_k100,hybrid_stat_k,hybrid_knee_k,hybrid_knee_rel_perseed,hybrid_stat_rel_perseed,hybrid_stat_triggered_frac,hybrid_stat_h0_impossible_windows,hybrid_stat_nan,hybrid_stat_p_at_k95,hybrid_stat_step,jev_knee_work,jev_knee_rec,jev_stat_work,jev_stat_rec,jev_atd,jev_wss95,jev_wss100,jev_k95,jev_k100,jev_stat_k,jev_knee_k,jev_knee_rel_perseed,jev_stat_rel_perseed,jev_stat_triggered_frac,jev_stat_h0_impossible_windows,jev_stat_nan,jev_stat_p_at_k95,jev_stat_step,jev_comb_work,jev_comb_rec,jev_comb_k,jev_comb_rel_perseed
heldout,Abgaz_2023,288,11,0.03819444444444445,231,0.8020833333333334,1.0,1,1.335782527923584,0.7013888888888888,0.7513888888888889,1.0,1.0,0.8736111111111111,0.9236111111111112,1.0,1.0,1.0,1.0,0.9642361111111113,1.0,0.13244949494949493,0.7013888888888888,0.7513888888888889,71.6,71.6,277.7,288.0,1.0,1.0,1.0,0,0,0.9996929681384581,1,1.0,1.0,0.9548611111111112,1.0,0.043876262626262624,0.8736111111111111,0.9236111111111112,22.0,22.0,275.0,288.0,1.0,1.0,1.0,0,0,0.9999720498630443,1,0.89375,1.0,0.954861111111111,1.0,0.03418560606060606,0.8871527777777777,0.9371527777777777,18.1,18.1,275.0,257.4,1.0,1.0,1.0,0,0,0.9999781938688258,1,0.954861111111111,1.0,275.0,1.0
heldout,Attai_2022,1726,135,0.07821552723059096,811,0.4698725376593279,0.9851851851851852,1,20.741148471832275,0.5555040556199305,0.13626882966396292,0.925782155272306,1.0,0.6944959443800696,0.473928157589803,0.7027809965237544,1.0,0.925782155272306,1.0,0.7392815758980301,0.9925925925925926,0.12675207072657826,0.5555040556199305,0.13626882966396292,680.9,1490.8,1276.0,1597.9,1.0,1.0,1.0,280,0,0.942585264291418,1,0.7027809965237544,1.0,0.6436848203939745,1.0,0.09898716793270675,0.6944959443800696,0.473928157589803,441.0,908.0,1111.0,1213.0,1.0,1.0,1.0,28,0,0.9996663492532069,1,0.811066048667439,1.0,0.6812282734646582,1.0,0.12051499935625079,0.6558516801853996,0.4374855156431054,507.7,970.9,1175.8,1399.9,1.0,1.0,1.0,280,0,0.9966854489145807,1,0.6812282734646582,1.0,1175.8,1.0
heldout,Boersma-van_Dam_2024,578,24,0.04152249134948097,120,0.20761245674740483,0.9583333333333334,1,2.464698314666748,0.6294117647058823,0.6731833910034603,1.0,1.0,0.8133217993079584,0.7785467128027681,1.0,1.0,1.0,1.0,0.8496539792387543,1.0,0.10383506343713955,0.6294117647058823,0.6731833910034603,185.3,188.9,491.1,578.0,1.0,1.0,1.0,10,0,0.9656493144234434,1,1.0,1.0,0.8252595155709342,1.0,0.06026528258362169,0.8133217993079584,0.7785467128027681,79.0,128.0,477.0,578.0,1.0,1.0,1.0,1,0,0.9993503235067526,1,1.0,1.0,0.8482698961937716,1.0,0.0670415224913495,0.7842560553633218,0.6809688581314879,95.8,184.4,490.3,578.0,1.0,1.0,1.0,10,0,0.9963237496646192,1,0.8482698961937716,1.0,490.3,1.0
heldout,Bos_2018,2241,6,0.002677376171352075,943,0.42079428826416776,1.0,1,8.889689445495605,0.9016733601070948,0.951673360107095,1.0,1.0,0.9259036144578313,0.9759036144578314,0.6265060240963856,1.0,1.0,1.0,0.9525658188308791,1.0,0.02322623828647925,0.9016733601070948,0.951673360107095,108.3,108.3,2134.7,2241.0,1.0,1.0,1.0,0,0,0.9999489268285362,1,0.6265060240963856,1.0,0.9513609995537706,1.0,0.006693440428380187,0.9259036144578313,0.9759036144578314,54.0,54.0,2132.0,1404.0,1.0,1.0,1.0,0,0,0.9997449137626305,1,1.0,1.0,0.9526996876394467,1.0,0.009943477614160345,0.9028335564480143,0.9528335564480145,105.7,105.7,2135.0,2241.0,1.0,1.0,1.0,0,0,0.9982865340415803,1,0.9526996876394467,1.0,2135.0,1.0
heldout,Bosch_2021,1716,22,0.01282051282051282,901,0.5250582750582751,1.0,1,8.794153928756714,0.8694638694638694,0.736013986013986,0.970979020979021,1.0,0.8899766899766899,0.8863636363636364,0.8263403263403264,1.0,0.970979020979021,1.0,0.8354895104895105,1.0,0.04207724094087731,0.8694638694638694,0.736013986013986,138.2,453.0,1433.7,1666.2,1.0,1.0,1.0,10,0,0.9999001018752187,1,0.8263403263403264,1.0,0.8018648018648019,1.0,0.028077982623437168,0.8899766899766899,0.8863636363636364,103.0,195.0,1376.0,1418.0,1.0,1.0,1.0,1,0,0.9999862344862148,1,0.7576340326340325,1.0,0.8003496503496503,1.0,0.029532210214028392,0.8724358974358974,0.8931818181818182,133.1,183.3,1373.4,1300.1,1.0,1.0,1.0,10,0,0.9997216971835414,1,0.8003496503496503,1.0,1373.4,1.0
heldout,Chakraborty_2023,2233,7,0.003134796238244514,2169,0.9713390058217645,1.0,1,8.976292133331299,0.7169950738916254,0.7669950738916256,0.6279444693237797,0.6571428571428571,0.9159650694133452,0.9659650694133453,0.7586206896551724,1.0,0.6279444693237797,0.6571428571428571,0.9618898343036275,1.0,0.10204721386987396,0.7169950738916254,0.7669950738916256,520.3,520.3,2147.9,1402.2,0.6,1.0,1.0,0,0,0.9910103318105344,1,0.7586206896551724,1.0,0.9520824003582624,1.0,0.015865907491523255,0.9159650694133452,0.9659650694133453,76.0,76.0,2126.0,1694.0,1.0,1.0,1.0,0,0,0.9999957192532152,1,0.9709359605911331,1.0,0.9524854455888938,1.0,0.020344187831872564,0.9062919838781907,0.9562919838781907,97.6,97.6,2126.9,2168.1,1.0,1.0,1.0,0,0,0.9999123148339967,1,0.9713390058217645,1.0,2169.0,1.0
heldout,Chueca_2023,609,16,0.026272577996715927,529,0.8686371100164204,1.0,1,2.3316872119903564,0.17364532019704432,0.2236453201970443,1.0,1.0,0.6248768472906403,0.6748768472906403,1.0,1.0,1.0,1.0,0.9901477832512315,1.0,0.28901888341543513,0.17364532019704432,0.2236453201970443,472.8,472.8,603.0,609.0,1.0,1.0,1.0,0,0,0.8449939722060285,1,1.0,1.0,0.9671592775041051,1.0,0.10611658456486042,0.6248768472906403,0.6748768472906403,198.0,198.0,589.0,609.0,1.0,1.0,1.0,0,0,0.9952288607750794,1,1.0,1.0,0.9688013136289,1.0,0.09579228243021347,0.6009031198686371,0.650903119868637,212.6,212.6,590.0,609.0,1.0,1.0,1.0,0,0,0.9902899521335096,1,0.9688013136289,1.0,590.0,1.0
heldout,Donners_2021,119,14,0.11764705882352941,85,0.7142857142857143,1.0,1,0.5870068073272705,0.6600840336134454,0.7100840336134453,1.0,1.0,0.7903361344537815,0.8403361344537815,1.0,1.0,1.0,1.0,0.9663865546218486,1.0,0.10576230492196878,0.6600840336134454,0.7100840336134453,34.5,34.5,115.0,119.0,1.0,1.0,1.0,0,0,0.9907515094765807,1,1.0,1.0,0.9663865546218487,1.0,0.0738295318127251,0.7903361344537815,0.8403361344537815,19.0,19.0,115.0,119.0,1.0,1.0,1.0,0,0,0.9999932178560287,1,1.0,1.0,0.9663865546218486,1.0,0.07911164465786315,0.7457983193277311,0.7957983193277312,24.3,24.3,115.0,119.0,1.0,1.0,1.0,0,0,0.9985157699443412,1,0.9663865546218486,1.0,115.0,1.0
heldout,Eggmann_2023,266,9,0.03383458646616541,143,0.5375939849624061,1.0,1,1.0220129489898682,0.8654135338345865,0.9154135338345863,1.0,1.0,0.9161654135338345,0.9661654135338346,0.5864661654135338,1.0,1.0,1.0,0.9556390977443607,1.0,0.041979949874686714,0.8654135338345865,0.9154135338345863,22.5,22.5,254.2,266.0,1.0,1.0,1.0,0,0,0.9994742112699762,1,0.5864661654135338,1.0,0.9548872180451128,1.0,0.018796992481203006,0.9161654135338345,0.9661654135338346,9.0,9.0,254.0,156.0,1.0,1.0,1.0,0,0,1.0,1,0.5864661654135339,1.0,0.9548872180451127,1.0,0.018796992481203006,0.9161654135338345,0.9661654135338346,9.0,9.0,254.0,156.0,1.0,1.0,1.0,0,0,1.0,1,0.9548872180451127,1.0,254.0,1.0
heldout,Hall_2011,340,4,0.011764705882352941,44,0.12941176470588237,1.0,1,1.2909386157989502,0.9294117647058823,0.9794117647058822,0.776764705882353,1.0,0.9323529411764705,0.9823529411764705,0.6882352941176471,1.0,0.776764705882353,1.0,0.9529411764705882,1.0,0.012647058823529414,0.9294117647058823,0.9794117647058822,7.0,7.0,324.0,264.1,1.0,1.0,1.0,0,0,0.9999783476340562,1,0.6882352941176471,1.0,0.9529411764705882,1.0,0.011029411764705883,0.9323529411764705,0.9823529411764705,6.0,6.0,324.0,234.0,1.0,1.0,1.0,0,0,0.9999822316986496,1,0.6882352941176471,1.0,0.9529411764705882,1.0,0.0125,0.9323529411764705,0.9823529411764704,6.0,6.0,324.0,234.0,1.0,1.0,1.0,0,0,0.9999999981281091,1,0.9529411764705882,1.0,324.0,1.0
heldout,Harms_2024,840,48,0.05714285714285714,780,0.9285714285714286,1.0,1,5.262382984161377,0.3511904761904762,0.12785714285714284,1.0,1.0,0.7999999999999999,0.7678571428571428,1.0,1.0,1.0,1.0,0.9242857142857144,1.0,0.20063244047619047,0.3503571428571429,0.12785714285714284,503.7,732.6,776.4,840.0,1.0,1.0,1.0,30,0,0.9254780487114134,1,1.0,1.0,0.7166666666666667,1.0,0.05188492063492064,0.7999999999999999,0.7678571428571428,126.0,195.0,602.0,840.0,1.0,1.0,1.0,3,0,0.9991915409808443,1,1.0,1.0,0.7114285714285715,1.0,0.05146825396825396,0.7761904761904762,0.7830952380952381,146.0,182.2,597.6,840.0,1.0,1.0,1.0,30,0,0.9890063882950205,1,0.9285714285714286,1.0,780.0,1.0
heldout,Kerschbaumer_2024b,1146,15,0.013089005235602094,1037,0.9048865619546248,1.0,1,4.516404867172241,0.7011343804537522,0.7511343804537522,1.0,1.0,0.7911867364746945,0.8411867364746946,1.0,1.0,1.0,1.0,0.962914485165794,1.0,0.08467713787085515,0.7011343804537522,0.7511343804537522,285.2,285.2,1103.5,1146.0,1.0,1.0,1.0,0,0,0.9901506810686159,1,1.0,1.0,0.9581151832460733,1.0,0.04805119255381036,0.7911867364746945,0.8411867364746946,182.0,182.0,1098.0,1146.0,1.0,1.0,1.0,0,0,0.9929298509780118,1,1.0,1.0,0.960732984293194,1.0,0.059552065154159395,0.7455497382198952,0.7955497382198952,234.3,234.3,1101.0,1146.0,1.0,1.0,1.0,0,0,0.9931907969059075,1,0.960732984293194,1.0,1101.0,1.0
heldout,Lewowski_2021,329,9,0.02735562310030395,124,0.3768996960486322,1.0,1,1.2374484539031982,0.8600303951367781,0.9100303951367781,0.9738601823708206,1.0,0.9104863221884498,0.9604863221884499,0.6869300911854104,1.0,0.9738601823708206,1.0,0.956838905775076,1.0,0.02995609591354272,0.8600303951367781,0.9100303951367781,29.6,29.6,314.8,320.4,1.0,1.0,1.0,0,0,0.9982848984885896,1,0.6869300911854104,1.0,0.9544072948328267,1.0,0.017561634582911177,0.9104863221884498,0.9604863221884499,13.0,13.0,314.0,226.0,1.0,1.0,1.0,0,0,0.9999801599111164,1,1.0,1.0,0.9544072948328267,1.0,0.020803782505910164,0.8861702127659574,0.9361702127659577,21.0,21.0,314.0,329.0,1.0,1.0,1.0,0,0,0.9993749417668276,1,0.9544072948328267,1.0,314.0,1.0
heldout,Menon_2022,485,35,0.07216494845360824,425,0.8762886597938144,1.0,1,2.415936231613159,0.4120618556701031,0.32824742268041235,1.0,1.0,0.5005154639175258,0.3711340206185567,1.0,1.0,1.0,1.0,0.9268041237113402,1.0,0.12058321060382918,0.4120618556701031,0.32824742268041235,260.9,325.8,449.5,485.0,1.0,1.0,1.0,10,0,0.691068465833045,1,1.0,1.0,0.9175257731958762,1.0,0.09419734904270986,0.5005154639175258,0.3711340206185567,218.0,305.0,445.0,485.0,1.0,1.0,1.0,1,0,0.89167039056214,1,1.0,1.0,0.9280412371134021,1.0,0.10797643593519882,0.3368041237113403,0.3222680412371134,297.4,328.7,450.1,485.0,1.0,1.0,1.0,10,0,0.6171850708022767,1,0.9280412371134021,1.0,450.1,1.0
heldout,Moran_2020,1992,39,0.01957831325301205,684,0.3433734939759036,1.0,1,13.392431020736694,0.5991465863453814,0.5997991967871485,1.0,1.0,0.7978915662650602,0.8338353413654618,0.8519076305220884,1.0,1.0,1.0,0.7789658634538152,1.0,0.10494542271650704,0.5991465863453814,0.5997991967871485,698.9,797.2,1551.7,1992.0,1.0,1.0,1.0,30,0,0.9578301873464632,1,0.8519076305220884,1.0,0.6927710843373494,1.0,0.03398208217485326,0.7978915662650602,0.8338353413654618,303.0,331.0,1380.0,1697.0,1.0,1.0,1.0,3,0,0.9935656165276234,1,0.6676204819277107,1.0,0.6930220883534136,1.0,0.03883225208526413,0.7866465863453815,0.8331325301204819,325.4,332.4,1380.5,1329.9,1.0,1.0,1.0,30,0,0.9995434842158474,1,0.6930220883534136,1.0,1380.5,1.0
heldout,Parodis_2023b,1679,33,0.019654556283502083,1429,0.8511018463371054,1.0,1,9.531991243362427,0.8011614055985705,0.8368671828469326,0.8911256700416915,1.0,0.7862120309708159,0.8225134008338296,1.0,1.0,0.8911256700416915,1.0,0.8129243597379393,1.0,0.0401122601837313,0.8011614055985705,0.8368671828469326,249.9,273.9,1364.9,1496.2,1.0,1.0,1.0,10,0,0.997777386433578,1,1.0,1.0,0.8159618820726623,1.0,0.03254101467323623,0.7862120309708159,0.8225134008338296,275.0,298.0,1370.0,1679.0,1.0,1.0,1.0,1,0,0.9977181655641171,1,1.0,1.0,0.8504466944609886,1.0,0.051423105383796276,0.7396366885050625,0.6689696247766527,353.2,555.8,1427.9,1679.0,1.0,1.0,1.0,10,0,0.9989173865474246,1,0.8512805241215009,1.0,1429.3,1.0
heldout,Roberts_2021,883,3,0.0033975084937712344,278,0.31483578708946774,1.0,1,3.437915325164795,0.9171574178935448,0.9671574178935447,1.0,1.0,0.9375424688561721,0.9875424688561721,0.6477916194790487,1.0,1.0,1.0,0.9524348810872029,1.0,0.016685541713854286,0.9171574178935448,0.9671574178935447,29.0,29.0,841.0,883.0,1.0,1.0,1.0,0,0,0.999695476596191,1,0.6477916194790487,1.0,0.9513023782559457,1.0,0.009437523593808984,0.9375424688561721,0.9875424688561721,11.0,11.0,840.0,572.0,1.0,1.0,1.0,0,0,0.9999921542987904,1,0.6477916194790488,1.0,0.9513023782559455,1.0,0.009437523593808983,0.937542468856172,0.9875424688561723,11.0,11.0,840.0,572.0,1.0,1.0,1.0,0,0,0.9999921542987906,1,0.9513023782559455,1.0,840.0,1.0
heldout,Seghers_2022,1759,16,0.009096077316657191,955,0.5429221148379761,1.0,1,6.37864089012146,0.7365264354747015,0.7865264354747016,1.0,1.0,0.881779420125071,0.9317794201250711,0.6651506537805572,1.0,1.0,1.0,0.9608868675383742,1.0,0.06868604320636726,0.7365264354747015,0.7865264354747016,375.5,375.5,1690.2,1759.0,1.0,1.0,1.0,0,0,0.9973747820720563,1,0.6651506537805572,1.0,0.953951108584423,1.0,0.019720011370096647,0.881779420125071,0.9317794201250711,120.0,120.0,1678.0,1170.0,1.0,1.0,1.0,0,0,0.9992704948652704,1,0.6106878908470723,1.0,0.953951108584423,1.0,0.0184728538942581,0.877515633882888,0.9275156338828878,127.5,127.5,1678.0,1074.2,1.0,1.0,1.0,0,0,0.9981937830387315,1,0.953951108584423,1.0,1678.0,1.0
heldout,Theobald_2021,70,9,0.12857142857142856,53,0.7571428571428571,1.0,1,0.3465769290924072,0.13714285714285712,0.1871428571428571,1.0,1.0,0.5928571428571427,0.6428571428571428,1.0,1.0,1.0,1.0,0.9885714285714287,1.0,0.3049206349206349,0.13714285714285712,0.1871428571428571,56.9,56.9,69.2,70.0,1.0,1.0,1.0,0,0,0.5464535437056557,1,1.0,1.0,0.9714285714285714,1.0,0.14761904761904762,0.5928571428571427,0.6428571428571428,25.0,25.0,68.0,70.0,1.0,1.0,1.0,0,0,0.9748427672955976,1,1.0,1.0,0.9714285714285713,1.0,0.13952380952380952,0.6642857142857144,0.7142857142857143,20.0,20.0,68.0,70.0,1.0,1.0,1.0,0,0,0.9988987620566568,1,0.9714285714285713,1.0,68.0,1.0
heldout,Toffalini_2021,328,22,0.06707317073170732,165,0.5030487804878049,1.0,1,1.9766781330108643,0.6801829268292682,0.5320121951219512,1.0,1.0,0.7426829268292683,0.7865853658536586,1.0,1.0,1.0,1.0,0.8810975609756098,1.0,0.11898558758314855,0.6801829268292682,0.5320121951219512,88.5,153.5,289.0,328.0,1.0,1.0,1.0,10,0,0.994714736590997,1,1.0,1.0,0.823170731707317,1.0,0.07289356984478935,0.7426829268292683,0.7865853658536586,68.0,70.0,270.0,328.0,1.0,1.0,1.0,1,0,0.9908369637344538,1,1.0,1.0,0.8231707317073169,1.0,0.0860310421286031,0.7615853658536584,0.7865853658536587,61.8,70.0,270.0,328.0,1.0,1.0,1.0,10,0,0.9994262712905797,1,0.8231707317073169,1.0,270.0,1.0
heldout,Tumkaya_2018,481,39,0.08108108108108109,249,0.5176715176715176,1.0,1,3.1388039588928223,0.674116424116424,0.681081081081081,1.0,1.0,0.6734927234927235,0.6403326403326404,1.0,1.0,1.0,1.0,0.7488565488565488,1.0,0.12963377578762195,0.674116424116424,0.681081081081081,132.7,153.4,360.2,481.0,1.0,1.0,1.0,30,0,0.9969603766441436,1,1.0,1.0,0.762993762993763,1.0,0.09147609147609148,0.6734927234927235,0.6403326403326404,133.0,173.0,367.0,481.0,1.0,1.0,1.0,3,0,0.9883833607205161,1,1.0,1.0,0.7837837837837839,1.0,0.11081614158537234,0.6094594594594595,0.5858627858627858,163.8,199.2,377.0,481.0,1.0,1.0,1.0,30,0,0.9789337061721841,1,0.7837837837837839,1.0,377.0,1.0
heldout,Walker_2018,11735,64,0.005453770771197273,3932,0.3350660417554325,1.0,1,42.396085023880005,0.8406433745206645,0.6594972305070302,0.536020451640392,0.9015625,0.881742650191734,0.9302939923306348,0.3305496378355347,1.0,0.536020451640392,0.9015625,0.6882829143587559,1.0,0.03439603749467405,0.8406433745206645,0.6597187899446102,1283.3,3993.2,8077.0,6290.2,0.9,1.0,1.0,30,0,0.9993499822708152,5,0.3305496378355347,1.0,0.5602897315722198,1.0,0.01483409671921602,0.881742650191734,0.9302939923306348,801.0,818.0,6575.0,3879.0,1.0,1.0,1.0,3,0,0.9999961885465567,5,0.5229910524073285,1.0,0.5876864081806562,1.0,0.016312180443118877,0.8742266723476778,0.872296548785684,889.2,1498.6,6896.5,6137.3,1.0,1.0,1.0,30,0,0.9991534415056142,5,0.5876864081806562,1.0,6896.5,1.0
heldout,van_der_Waal_2022,1158,17,0.01468048359240069,744,0.6424870466321243,1.0,1,4.411482095718384,0.43601036269430055,0.4860103626943005,0.9134715025906737,0.9058823529411765,0.8532815198618307,0.9032815198618307,0.8877374784110535,1.0,0.9134715025906737,0.9058823529411765,0.9763385146804836,1.0,0.08060042669917708,0.43601036269430055,0.4860103626943005,595.2,595.2,1130.6,1057.8,0.9,1.0,1.0,0,0,0.8206631186629743,1,0.8877374784110535,1.0,0.9550949913644214,1.0,0.019760235700497817,0.8532815198618307,0.9032815198618307,112.0,112.0,1106.0,1028.0,1.0,1.0,1.0,0,0,0.9972850723323727,1,0.4938687392055268,1.0,0.9533678756476685,1.0,0.017382911713908357,0.8962003454231432,0.9462003454231434,62.3,62.3,1104.0,571.9,1.0,1.0,1.0,0,0,0.9998467946350148,1,0.9533678756476685,1.0,1104.0,1.0
clef,CD000996,281,6,0.021352313167259787,73,0.2597864768683274,1.0,1,1.4903907775878906,0.9133451957295373,0.9633451957295373,0.9476868327402135,1.0,0.9250889679715302,0.9750889679715302,0.6476868327402135,1.0,0.9476868327402135,1.0,0.9537366548042705,1.0,0.020581257413997626,0.9133451957295373,0.9633451957295373,10.3,10.3,268.0,266.3,1.0,1.0,1.0,0,0,0.9999885046223076,1,0.6476868327402135,1.0,0.9537366548042705,1.0,0.013048635824436536,0.9250889679715302,0.9750889679715302,7.0,7.0,268.0,182.0,1.0,1.0,1.0,0,0,0.9999736495388669,1,0.7402135231316727,1.0,0.9537366548042705,1.0,0.013641755634638198,0.9215302491103202,0.9715302491103202,8.0,8.0,268.0,208.0,1.0,1.0,1.0,0,0,0.999920948616601,1,0.9537366548042705,1.0,268.0,1.0
clef,CD001261,571,22,0.03852889667250438,308,0.5394045534150613,1.0,1,3.6187045574188232,0.8522767075306479,0.8957968476357268,0.7397548161120839,1.0,0.8869527145359019,0.9352014010507881,0.46059544658493873,1.0,0.7397548161120839,1.0,0.7998248686514887,1.0,0.0415698137239293,0.8522767075306479,0.8957968476357268,55.8,59.5,456.7,422.4,1.0,1.0,1.0,10,0,0.9988038168362594,1,0.46059544658493873,1.0,0.7915936952714536,1.0,0.02595128164305047,0.8869527145359019,0.9352014010507881,36.0,37.0,452.0,263.0,1.0,1.0,1.0,1,0,0.9999791545067956,1,0.9684763572679511,1.0,0.8073555166374782,1.0,0.03579047922305366,0.8484238178633975,0.8635726795096323,58.0,77.9,461.0,553.0,1.0,1.0,1.0,10,0,0.9963588525043662,1,0.8073555166374782,1.0,461.0,1.0
clef,CD004414,336,7,0.020833333333333332,84,0.25,1.0,1,1.1605005264282227,0.8321428571428573,0.8821428571428573,1.0,1.0,0.9083333333333333,0.9583333333333334,0.9285714285714286,1.0,1.0,1.0,0.9571428571428573,1.0,0.0461734693877551,0.8321428571428573,0.8821428571428573,39.6,39.6,321.6,336.0,1.0,1.0,1.0,0,0,0.9979278636623743,1,0.9285714285714286,1.0,0.9523809523809523,1.0,0.026360544217687076,0.9083333333333333,0.9583333333333334,14.0,14.0,320.0,312.0,1.0,1.0,1.0,0,0,0.9999993008581965,1,1.0,1.0,0.9553571428571429,1.0,0.03384353741496599,0.8934523809523809,0.943452380952381,19.0,19.0,321.0,336.0,1.0,1.0,1.0,0,0,0.9999999593172072,1,0.9553571428571429,1.0,321.0,1.0
clef,CD006468,3874,12,0.003097573567372225,1546,0.3990707279297883,1.0,1,20.689269542694092,0.9304336602994321,0.980433660299432,0.2547754259163655,1.0,0.9443211151264842,0.9943211151264842,0.0743417656169334,1.0,0.2547754259163655,1.0,0.9511615900877646,1.0,0.005029254861469627,0.9304336602994321,0.980433660299432,75.8,75.8,3684.8,987.0,1.0,1.0,1.0,0,0,0.9998982347708333,1,0.0743417656169334,1.0,0.9504388229220444,1.0,0.002065049044914817,0.9443211151264842,0.9943211151264842,22.0,22.0,3682.0,288.0,1.0,1.0,1.0,0,0,0.9999986552444927,1,0.1265358802271554,1.0,0.9506969540526586,1.0,0.002596368955429358,0.9402942694889005,0.9902942694889003,37.6,37.6,3683.0,490.2,1.0,1.0,1.0,0,0,0.9999901154226952,1,0.9506969540526586,1.0,3683.0,1.0
clef,CD007867,943,9,0.009544008483563097,441,0.4676564156945917,1.0,1,4.176307201385498,0.7729056203605514,0.8229056203605515,1.0,1.0,0.9097030752916224,0.9597030752916225,0.6988335100742312,1.0,1.0,1.0,0.9592788971367975,1.0,0.050064804995876046,0.7729056203605514,0.8229056203605515,167.0,167.0,904.6,943.0,1.0,1.0,1.0,0,0,0.9815536862545992,1,0.6988335100742312,1.0,0.9522799575821845,1.0,0.011311417462000706,0.9097030752916224,0.9597030752916225,38.0,38.0,898.0,659.0,1.0,1.0,1.0,0,0,0.9995989925567392,1,0.9977730646871686,1.0,0.9533404029692469,1.0,0.014233533639684224,0.8908271474019088,0.9408271474019088,55.8,55.8,899.0,940.9,1.0,1.0,1.0,0,0,0.9986115723501531,1,0.9533404029692469,1.0,899.0,1.0
clef,CD008874,2382,110,0.04617968094038623,1030,0.4324097397145256,1.0,1,30.55648183822632,0.8143157010915196,0.614945424013434,0.5178001679261126,1.0,0.8106213266162888,0.7791771620486986,0.49706129303106633,1.0,0.5178001679261126,1.0,0.6264903442485306,1.0,0.05461873139455002,0.8143157010915196,0.614945424013434,323.2,917.2,1492.3,1233.4,1.0,1.0,1.0,150,0,0.9993854037186093,1,0.49706129303106633,1.0,0.5268681780016793,1.0,0.04970612930310664,0.8106213266162888,0.7791771620486986,332.0,526.0,1255.0,1184.0,1.0,1.0,1.0,15,0,0.9991196755558513,1,0.6886649874055415,1.0,0.5473131821998323,1.0,0.05787955117929929,0.7787153652392946,0.7455079764903443,408.0,606.2,1303.7,1640.4,1.0,1.0,1.0,150,0,0.998461582544806,1,0.5473131821998323,1.0,1303.7,1.0
clef,CD009044,3169,1,0.0003155569580309246,440,0.13884506153360682,1.0,1,14.729390859603882,0.9496844430419691,0.9996844430419692,0.049226885452824234,1.0,0.9357999368886083,0.9857999368886083,1.0,1.0,0.049226885452824234,1.0,0.950142000631114,1.0,0.00031555695803092454,0.9496844430419691,0.9996844430419692,1.0,1.0,3011.0,156.0,1.0,1.0,1.0,0,0,1.0,1,1.0,1.0,0.9507731145471757,1.0,0.014200063111391607,0.9357999368886083,0.9857999368886083,45.0,45.0,3013.0,3169.0,1.0,1.0,1.0,0,0,0.9998027769012315,1,1.0,1.0,0.9507731145471757,1.0,0.013916061849163774,0.9360839381508361,0.9860839381508362,44.1,44.1,3013.0,3169.0,1.0,1.0,1.0,0,0,0.9998106060606069,1,0.9507731145471757,1.0,3013.0,1.0
clef,CD009069,1757,5,0.0028457598178713715,481,0.27376209447922595,1.0,1,7.669467926025391,0.7902390438247011,0.8402390438247013,1.0,1.0,0.8891007398975526,0.9391007398975526,1.0,1.0,1.0,1.0,0.9584519066590781,1.0,0.039863403528742174,0.7902390438247011,0.8402390438247013,280.7,280.7,1684.0,1757.0,1.0,1.0,1.0,0,0,0.9802915264475075,1,1.0,1.0,0.9533295389869095,1.0,0.021400113830392715,0.8891007398975526,0.9391007398975526,107.0,107.0,1675.0,1757.0,1.0,1.0,1.0,0,0,0.997732509405119,1,1.0,1.0,0.952305065452476,1.0,0.020466704610130906,0.9071997723392146,0.9571997723392146,75.2,75.2,1673.2,1757.0,1.0,1.0,1.0,0,0,0.9994768753879008,1,0.952305065452476,1.0,1673.2,1.0
clef,CD009642,1922,50,0.026014568158168574,204,0.10613943808532779,1.0,1,14.965136766433716,0.8942247658688866,0.640114464099896,0.24120707596253904,0.9800000000000001,0.9156607700312175,0.9068678459937565,0.18574401664932363,1.0,0.24120707596253904,0.9800000000000001,0.7640998959417273,1.0,0.02722268470343392,0.8942247658688866,0.640114464099896,107.2,691.7,1468.6,463.6,1.0,1.0,1.0,30,0,0.9997968158957796,1,0.18574401664932363,1.0,0.6659729448491155,1.0,0.016732570239334027,0.9156607700312175,0.9068678459937565,66.0,179.0,1280.0,357.0,1.0,1.0,1.0,3,0,0.9999654071111925,1,0.2481789802289282,1.0,0.6590530697190428,1.0,0.016235171696149846,0.9174817898022891,0.9251821019771074,62.5,143.8,1266.7,477.0,1.0,1.0,1.0,30,0,0.9999930776805449,1,0.6590530697190428,1.0,1266.7,1.0
clef,CD010038,8867,9,0.0010149994361114245,1193,0.13454381414232547,1.0,1,18.007089376449585,0.8470790571783017,0.8970790571783016,0.9017818878989512,0.9111111111111111,0.9450377805345663,0.9950377805345664,0.08638772978459457,1.0,0.9017818878989512,0.9111111111111111,0.9552723581820232,1.0,0.0302357054246081,0.8470790571783017,0.8970790571783016,912.6,912.6,8470.4,7996.1,0.9,1.0,1.0,0,0,0.9956779599175372,4,0.08638772978459457,1.0,0.9504905830607872,1.0,0.00210518401563851,0.9450377805345663,0.9950377805345664,44.0,44.0,8428.0,766.0,1.0,1.0,1.0,0,0,0.9999983087415384,4,0.08548550806360664,1.0,0.9504905830607872,1.0,0.0016039497262007696,0.9450941693921282,0.9950941693921281,43.5,43.5,8428.0,758.0,1.0,1.0,1.0,0,0,0.9998970318724348,4,0.9504905830607872,1.0,8428.0,1.0
clef,CD010239,224,10,0.044642857142857144,50,0.22321428571428573,1.0,1,0.483187198638916,0.8973214285714285,0.9473214285714284,0.8245535714285713,1.0,0.900892857142857,0.9508928571428571,0.7678571428571429,1.0,0.8245535714285713,1.0,0.9553571428571429,1.0,0.02897321428571429,0.8973214285714285,0.9473214285714284,11.8,11.8,214.0,184.7,1.0,1.0,1.0,0,0,0.9999692447283477,1,0.7678571428571429,1.0,0.9553571428571429,1.0,0.024999999999999998,0.900892857142857,0.9508928571428571,11.0,11.0,214.0,172.0,1.0,1.0,1.0,0,0,0.999956531188872,1,0.90625,1.0,0.9553571428571429,1.0,0.02589285714285714,0.8919642857142855,0.9419642857142858,13.0,13.0,214.0,203.0,1.0,1.0,1.0,0,0,0.9997391871332318,1,0.9553571428571429,1.0,214.0,1.0
clef,CD010558,2815,10,0.003552397868561279,856,0.30408525754884547,0.9,0,11.166173934936523,0.8760390763765541,0.9260390763765542,0.9042984014209592,1.0,0.9187388987566607,0.9687388987566607,0.1669626998223801,1.0,0.9042984014209592,1.0,0.9538188277087034,1.0,0.023801065719360567,0.8760390763765541,0.9260390763765542,208.2,208.2,2685.0,2545.6,1.0,1.0,1.0,0,0,0.9997453262294453,1,0.1669626998223801,1.0,0.9516873889875667,1.0,0.005364120781527531,0.9187388987566607,0.9687388987566607,88.0,88.0,2679.0,470.0,1.0,1.0,1.0,0,0,0.9993112153822614,1,0.15737122557726466,0.9,0.9674245115452932,1.0,0.037918294849023086,0.6039964476021313,0.6539964476021314,974.0,974.0,2723.3,443.0,0.0,1.0,1.0,0,0,0.8842108304627871,1,0.9674245115452932,1.0,2723.3,1.0
clef,CD010753,2539,20,0.007877116975187082,1167,0.4596297755021662,1.0,1,16.350522756576538,0.7455494289090192,0.7688853879480111,1.0,1.0,0.8980110279637652,0.9275305238282788,0.5655769988184325,1.0,1.0,1.0,0.8281213076014179,1.0,0.05664828672705789,0.7455494289090192,0.7688853879480111,519.1,586.8,2102.6,2539.0,1.0,1.0,1.0,10,0,0.9488405653702616,1,0.5655769988184325,1.0,0.7928318235525798,1.0,0.01833398975974793,0.8980110279637652,0.9275305238282788,132.0,184.0,2013.0,1436.0,1.0,1.0,1.0,1,0,0.9999756125161072,1,0.8467113036628595,1.0,0.8006695549428908,1.0,0.02823749507680189,0.8559078377313902,0.8914927136667978,238.9,275.5,2032.9,2149.8,1.0,1.0,1.0,10,0,0.9993026119406713,1,0.8006695549428908,1.0,2032.9,1.0
clef,CD011571,146,6,0.0410958904109589,28,0.1917808219178082,1.0,1,0.3286163806915283,0.8417808219178082,0.8917808219178083,1.0,1.0,0.8952054794520548,0.9452054794520548,1.0,1.0,1.0,1.0,0.958904109589041,1.0,0.0565068493150685,0.8417808219178082,0.8917808219178083,15.8,15.8,140.0,146.0,1.0,1.0,1.0,0,0,0.9987470981958945,1,1.0,1.0,0.958904109589041,1.0,0.0273972602739726,0.8952054794520548,0.9452054794520548,8.0,8.0,140.0,146.0,1.0,1.0,1.0,0,0,0.9998972250770812,1,1.0,1.0,0.958904109589041,1.0,0.0273972602739726,0.895205479452055,0.9452054794520548,8.0,8.0,140.0,146.0,1.0,1.0,1.0,0,0,0.9998972250770812,1,0.958904109589041,1.0,140.0,1.0
clef,CD011686,9729,3,0.0003083564600678384,705,0.07246376811594203,1.0,1,20.24490451812744,0.9437506424092919,0.9937506424092917,0.32531606537156954,1.0,0.9489721451331071,0.9989721451331072,0.054270736971939564,1.0,0.32531606537156954,1.0,0.9505601809024565,1.0,0.002847157981293042,0.9437506424092919,0.9937506424092917,60.8,60.8,9248.0,3165.0,1.0,1.0,1.0,0,0,0.9999166694005266,4,0.054270736971939564,1.0,0.9501490389556995,1.0,0.00044540377565354435,0.9489721451331071,0.9989721451331072,10.0,10.0,9244.0,528.0,1.0,1.0,1.0,0,0,0.9997942175120891,4,0.06666666666666665,1.0,0.9501490389556994,1.0,0.0005276321650049679,0.948725459965053,0.998725459965053,12.4,12.4,9244.0,648.6,1.0,1.0,1.0,0,0,0.9998759215881498,4,0.9501490389556994,1.0,9244.0,1.0
clef,CD011768,9160,25,0.0027292576419213972,1945,0.21233624454148473,1.0,1,25.772451877593994,0.9125436681222707,0.9371943231441049,0.4468231441048035,1.0,0.9365720524017467,0.9813318777292577,0.13133187772925764,1.0,0.4468231441048035,1.0,0.7905676855895196,1.0,0.014052838427947597,0.9125436681222707,0.9371834061135372,343.1,575.4,7241.6,4092.9,1.0,1.0,1.0,10,0,0.999511661975179,4,0.13133187772925764,1.0,0.7807860262008733,1.0,0.0043842794759825325,0.9365720524017467,0.9813318777292577,123.0,171.0,7152.0,1203.0,1.0,1.0,1.0,1,0,0.9997786876175752,4,0.12926855895196504,1.0,0.780349344978166,1.0,0.004106986899563319,0.9390393013100438,0.9837991266375548,100.4,148.4,7148.0,1184.1,1.0,1.0,1.0,10,0,0.9997348885150965,4,0.780349344978166,1.0,7148.0,1.0
clef,CD011787,4369,28,0.006408789196612497,2084,0.47699702449073017,1.0,1,17.74239492416382,0.8676241702906843,0.6415884641794459,0.7775692378118564,1.0,0.902849622339208,0.9384298466468299,0.4042114900434882,1.0,0.7775692378118564,1.0,0.8565804531929503,1.0,0.03029706045842461,0.8676241702906843,0.6415884641794459,359.9,1565.9,3742.4,3397.2,1.0,1.0,1.0,10,0,0.9991174797376123,2,0.4042114900434882,1.0,0.7901121538109407,1.0,0.011288951378216656,0.902849622339208,0.9384298466468299,206.0,269.0,3452.0,1766.0,1.0,1.0,1.0,1,0,0.9998892726753082,2,0.3273060196841383,1.0,0.7878690775921263,1.0,0.010995487689239119,0.9109750514991989,0.9493018997482261,170.5,221.5,3442.2,1430.0,1.0,1.0,1.0,10,0,0.9997530002757301,2,0.7878690775921263,1.0,3442.2,1.0
clef,CD011977,195,37,0.18974358974358974,89,0.4564102564102564,0.918918918918919,0,0.6288201808929443,0.5115384615384615,0.5307692307692307,1.0,1.0,0.48333333333333334,0.4666666666666667,1.0,1.0,1.0,1.0,0.8820512820512821,1.0,0.2072210672210672,0.5115384615384615,0.5307692307692307,85.5,91.5,172.0,195.0,1.0,1.0,1.0,10,0,0.9992204829318924,1,1.0,1.0,0.8974358974358975,1.0,0.1796257796257796,0.48333333333333334,0.4666666666666667,91.0,104.0,175.0,195.0,1.0,1.0,1.0,1,0,0.992679084422204,1,1.0,1.0,0.9164102564102563,1.0,0.18070686070686073,0.34589743589743593,0.3748717948717949,117.8,121.9,178.7,195.0,1.0,1.0,1.0,10,0,0.8857650750421342,1,0.9164102564102563,1.0,178.7,1.0
clef,CD012069,3479,245,0.07042253521126761,2702,0.7766599597585513,1.0,1,83.29963731765747,0.47842770911181376,0.12992239149180795,0.5926703075596436,0.9795918367346939,0.5556338028169014,0.36590974417936184,0.36217303822937624,0.9428571428571428,0.5926703075596436,0.9795918367346939,0.6647312446105202,0.9836734693877551,0.15862733250816854,0.47894509916642714,0.12992239149180795,1638.8,3027.0,2312.6,2061.9,1.0,1.0,1.0,780,0,0.9623451400485703,1,0.36217303822937624,0.9428571428571428,0.705087668870365,1.0,0.10946260654304837,0.5556338028169014,0.36590974417936184,1372.0,2206.0,2453.0,1260.0,0.0,1.0,1.0,78,0,0.9468432878777436,1,0.4647887323943662,0.9608163265306121,0.763207818338603,1.0,0.12865895078928383,0.5344782983615982,0.28255245760275943,1445.6,2496.0,2655.2,1617.0,1.0,1.0,1.0,780,0,0.914514615347839,1,0.7766599597585513,1.0,2702.0,1.0
clef,CD012080,6643,77,0.011591148577449948,3600,0.5419238295950625,1.0,1,37.66680884361267,0.7705027848863465,0.6449646244166793,0.9462893271112449,1.0,0.7955517085654071,0.8058106277284359,0.8950775252145116,1.0,0.9462893271112449,1.0,0.6458377239199157,1.0,0.06181841641724225,0.7705027848863465,0.6449646244166793,1192.4,2358.5,4290.3,6286.2,1.0,1.0,1.0,70,0,0.9994333549330687,3,0.8950775252145116,1.0,0.557278338100256,1.0,0.04149275382152094,0.7955517085654071,0.8058106277284359,1026.0,1290.0,3702.0,5946.0,1.0,1.0,1.0,7,0,0.9987311715344416,3,0.633508956796628,1.0,0.5546138792714135,1.0,0.04808088193606784,0.7990591600180641,0.8110793316272769,1002.7,1255.0,3684.3,4208.4,1.0,1.0,1.0,70,0,0.9991306712401652,3,0.5546138792714135,1.0,3684.3,1.0
clef,CD012164,61,3,0.04918032786885246,38,0.6229508196721312,1.0,1,0.12259602546691895,0.6827868852459016,0.7327868852459016,1.0,1.0,0.9008196721311474,0.9508196721311475,1.0,1.0,1.0,1.0,0.9721311475409836,1.0,0.16885245901639345,0.6827868852459016,0.7327868852459016,16.3,16.3,59.3,61.0,1.0,1.0,1.0,0,0,0.9791433581030313,1,1.0,1.0,0.9672131147540983,1.0,0.03278688524590164,0.9008196721311474,0.9508196721311475,3.0,3.0,59.0,61.0,1.0,1.0,1.0,0,0,1.0,1,1.0,1.0,0.9672131147540984,1.0,0.032786885245901634,0.9008196721311474,0.9508196721311476,3.0,3.0,59.0,61.0,1.0,1.0,1.0,0,0,1.0,1,0.9672131147540984,1.0,59.0,1.0
clef,CD012233,472,9,0.019067796610169493,353,0.7478813559322034,0.8888888888888888,0,2.3637030124664307,0.3936440677966102,0.4436440677966102,1.0,1.0,0.14279661016949158,0.19279661016949157,1.0,1.0,1.0,1.0,0.978813559322034,1.0,0.10630885122410547,0.3936440677966102,0.4436440677966102,262.6,262.6,462.0,472.0,1.0,1.0,1.0,0,0,0.7484544365447567,1,1.0,1.0,0.9788135593220338,1.0,0.12170433145009416,0.14279661016949158,0.19279661016949157,381.0,381.0,462.0,472.0,1.0,1.0,1.0,0,0,0.3835808912084123,1,1.0,1.0,0.9830508474576269,1.0,0.14887005649717514,0.11822033898305084,0.16822033898305083,392.6,392.6,464.0,472.0,1.0,1.0,1.0,0,0,0.4297183661641726,1,0.9830508474576269,1.0,464.0,1.0
clef,CD012455,1593,5,0.003138731952291274,71,0.044569993722536096,1.0,1,5.996276140213013,0.9286566227244192,0.9786566227244193,0.6662900188323917,1.0,0.9456057752667921,0.9956057752667922,0.1374764595103578,1.0,0.6662900188323917,1.0,0.9511613308223478,1.0,0.00919020715630885,0.9286566227244192,0.9786566227244193,34.0,34.0,1515.2,1061.4,1.0,1.0,1.0,0,0,0.9998305831451342,1,0.1374764595103578,1.0,0.9504080351537979,1.0,0.0023854362837413684,0.9456057752667921,0.9956057752667922,7.0,7.0,1514.0,219.0,1.0,1.0,1.0,0,0,0.9999992063983341,1,0.1180163214061519,1.0,0.9504080351537979,1.0,0.0023226616446955428,0.9462335216572504,0.9962335216572505,6.0,6.0,1514.0,188.0,1.0,1.0,1.0,0,0,0.9999999999981141,1,0.9504080351537979,1.0,1514.0,1.0
clef,CD012551,591,29,0.049069373942470386,343,0.5803722504230119,1.0,1,3.4455838203430176,0.7051607445008459,0.7181049069373941,1.0,1.0,0.8518612521150591,0.871404399323181,0.8849407783417935,1.0,1.0,1.0,0.8395939086294417,1.0,0.10897368574595952,0.7051607445008459,0.7181049069373941,144.7,166.6,496.2,591.0,1.0,1.0,1.0,10,0,0.9997593626969372,1,0.8849407783417935,1.0,0.805414551607445,1.0,0.04218449151058988,0.8518612521150591,0.871404399323181,58.0,76.0,476.0,523.0,1.0,1.0,1.0,1,0,0.9999789982148483,1,0.6412859560067681,1.0,0.8033840947546531,1.0,0.041320963883540465,0.8467851099830794,0.8808798646362099,61.0,70.4,474.8,379.0,1.0,1.0,1.0,10,0,0.9998738334547712,1,0.8033840947546531,1.0,474.8,1.0
clef,CD012567,6735,4,0.0005939123979213066,996,0.14788418708240533,1.0,1,15.406201124191284,0.8484409799554566,0.8984409799554565,0.41389755011135865,0.55,0.9456941351150705,0.9956941351150705,0.16837416481069042,1.0,0.41389755011135865,0.55,0.9552783964365258,1.0,0.04184484038604306,0.8484558277654045,0.8984558277654046,683.9,683.9,6433.8,2787.6,0.4,1.0,1.0,0,0,0.9957528024655999,3,0.16837416481069042,1.0,0.9505567928730512,1.0,0.0017817371937639199,0.9456941351150705,0.9956941351150705,29.0,29.0,6402.0,1134.0,1.0,1.0,1.0,0,0,0.9998508798091266,3,0.06948775055679288,1.0,0.9501113585746103,1.0,0.0009168522642910171,0.9482182628062359,0.9982182628062362,12.0,12.0,6399.0,468.0,1.0,1.0,1.0,0,0,0.9999996111056163,3,0.9501113585746103,1.0,6399.0,1.0
clef,CD012661,3367,94,0.02791802791802792,1442,0.4282744282744283,1.0,1,40.96404552459717,0.7985892485892485,0.38592218592218597,0.7182358182358182,0.9989361702127659,0.824071874071874,0.6519156519156519,0.621027621027621,1.0,0.7182358182358182,0.9989361702127659,0.555063855063855,0.9893617021276595,0.05584300690683669,0.7985892485892485,0.38592218592218597,509.8,2067.6,1868.9,2418.3,1.0,1.0,1.0,100,0,0.9988210790557271,1,0.621027621027621,1.0,0.6418176418176418,1.0,0.03797180392925074,0.824071874071874,0.6519156519156519,424.0,1172.0,2161.0,2091.0,1.0,1.0,1.0,10,0,0.9973313617736078,1,0.7667953667953668,1.0,0.6065043065043065,1.0,0.043368362517298684,0.7898871398871399,0.7161568161568161,539.1,955.7,2042.1,2581.8,1.0,1.0,1.0,100,0,0.9971865123626149,1,0.6065043065043065,1.0,2042.1,1.0
clef,CD012669,1260,24,0.01904761904761905,909,0.7214285714285714,1.0,1,7.490952491760254,0.7578571428571428,0.7172222222222222,1.0,1.0,0.8111111111111111,0.7658730158730158,1.0,1.0,1.0,1.0,0.8397619047619047,1.0,0.07619708994708994,0.7578571428571428,0.7173015873015872,242.1,356.2,1058.1,1260.0,1.0,1.0,1.0,10,0,0.9998349473020722,1,1.0,1.0,0.8285714285714286,1.0,0.05651455026455026,0.8111111111111111,0.7658730158730158,175.0,295.0,1044.0,1260.0,1.0,1.0,1.0,1,0,0.9986701685743195,1,1.0,1.0,0.8341269841269842,1.0,0.06277777777777778,0.803095238095238,0.7423809523809524,185.1,324.6,1051.0,1260.0,1.0,1.0,1.0,10,0,0.9999220787333712,1,0.8341269841269842,1.0,1051.0,1.0
clef,CD012768,131,22,0.16793893129770993,121,0.9236641221374046,1.0,1,0.4430046081542969,0.4606870229007634,0.4885496183206107,1.0,1.0,0.5225190839694656,0.5648854961832062,1.0,1.0,1.0,1.0,0.8916030534351146,1.0,0.24389312977099237,0.4606870229007634,0.4885496183206107,64.1,67.0,116.8,131.0,1.0,1.0,1.0,10,0,0.9821483003270075,1,1.0,1.0,0.8778625954198473,1.0,0.20298403886190144,0.5225190839694656,0.5648854961832062,56.0,57.0,115.0,131.0,1.0,1.0,1.0,1,0,0.9970292865029705,1,1.0,1.0,0.8931297709923666,1.0,0.21897987508674527,0.4958015267175573,0.49312977099236643,59.5,66.4,117.0,131.0,1.0,1.0,1.0,10,0,0.9991169440292271,1,0.9236641221374045,1.0,121.0,1.0
