collection,review,method,seed,key,new,stored,abs_diff
heldout,Harms_2024,asr_prior,8,wss95,0.34047619047619043,0.34880952380952385,0.008333333333333415
heldout,Walker_2018,asr_prior,0,wss100,0.6624627183638687,0.6602471239880698,0.0022155943757988794
heldout,Harms_2024,asr_prior,8,k95,512.0,505.0,7.0
heldout,Walker_2018,asr_prior,0,k100,3961.0,3987.0,26.0
clef,CD012567,asr_prior,9,wss95,0.8422048997772829,0.8420564216778025,0.00014847809948037582
clef,CD012069,asr_prior,4,wss95,0.48291175625179644,0.4777378557056626,0.005173900546133869
clef,CD011768,asr_prior,6,wss100,0.9318777292576419,0.9319868995633188,0.00010917030567691999
clef,CD012567,asr_prior,9,wss100,0.8922048997772829,0.8920564216778025,0.00014847809948037582
clef,CD012669,asr_prior,7,wss100,0.7103174603174602,0.7095238095238094,0.0007936507936507908
clef,CD012567,asr_prior,9,k95,726.0,727.0,1.0
clef,CD012069,asr_prior,4,k95,1625.0,1643.0,18.0
clef,CD011768,asr_prior,6,k100,624.0,623.0,1.0
clef,CD012567,asr_prior,9,k100,726.0,727.0,1.0
clef,CD012669,asr_prior,7,k100,365.0,366.0,1.0
clef,CD011768,asr_prior,6,target_work,0.32751091703056767,0.3274017467248908,0.00010917030567686448
