review,split,export_records,export_included,release_records,release_included,share_records,share_included,recall_at_tau,work_at_tau,jev_auc
Adamo_2021,train,1151,16,4522,63,0.2545333923042901,0.25396825396825395,1.0,0.8314509122502172,0.9495870044052863
Ali_2024,train,515,30,2140,113,0.24065420560747663,0.26548672566371684,1.0,0.6699029126213593,0.9106529209621994
Anmarkrud_2021,train,593,16,2284,64,0.2596322241681261,0.25,1.0,0.24283305227655985,0.9947465337954939
Aouad_2024,train,714,30,1009,46,0.707631318136769,0.6521739130434783,1.0,0.8137254901960784,0.9504385964912281
Appenzeller-Herzog_2019,train,582,8,2896,26,0.20096685082872928,0.3076923076923077,1.0,0.3127147766323024,0.9616724738675958
Bakker-Jacobs_2022,train,549,8,2236,22,0.24552772808586762,0.36363636363636365,1.0,0.761384335154827,0.927333641404806
Bech_2019,train,556,15,1633,45,0.3404776484996938,0.3333333333333333,1.0,0.6762589928057554,0.981762168823167
Bindoli_2024a,train,1449,64,3370,112,0.42997032640949556,0.5714285714285714,1.0,0.8785369220151829,0.9561033393501805
Bindoli_2024b,train,341,7,675,12,0.5051851851851852,0.5833333333333334,1.0,0.9266862170087976,0.8299828913601369
Brons_2024,train,172,25,275,39,0.6254545454545455,0.6410256410256411,1.0,0.7267441860465116,0.948843537414966
Cinquin_2018,train,290,9,908,27,0.31938325991189426,0.3333333333333333,1.0,0.5482758620689655,0.9482008699090549
Clarinval_2021,train,446,19,2126,127,0.20978363123236124,0.14960629921259844,1.0,0.6412556053811659,0.9924812030075189
Clark_2021,train,199,3,801,5,0.2484394506866417,0.6,1.0,0.5276381909547738,0.9795918367346939
Cozim-Melges_2024,train,630,95,1786,320,0.3527435610302352,0.296875,1.0,0.9619047619047619,0.7620265617314314
Deckers_2022,train,106,3,495,17,0.21414141414141413,0.17647058823529413,1.0,0.839622641509434,0.843042071197411
Dornauer_2023,train,259,5,868,13,0.29838709677419356,0.38461538461538464,1.0,0.1891891891891892,0.9913385826771653
Endedijk_2021,train,1092,89,3905,295,0.2796414852752881,0.3016949152542373,0.9775280898876404,0.5073260073260073,0.9200264375413086
Farisogullari_2023,train,1439,59,3268,94,0.44033047735618114,0.6276595744680851,1.0,0.5198054204308548,0.9871407516580691
Fejza_2023,train,1499,45,2506,47,0.5981644054269752,0.9574468085106383,1.0,0.7858572381587725,0.9612563044475011
Ferreira_2022,train,223,3,866,13,0.2575057736720554,0.23076923076923078,0.3333333333333333,0.21524663677130046,0.6545454545454545
Filges_2018,train,925,20,6047,138,0.15296841408963122,0.14492753623188406,1.0,0.28324324324324324,0.9777900552486187
Filges_2022,train,781,6,4555,28,0.17145993413830954,0.21428571428571427,1.0,0.4494238156209987,0.9927956989247312
Fong_2021,train,489,44,1299,122,0.37644341801385683,0.36065573770491804,0.9545454545454546,0.2085889570552147,0.9703268641470888
Giesen_2021,train,1293,11,4197,43,0.3080771979985704,0.2558139534883721,1.0,0.8445475638051044,0.9257552120266629
Greca_2023,train,328,24,1162,78,0.2822719449225473,0.3076923076923077,1.0,0.9176829268292683,0.9354440789473685
Hamaker_2022,train,1313,13,3132,24,0.41922094508301405,0.5416666666666666,1.0,0.5963442498095963,0.990207100591716
Hanlon_2022,train,77,6,206,16,0.3737864077669903,0.375,1.0,0.4675324675324675,0.9624413145539905
Kapuka_2021,train,151,8,427,27,0.35362997658079626,0.2962962962962963,1.0,1.0,0.8994755244755245
Kerschbaumer_2024a,train,1949,29,3241,36,0.6013576056772602,0.8055555555555556,1.0,0.7408927655207799,0.9359913793103448
Leenaars_2019,train,1395,7,5872,17,0.23756811989100818,0.4117647058823529,1.0,0.48100358422939066,0.9623301770275834
Leenaars_2020,train,1956,199,7389,590,0.26471782379212344,0.33728813559322035,1.0,0.6753578732106339,0.9165906367351841
Low_2023,train,556,36,1273,80,0.43676355066771405,0.45,1.0,0.7769784172661871,0.9306891025641026
Maciel_2024,train,274,31,987,60,0.27760891590678827,0.5166666666666667,0.967741935483871,0.5328467153284672,0.9559272534182928
Marques_2021,train,713,16,1498,34,0.4759679572763685,0.47058823529411764,1.0,0.20196353436185133,0.9854286226685797
Meijboom_2021,train,464,21,891,37,0.5207631874298541,0.5675675675675675,1.0,0.41810344827586204,0.9433516070084919
Mejean_2024,train,486,66,1005,127,0.4835820895522388,0.5196850393700787,1.0,0.8827160493827161,0.923917748917749
Muthu_2020,train,923,20,2710,70,0.34059040590405903,0.2857142857142857,1.0,0.8374864572047671,0.8623200442967884
Nobrega-Dos_Santos_2023,train,277,8,982,23,0.2820773930753564,0.34782608695652173,1.0,0.5487364620938628,0.9839684014869888
Noetel_2021,train,444,6,1077,29,0.41225626740947074,0.20689655172413793,1.0,0.5495495495495496,0.9237062404870624
Oliveira_2021,train,184,17,567,43,0.32451499118165783,0.3953488372093023,1.0,0.5163043478260869,0.9496301514617823
Oud_2018,train,243,5,973,20,0.249743062692703,0.25,1.0,0.45267489711934156,0.9848739495798319
Pijls_2017,train,54,3,255,22,0.21176470588235294,0.13636363636363635,1.0,0.5555555555555556,0.9869281045751634
Pijls_2018,train,301,16,1004,52,0.299800796812749,0.3076923076923077,1.0,0.34219269102990035,0.9726973684210527
Pinos-Cisneros_2023,train,109,21,228,54,0.4780701754385965,0.3888888888888889,1.0,0.7522935779816514,0.922077922077922
Quevedo_2023,train,199,18,455,42,0.43736263736263736,0.42857142857142855,1.0,0.628140703517588,0.9679251074278699
Ramiro_2015,train,338,18,1055,24,0.32037914691943126,0.75,1.0,0.6627218934911243,0.9903645833333334
Rinne_2021,train,815,194,1765,407,0.46175637393767704,0.47665847665847666,1.0,0.8122699386503067,0.9282957318591563
Sanchez-Acedo_2023,train,345,20,892,56,0.3867713004484305,0.35714285714285715,1.0,0.936231884057971,0.7686153846153846
Sanchez-Gomez_2024,train,385,7,1142,22,0.3371278458844133,0.3181818181818182,1.0,0.5974025974025974,0.9894179894179894
Santos_2018,train,488,7,2885,64,0.16915077989601388,0.109375,1.0,0.15368852459016394,0.9922779922779923
Sep_2021,train,147,28,268,40,0.5485074626865671,0.7,1.0,0.6870748299319728,0.9374249699879952
Sepriano_2020,train,1908,29,3844,43,0.4963579604578564,0.6744186046511628,1.0,0.7164570230607966,0.9814923565359417
Sepriano_2022,train,1760,57,2791,86,0.6305983518452167,0.6627906976744186,1.0,0.8011363636363636,0.9462249281453782
Smid_2019,train,770,11,2892,27,0.26625172890733056,0.4074074074074074,1.0,0.24805194805194805,0.9928733980117379
Taschner_2024,train,1323,34,3828,109,0.3456112852664577,0.3119266055045872,1.0,0.45729402872260017,0.9517866106877196
Tektonidou_2019,train,1251,58,5651,180,0.22137674747832242,0.32222222222222224,1.0,0.8089528377298162,0.9662687516258635
Verdugo-Castro_2022,train,1245,10,3310,26,0.37613293051359514,0.38461538461538464,1.0,0.8168674698795181,0.9246153846153846
Viguie_2020,train,1978,104,5983,321,0.3306033762326592,0.32398753894080995,1.0,0.4949443882709808,0.9879422871685412
Ward_2020,train,374,8,1313,26,0.28484386900228487,0.3076923076923077,1.0,0.22994652406417113,0.9972677595628415
Wassenaar_2017,train,1523,23,7548,44,0.2017753047164812,0.5227272727272727,1.0,0.12409717662508207,0.9845652173913043
Wijnen_2024,train,399,6,807,7,0.4944237918215613,0.8571428571428571,1.0,0.9624060150375939,0.9090330788804072
Williamson_2023,train,258,5,832,13,0.31009615384615385,0.38461538461538464,1.0,0.36046511627906974,0.9952569169960475
Wolters_2018,train,1683,9,4436,19,0.37939585211902616,0.47368421052631576,1.0,0.2549019607843137,0.9937607858754812
Xu_2022,train,960,21,3165,62,0.3033175355450237,0.3387096774193548,1.0,0.85,0.9317916730057305
Zakeri-Nasrabadi_2023a,train,627,9,2201,42,0.2848705134029986,0.21428571428571427,1.0,0.3062200956937799,0.9647608773822366
Zakeri-Nasrabadi_2023b,train,1720,46,8768,299,0.19616788321167883,0.15384615384615385,1.0,0.5337209302325582,0.9825723339047322
Zanframundo_2022,train,1334,40,3722,80,0.3584094572810317,0.5,1.0,0.383808095952024,0.953323029366306
Zinsser_2022,train,125,3,468,20,0.2670940170940171,0.15,1.0,0.296,0.9972677595628415
de_Matteis_2024a,train,140,3,302,7,0.46357615894039733,0.42857142857142855,1.0,0.6071428571428571,1.0
de_Matteis_2024b,train,553,24,866,32,0.6385681293302541,0.75,1.0,0.42495479204339964,0.988145872715816
van_Heugten_Breurkes_2022,train,303,13,1414,48,0.21428571428571427,0.2708333333333333,1.0,0.8316831683168316,0.8974801061007958
van_Hoorn_2020,train,1154,15,3468,38,0.33275663206459055,0.39473684210526316,1.0,0.47053726169844023,0.9903716710564823
van_der_Valk_2021,train,362,46,774,90,0.46770025839793283,0.5111111111111111,0.9565217391304348,0.4889502762430939,0.8529168959823885
