review,N,n1,prevalence,jev_auc,thr_work,thr_read_n,thr_rec,thr_found_n,thr_reliable,min_included_p,n_included_below_tau,band_0.03_0.07_records_frac,band_0.01_0.07_records_frac,band_0.03_0.07_records_n,band_0.01_0.07_records_n,band_0.03_0.07_included_frac,band_0.01_0.07_included_frac,band_0.03_0.07_included_n,band_0.01_0.07_included_n,asr_wss95,asr_wss100,asr_knee_work,asr_knee_rec,asr_knee_reliable,asr_knee_rel_perseed,asr_n_seeds,hybrid_wss95,hybrid_wss100,hybrid_knee_work,hybrid_knee_rec,hybrid_knee_reliable,hybrid_knee_rel_perseed,hybrid_n_seeds,pseudo_wss95,pseudo_wss100,pseudo_knee_work,pseudo_knee_rec,pseudo_knee_reliable,pseudo_knee_rel_perseed,pseudo_n_seeds,auc_tfidf,auc_bm25,auc_minilm,auc_bge,jevonly_wss95,jevonly_wss100,jevonly_stable_wss95,jevonly_stable_wss100,review_type,n1_ta,jev_auc_ta,bge_auc_ta,note
CD012080,6643,77,0.011591148577449948,0.9573155294294496,0.5419238295950625,3600.0,1.0,77.0,1.0,0.28,0.0,0.22956495559235285,0.45807617040493753,1525.0,3043.0,0.0,0.0,0.0,0.0,0.7705027848863465,0.6449646244166792,0.9462893271112449,1.0,1.0,1.0,10.0,0.7955517085654071,0.8058106277284359,0.8950775252145116,1.0,1.0,1.0,1.0,0.765595363540569,0.7109739575493,0.7586933614330874,1.0,1.0,1.0,1.0,0.8670838756126602,0.8502092637791694,0.8759667076755105,0.9108116982012808,0.7990591600180641,0.8110793316272769,0.7997666716844798,0.8110793316272769,DTA,77,0.9573155294294496,0.9108116982012808,
CD012669,1260,24,0.01904761904761905,0.946214266450917,0.7214285714285714,909.0,1.0,24.0,1.0,0.38,0.0,0.2015873015873016,0.2785714285714286,254.0,351.0,0.0,0.0,0.0,0.0,0.7578571428571428,0.7172222222222222,1.0,1.0,1.0,1.0,10.0,0.8111111111111111,0.7658730158730158,1.0,1.0,1.0,1.0,1.0,0.7515873015873016,0.7857142857142857,1.0,1.0,1.0,1.0,1.0,0.8445253505933118,0.8801577669902912,0.8670105177993528,0.8757416396979504,0.803095238095238,0.7423809523809524,0.8023809523809523,0.7436507936507937,DTA,71,0.9231097264833746,0.8587995593409067,
CD009044,3169,1,0.0003155569580309246,0.9864267676767677,0.13884506153360682,440.0,1.0,1.0,1.0,0.3,0.0,0.24329441464184284,0.8608393815083623,771.0,2728.0,0.0,0.0,0.0,0.0,0.9496844430419691,0.9996844430419692,0.049226885452824234,1.0,1.0,1.0,10.0,0.9357999368886083,0.9857999368886083,1.0,1.0,1.0,1.0,1.0,0.9493688860839381,0.9993688860839381,0.09845377090564847,1.0,1.0,1.0,1.0,0.9974747474747476,0.9996843434343434,0.9880050505050504,0.9962121212121212,0.936083938150836,0.9860839381508362,0.9361154938466392,0.9861154938466392,DTA,11,0.9881685761989752,0.9932638609016062,
CD011686,9729,3,0.0003083564600678384,0.9996744122283913,0.07246376811594203,705.0,1.0,3.0,1.0,0.51,0.0,0.261486278137527,0.9274334463973687,2544.0,9023.0,0.0,0.0,0.0,0.0,0.9437506424092919,0.9937506424092918,0.32531606537156954,1.0,1.0,1.0,10.0,0.9489721451331071,0.9989721451331072,0.054270736971939564,1.0,1.0,1.0,1.0,0.9068300955905025,0.9568300955905026,1.0,1.0,1.0,1.0,1.0,0.9917403523202412,0.9959558571526492,0.9978408389882788,0.999314552059771,0.948725459965053,0.998725459965053,0.9487665741597286,0.9987665741597288,DTA,64,0.9687265584583548,0.9886639937920332,
CD008874,2382,110,0.04617968094038623,0.963734395006402,0.4324097397145256,1030.0,1.0,110.0,1.0,0.11,0.0,0.3807724601175483,0.5617128463476071,907.0,1338.0,0.0,0.0,0.0,0.0,0.8143157010915196,0.6149454240134341,0.5178001679261126,1.0,1.0,1.0,10.0,0.8106213266162888,0.7791771620486986,0.49706129303106633,1.0,1.0,1.0,1.0,0.8093618807724601,0.6863979848866499,0.4105793450881612,1.0,1.0,1.0,1.0,0.8769686299615878,0.893303857234315,0.8710747439180538,0.9215588988476312,0.7787153652392946,0.7455079764903443,0.7795549958018472,0.755247691015953,DTA,118,0.9608443882134516,0.9221379589147752,
CD012567,6735,4,0.0005939123979213066,0.9994428762442431,0.14788418708240533,996.0,1.0,4.0,1.0,0.6,0.0,0.28819599109131405,0.8521158129175946,1941.0,5739.0,0.0,0.0,0.0,0.0,0.8484409799554566,0.8984409799554566,0.41389755011135854,0.55,0.0,0.4,10.0,0.9456941351150705,0.9956941351150705,0.16837416481069042,1.0,1.0,1.0,1.0,0.8796213808463251,0.9296213808463252,1.0,1.0,1.0,1.0,1.0,0.9113058980834944,0.9502302778190462,0.9205541524290596,0.9679096716684,0.948218262806236,0.9982182628062362,0.948218262806236,0.998218262806236,DTA,11,0.9983099886431236,0.9727299767454436,
CD012768,131,22,0.16793893129770993,0.8413261050875729,0.9236641221374046,121.0,1.0,22.0,1.0,0.57,0.0,0.06870229007633588,0.07633587786259542,9.0,10.0,0.0,0.0,0.0,0.0,0.4606870229007634,0.4885496183206107,1.0,1.0,1.0,1.0,10.0,0.5225190839694656,0.5648854961832062,1.0,1.0,1.0,1.0,1.0,0.4767175572519084,0.5190839694656488,1.0,1.0,1.0,1.0,1.0,0.5921601334445371,0.5779816513761468,0.609674728940784,0.689324437030859,0.4958015267175573,0.4931297709923664,0.499618320610687,0.4961832061068703,DTA,45,0.7777777777777778,0.627906976744186,
CD012233,472,9,0.019067796610169493,0.8584113270938325,0.7478813559322034,353.0,0.8888888888888888,8.0,0.0,0.05,1.0,0.22033898305084745,0.2521186440677966,104.0,119.0,0.1111111111111111,0.1111111111111111,1.0,1.0,0.3936440677966102,0.4436440677966102,1.0,1.0,1.0,1.0,10.0,0.14279661016949158,0.19279661016949157,1.0,1.0,1.0,1.0,1.0,0.401271186440678,0.451271186440678,1.0,1.0,1.0,1.0,1.0,0.7134629229661628,0.8132949364050875,0.8872090232781378,0.8636909047276218,0.1182203389830508,0.1682203389830508,0.1406779661016949,0.1906779661016949,DTA,43,0.8543936683471567,0.7847346451997614,
CD012455,1593,5,0.003138731952291274,0.99955919395466,0.044569993722536096,71.0,1.0,5.0,1.0,0.7,0.0,0.31952291274325173,0.9554300062774639,509.0,1522.0,0.0,0.0,0.0,0.0,0.9286566227244194,0.9786566227244193,0.6662900188323917,1.0,1.0,1.0,10.0,0.9456057752667921,0.9956057752667922,0.1374764595103578,1.0,1.0,1.0,1.0,0.9148462021343376,0.9648462021343377,1.0,1.0,1.0,1.0,1.0,0.9808564231738036,0.9925692695214106,0.9976070528967256,0.997984886649874,0.9462335216572504,0.9962335216572504,0.9462335216572504,0.9962335216572504,Intervention,7,0.9995946676274544,0.998378670509818,
CD012551,591,29,0.049069373942470386,0.98318812124187,0.5803722504230119,343.0,1.0,29.0,1.0,0.47,0.0,0.34686971235194586,0.4196277495769882,205.0,248.0,0.0,0.0,0.0,0.0,0.7051607445008459,0.7181049069373943,1.0,1.0,1.0,1.0,10.0,0.8518612521150591,0.871404399323181,0.8849407783417935,1.0,1.0,1.0,1.0,0.8383248730964467,0.7986463620981388,1.0,1.0,1.0,1.0,1.0,0.5962081236961589,0.6185421524113388,0.6589152043195483,0.7529758252546324,0.8467851099830794,0.8808798646362099,0.8467851099830794,0.883248730964467,Intervention,68,0.9011781576875492,0.6587279271173095,
CD010239,224,10,0.044642857142857144,0.9985981308411215,0.22321428571428573,50.0,1.0,10.0,1.0,0.64,0.0,0.5044642857142857,0.7767857142857143,113.0,174.0,0.0,0.0,0.0,0.0,0.8973214285714285,0.9473214285714284,0.8245535714285716,1.0,1.0,1.0,10.0,0.900892857142857,0.9508928571428571,0.7678571428571429,1.0,1.0,1.0,1.0,0.8919642857142857,0.9419642857142857,0.90625,1.0,1.0,1.0,1.0,0.9752336448598132,0.9705607476635512,0.988785046728972,0.983177570093458,0.8919642857142855,0.9419642857142858,0.8919642857142857,0.9419642857142856,Intervention,12,0.9933176100628932,0.9838836477987422,
CD010753,2539,20,0.007877116975187082,0.9756748709805478,0.4596297755021662,1167.0,1.0,20.0,1.0,0.2,0.0,0.373769200472627,0.5403702244978338,949.0,1372.0,0.0,0.0,0.0,0.0,0.7455494289090192,0.768885387948011,1.0,1.0,1.0,1.0,10.0,0.8980110279637652,0.9275305238282788,0.5655769988184325,1.0,1.0,1.0,1.0,0.8645332808192201,0.8964159117762899,0.8081922016541946,1.0,1.0,1.0,1.0,0.6249305279872965,0.68652242953553,0.8613338626439063,0.8572846367606194,0.8559078377313902,0.8914927136667978,0.8531114612051989,0.8901142181961402,Intervention,29,0.9550487704354994,0.8493062233823327,
CD012164,61,3,0.04918032786885246,1.0,0.6229508196721312,38.0,1.0,3.0,1.0,0.93,0.0,0.16393442622950818,0.3770491803278688,10.0,23.0,0.0,0.0,0.0,0.0,0.6827868852459016,0.7327868852459016,1.0,1.0,1.0,1.0,10.0,0.9008196721311474,0.9508196721311475,1.0,1.0,1.0,1.0,1.0,0.851639344262295,0.9016393442622951,1.0,1.0,1.0,1.0,1.0,0.8505747126436781,0.8390804597701149,0.942528735632184,0.9195402298850576,0.9008196721311474,0.9508196721311476,0.9008196721311474,0.9508196721311476,Intervention,7,0.8835978835978835,0.8571428571428571,
CD009069,1757,5,0.0028457598178713715,0.9811643835616438,0.27376209447922595,481.0,1.0,5.0,1.0,0.77,0.0,0.34889015367103016,0.726237905520774,613.0,1276.0,0.0,0.0,0.0,0.0,0.7902390438247011,0.8402390438247013,1.0,1.0,1.0,1.0,10.0,0.8891007398975526,0.9391007398975526,1.0,1.0,1.0,1.0,1.0,0.9124359704040979,0.9624359704040979,1.0,1.0,1.0,1.0,1.0,0.8294520547945206,0.8771689497716895,0.9457762557077626,0.8788812785388128,0.9071997723392146,0.9571997723392146,0.9073136027319294,0.9573136027319294,Intervention,78,0.9117033948779036,0.8077228509033154,
CD009642,1922,50,0.026014568158168574,0.9969337606837606,0.10613943808532779,204.0,1.0,50.0,1.0,0.09,0.0,0.36212278876170656,0.8938605619146722,696.0,1718.0,0.0,0.0,0.0,0.0,0.8942247658688866,0.6401144640998959,0.241207075962539,0.9800000000000001,1.0,1.0,10.0,0.9156607700312175,0.9068678459937565,0.18574401664932363,1.0,1.0,1.0,1.0,0.8917273673257023,0.9084287200832466,0.31633714880332986,1.0,1.0,1.0,1.0,0.9560363247863248,0.9717307692307692,0.9102777777777776,0.9749679487179488,0.9174817898022892,0.9251821019771074,0.917741935483871,0.925598335067638,Intervention,62,0.9971470690253208,0.9609868192854664,
CD004414,336,7,0.020833333333333332,0.9776378636561007,0.25,84.0,1.0,7.0,1.0,0.65,0.0,0.29464285714285715,0.75,99.0,252.0,0.0,0.0,0.0,0.0,0.8321428571428571,0.8821428571428571,1.0,1.0,1.0,1.0,10.0,0.9083333333333333,0.9583333333333334,0.9285714285714286,1.0,1.0,1.0,1.0,0.8666666666666666,0.9166666666666666,1.0,1.0,1.0,1.0,1.0,0.8554059921841076,0.833260963960052,0.9313938341293964,0.9661311333043856,0.8934523809523809,0.943452380952381,0.8934523809523809,0.9434523809523808,Intervention,16,0.98134765625,0.927734375,
CD011977,195,37,0.18974358974358974,0.8973657201505303,0.4564102564102564,89.0,0.918918918918919,34.0,0.0,0.03,3.0,0.19487179487179487,0.5435897435897435,38.0,106.0,0.08108108108108109,0.08108108108108109,3.0,3.0,0.5115384615384615,0.5307692307692308,1.0,1.0,1.0,1.0,10.0,0.48333333333333334,0.4666666666666667,1.0,1.0,1.0,1.0,1.0,0.49358974358974367,0.5384615384615384,1.0,1.0,1.0,1.0,1.0,0.6732808758125214,0.5923708518645228,0.8289428669175505,0.7817310981867944,0.3458974358974359,0.3748717948717949,0.3602564102564102,0.3641025641025641,Intervention,49,0.9182275649986024,0.8180039138943249,
CD011571,146,6,0.0410958904109589,0.9964285714285714,0.1917808219178082,28.0,1.0,6.0,1.0,0.67,0.0,0.3082191780821918,0.8082191780821918,45.0,118.0,0.0,0.0,0.0,0.0,0.8417808219178081,0.8917808219178083,1.0,1.0,1.0,1.0,10.0,0.8952054794520548,0.9452054794520548,1.0,1.0,1.0,1.0,1.0,0.8678082191780822,0.9178082191780822,1.0,1.0,1.0,1.0,1.0,0.8726190476190475,0.8773809523809523,0.923809523809524,0.9702380952380952,0.895205479452055,0.9452054794520548,0.8952054794520548,0.9452054794520548,Intervention,15,0.9763358778625956,0.8264631043256997,
CD001261,571,22,0.03852889667250438,0.9836893525418116,0.5394045534150613,308.0,1.0,22.0,1.0,0.71,0.0,0.28371278458844135,0.46059544658493873,162.0,263.0,0.0,0.0,0.0,0.0,0.8522767075306479,0.8957968476357268,0.739754816112084,1.0,1.0,1.0,10.0,0.8869527145359019,0.9352014010507881,0.46059544658493873,1.0,1.0,1.0,1.0,0.8449211908931699,0.8809106830122592,0.8458844133099825,1.0,1.0,1.0,1.0,0.7015234310316278,0.7320748468289452,0.8555224374896505,0.8451730418943534,0.8484238178633975,0.8635726795096323,0.8484238178633975,0.8651488616462346,Intervention,72,0.9597945891783568,0.8405421955021154,
CD011768,9160,25,0.0027292576419213972,0.9973026819923372,0.21233624454148473,1945.0,1.0,25.0,1.0,0.47,0.0,0.18362445414847162,0.7838427947598253,1682.0,7180.0,0.0,0.0,0.0,0.0,0.9125436681222707,0.9371943231441048,0.4468231441048035,1.0,1.0,1.0,10.0,0.9365720524017467,0.9813318777292577,0.13133187772925764,1.0,1.0,1.0,1.0,0.8643013100436681,0.903056768558952,0.6058951965065502,1.0,1.0,1.0,1.0,0.9433037766830872,0.9549074986316366,0.9791964969896004,0.985615763546798,0.9390393013100438,0.9837991266375548,0.9389737991266376,0.9838427947598252,Intervention,54,0.9940718777200218,0.9824373022264524,
CD007867,943,9,0.009544008483563097,0.9908993576017131,0.4676564156945917,441.0,1.0,9.0,1.0,0.26,0.0,0.3531283138918346,0.5323435843054083,333.0,502.0,0.0,0.0,0.0,0.0,0.7729056203605513,0.8229056203605515,1.0,1.0,1.0,1.0,10.0,0.9097030752916224,0.9597030752916225,0.6988335100742312,1.0,1.0,1.0,1.0,0.8948568398727466,0.9448568398727466,0.9565217391304348,1.0,1.0,1.0,1.0,0.6948608137044967,0.6805852962169878,0.7654056626219368,0.8574827504163692,0.8908271474019088,0.9408271474019088,0.8874337221633085,0.9374337221633086,Intervention,17,0.9727798246728496,0.8505907762673104,
CD010558,2815,10,0.003552397868561279,0.9644741532976827,0.30408525754884547,856.0,0.9,9.0,0.0,0.06,1.0,0.40568383658969803,0.69449378330373,1142.0,1955.0,0.1,0.1,1.0,1.0,0.8760390763765541,0.9260390763765542,0.9042984014209591,1.0,1.0,1.0,10.0,0.9187388987566607,0.9687388987566607,0.1669626998223801,1.0,1.0,1.0,1.0,0.8480461811722912,0.8980461811722913,1.0,1.0,1.0,1.0,1.0,0.8813903743315509,0.8662745098039216,0.8927272727272727,0.8640998217468806,0.6039964476021313,0.6539964476021314,0.5745115452930728,0.6245115452930728,Intervention,37,0.955514369661238,0.8141283832428541,
CD012069,3479,245,0.07042253521126761,0.8996516602930597,0.7766599597585513,2702.0,1.0,245.0,1.0,0.09,0.0,0.13423397528025294,0.22334004024144868,467.0,777.0,0.0,0.0,0.0,0.0,0.47842770911181376,0.12992239149180795,0.5926703075596436,0.9795918367346939,1.0,1.0,10.0,0.5556338028169014,0.36590974417936184,0.36217303822937624,0.9428571428571428,0.0,0.0,1.0,0.4880856567979304,0.19488358723771204,0.387180224202357,0.926530612244898,0.0,0.0,1.0,0.6569939292971363,0.6806292832531899,0.7162167278785355,0.667512273926268,0.5344782983615982,0.2825524576027594,0.5289019833285427,0.2860017246335153,Intervention,320,0.8544011158594491,0.6606995884773662,
CD010038,8867,9,0.0010149994361114245,0.9989651539098368,0.13454381414232547,1193.0,1.0,9.0,1.0,0.47,0.0,0.309236494868614,0.8648922972820571,2742.0,7669.0,0.0,0.0,0.0,0.0,0.8470790571783015,0.8970790571783016,0.9017818878989512,0.9111111111111111,0.0,0.9,10.0,0.9450377805345663,0.9950377805345664,0.08638772978459457,1.0,1.0,1.0,1.0,0.8727472651404082,0.9227472651404083,1.0,1.0,1.0,1.0,1.0,0.8303354155691026,0.8398810867765485,0.9082311030832142,0.9565740949800556,0.9450941693921282,0.995094169392128,0.9452633359648132,0.9952633359648132,Intervention,23,0.9834326391756631,0.9255796118223112,
CD006468,3874,12,0.003097573567372225,0.9990829449335404,0.3990707279297883,1546.0,1.0,12.0,1.0,0.48,0.0,0.3366029943211151,0.6009292720702116,1304.0,2328.0,0.0,0.0,0.0,0.0,0.9304336602994321,0.9804336602994322,0.25477542591636554,1.0,1.0,1.0,10.0,0.9443211151264842,0.9943211151264842,0.0743417656169334,1.0,1.0,1.0,1.0,0.8970831182240577,0.9470831182240578,0.6884357253484771,1.0,1.0,1.0,1.0,0.8836526842741239,0.8730148455031935,0.8865225271879855,0.9472207837044708,0.9402942694889004,0.9902942694889004,0.9401910170366544,0.9901910170366546,Intervention,52,0.8932194179446926,0.8075514229360384,
CD000996,281,6,0.021352313167259787,0.9987878787878788,0.2597864768683274,73.0,1.0,6.0,1.0,0.7,0.0,0.5587188612099644,0.7402135231316725,157.0,208.0,0.0,0.0,0.0,0.0,0.9133451957295373,0.9633451957295375,0.9476868327402135,1.0,1.0,1.0,10.0,0.9250889679715302,0.9750889679715302,0.6476868327402135,1.0,1.0,1.0,1.0,0.9108540925266904,0.9608540925266904,1.0,1.0,1.0,1.0,1.0,0.8727272727272728,0.8806060606060606,0.8793939393939394,0.9642424242424243,0.9215302491103202,0.9715302491103202,0.9215302491103202,0.9715302491103204,Intervention,9,0.9566993464052288,0.9587418300653596,
CD012661,3367,94,0.02791802791802792,0.9698240276667252,0.4282744282744283,1442.0,1.0,94.0,1.0,0.1,0.0,0.3094743094743095,0.5717255717255717,1042.0,1925.0,0.0,0.0,0.0,0.0,0.7985892485892485,0.3859221859221859,0.7182358182358183,0.9989361702127659,1.0,1.0,10.0,0.824071874071874,0.6519156519156519,0.621027621027621,1.0,1.0,1.0,1.0,0.8288238788238788,0.4867834867834868,0.6352836352836353,1.0,1.0,1.0,1.0,0.6728780284858059,0.6828305088051173,0.8266766776527489,0.8597584362059664,0.7898871398871399,0.7161568161568161,0.7851648351648352,0.7125037125037126,Prognosis,192,0.9604199475065616,0.851070374015748,
CD011787,4369,28,0.006408789196612497,0.9922540889196038,0.47699702449073017,2084.0,1.0,28.0,1.0,0.55,0.0,0.31448844129091325,0.5230029755092699,1374.0,2285.0,0.0,0.0,0.0,0.0,0.8676241702906843,0.641588464179446,0.7775692378118563,1.0,1.0,1.0,10.0,0.902849622339208,0.9384298466468299,0.4042114900434882,1.0,1.0,1.0,1.0,0.900789654383154,0.9063859006637675,0.5159075303273061,1.0,1.0,1.0,1.0,0.8798663902326653,0.9015368414124462,0.9244496001579624,0.9477161286076284,0.9109750514991988,0.949301899748226,0.9108606088349736,0.9489585717555504,Qualitative,111,0.9402375602469544,0.8600704979286472,
CD012342,2353,0,,,,,,,,,,,,,,,,,,,,,,,,,,,,,,,,,,,,,,,,,,,,,,,Intervention,6,0.9797258912086352,0.9915494958102542,no included study among retrievable records; title-abstract labels only
CD011140,289,0,,,,,,,,,,,,,,,,,,,,,,,,,,,,,,,,,,,,,,,,,,,,,,,Intervention,4,0.992982456140351,0.9903508771929824,no included study among retrievable records; title-abstract labels only
CD011558,2165,0,,,,,,,,,,,,,,,,,,,,,,,,,,,,,,,,,,,,,,,,,,,,,,,Qualitative,2,0.9625520110957004,0.6421636615811372,no included study among retrievable records; title-abstract labels only
