review,N,n1,prevalence,jev_auc,thr_work,thr_read_n,thr_rec,thr_found_n,thr_reliable,min_included_p,n_included_below_tau,band_0.03_0.07_records_frac,band_0.01_0.07_records_frac,band_0.03_0.07_records_n,band_0.01_0.07_records_n,band_0.03_0.07_included_frac,band_0.01_0.07_included_frac,band_0.03_0.07_included_n,band_0.01_0.07_included_n,asr_wss95,asr_wss100,asr_knee_work,asr_knee_rec,asr_knee_reliable,asr_knee_rel_perseed,asr_n_seeds,hybrid_wss95,hybrid_wss100,hybrid_knee_work,hybrid_knee_rec,hybrid_knee_reliable,hybrid_knee_rel_perseed,hybrid_n_seeds
Pijls_2017,54,3,0.05555555555555555,0.9869281045751634,0.5555555555555556,30,1.0,3,1,0.74,0,0.14814814814814814,0.4444444444444444,8,24,0.0,0.0,0,0,0.8629629629629629,0.912962962962963,1.0,1.0,1,1.0,10,0.8759259259259259,0.9259259259259259,1.0,1.0,1,1.0,1
Hanlon_2022,77,6,0.07792207792207792,0.9624413145539905,0.4675324675324675,36,1.0,6,1,0.13,0,0.4155844155844156,0.5324675324675324,32,41,0.0,0.0,0,0,0.637012987012987,0.687012987012987,1.0,1.0,1,1.0,10,0.6902597402597402,0.7402597402597403,1.0,1.0,1,1.0,1
Deckers_2022,106,3,0.02830188679245283,0.843042071197411,0.839622641509434,89,1.0,3,1,0.74,0,0.16037735849056603,0.16037735849056603,17,17,0.0,0.0,0,0,0.8443396226415094,0.8943396226415095,1.0,1.0,1,1.0,10,0.7707547169811321,0.8207547169811321,1.0,1.0,1,1.0,1
Pinos-Cisneros_2023,109,21,0.1926605504587156,0.922077922077922,0.7522935779816514,82,1.0,21,1,0.4,0,0.2018348623853211,0.24770642201834864,22,27,0.0,0.0,0,0,0.4555045871559633,0.44495412844036697,1.0,1.0,1,1.0,10,0.6380733944954128,0.6513761467889908,1.0,1.0,1,1.0,1
Zinsser_2022,125,3,0.024,0.9972677595628415,0.296,37,1.0,3,1,0.74,0,0.136,0.704,17,88,0.0,0.0,0,0,0.8548,0.9048,1.0,1.0,1,1.0,10,0.9179999999999999,0.968,1.0,1.0,1,1.0,1
de_Matteis_2024a,140,3,0.02142857142857143,1.0,0.6071428571428571,85,1.0,3,1,0.7,0,0.35,0.39285714285714285,49,55,0.0,0.0,0,0,0.48,0.53,1.0,1.0,1,1.0,10,0.9285714285714285,0.9785714285714285,1.0,1.0,1,1.0,1
Sep_2021,147,28,0.19047619047619047,0.9374249699879952,0.6870748299319728,101,1.0,28,1,0.09,0,0.25170068027210885,0.3129251700680272,37,46,0.0,0.0,0,0,0.29897959183673467,0.07142857142857148,1.0,1.0,1,1.0,10,0.39897959183673476,0.44217687074829937,1.0,1.0,1,1.0,1
Kapuka_2021,151,8,0.052980132450331126,0.8994755244755245,1.0,151,1.0,8,1,0.49,0,0.0,0.0,0,0,0.0,0.0,0,0,0.2950331125827814,0.3450331125827814,1.0,1.0,1,1.0,10,0.7910596026490065,0.8410596026490066,1.0,1.0,1,1.0,1
Brons_2024,172,25,0.14534883720930233,0.948843537414966,0.7267441860465116,125,1.0,25,1,0.19,0,0.2441860465116279,0.27325581395348836,42,47,0.0,0.0,0,0,0.28430232558139534,0.1296511627906977,1.0,1.0,1,1.0,10,0.6302325581395348,0.6395348837209303,1.0,1.0,1,1.0,1
Oliveira_2021,184,17,0.09239130434782608,0.9496301514617823,0.5163043478260869,95,1.0,17,1,0.51,0,0.41847826086956524,0.483695652173913,77,89,0.0,0.0,0,0,0.4864130434782609,0.5364130434782608,1.0,1.0,1,1.0,10,0.7869565217391303,0.8369565217391304,1.0,1.0,1,1.0,1
Quevedo_2023,199,18,0.09045226130653267,0.9679251074278699,0.628140703517588,125,1.0,18,1,0.7,0,0.27638190954773867,0.37185929648241206,55,74,0.0,0.0,0,0,0.5982412060301507,0.6482412060301508,1.0,1.0,1,1.0,10,0.7540201005025126,0.8040201005025126,1.0,1.0,1,1.0,1
Clark_2021,199,3,0.01507537688442211,0.9795918367346939,0.5276381909547738,105,1.0,3,1,0.23,0,0.457286432160804,0.4723618090452261,91,94,0.0,0.0,0,0,0.9228643216080401,0.9728643216080402,1.0,1.0,1,1.0,10,0.9198492462311557,0.9698492462311558,1.0,1.0,1,1.0,1
Ferreira_2022,223,3,0.013452914798206279,0.6545454545454545,0.21524663677130046,48,0.3333333333333333,1,0,0.03,2,0.47085201793721976,0.7847533632286996,105,175,0.6666666666666666,0.6666666666666666,2,2,0.5827354260089685,0.6327354260089686,1.0,1.0,1,1.0,10,0.48811659192825113,0.5381165919282511,1.0,1.0,1,1.0,1
Oud_2018,243,5,0.0205761316872428,0.9848739495798319,0.45267489711934156,110,1.0,5,1,0.6,0,0.2139917695473251,0.5473251028806584,52,133,0.0,0.0,0,0,0.7656378600823045,0.8156378600823044,1.0,1.0,1,1.0,10,0.8718106995884773,0.9218106995884774,1.0,1.0,1,1.0,1
Williamson_2023,258,5,0.01937984496124031,0.9952569169960475,0.36046511627906974,93,1.0,5,1,0.8,0,0.3643410852713178,0.6395348837209303,94,165,0.0,0.0,0,0,0.9089147286821705,0.9589147286821706,0.969767441860465,1.0,1,1.0,10,0.9267441860465115,0.9767441860465116,0.7286821705426356,1.0,1,1.0,1
Dornauer_2023,259,5,0.019305019305019305,0.9913385826771653,0.1891891891891892,49,1.0,5,1,0.2,0,0.1969111969111969,0.8108108108108109,51,210,0.0,0.0,0,0,0.8249034749034749,0.8749034749034749,1.0,1.0,1,1.0,10,0.919111969111969,0.9691119691119691,0.9652509652509652,1.0,1,1.0,1
Maciel_2024,274,31,0.11313868613138686,0.9559272534182928,0.5328467153284672,146,0.967741935483871,30,1,0.05,1,0.28102189781021897,0.4306569343065693,77,118,0.03225806451612903,0.03225806451612903,1,1,0.4613138686131387,0.21678832116788316,1.0,1.0,1,1.0,10,0.6470802919708029,0.6386861313868613,1.0,1.0,1,1.0,1
Nobrega-Dos_Santos_2023,277,8,0.02888086642599278,0.9839684014869888,0.5487364620938628,152,1.0,8,1,0.24,0,0.2851985559566787,0.45126353790613716,79,125,0.0,0.0,0,0,0.8041516245487363,0.8541516245487365,1.0,1.0,1,1.0,10,0.8561371841155234,0.9061371841155235,1.0,1.0,1,1.0,1
Cinquin_2018,290,9,0.03103448275862069,0.9482008699090549,0.5482758620689655,159,1.0,9,1,0.29,0,0.2620689655172414,0.4517241379310345,76,131,0.0,0.0,0,0,0.17793103448275863,0.22793103448275862,1.0,1.0,1,1.0,10,0.6982758620689655,0.7482758620689656,1.0,1.0,1,1.0,1
Pijls_2018,301,16,0.053156146179401995,0.9726973684210527,0.34219269102990035,103,1.0,16,1,0.78,0,0.5249169435215947,0.6578073089700996,158,198,0.0,0.0,0,0,0.7237541528239202,0.7737541528239202,1.0,1.0,1,1.0,10,0.8370431893687708,0.8870431893687708,1.0,1.0,1,1.0,1
van_Heugten_Breurkes_2022,303,13,0.0429042904290429,0.8974801061007958,0.8316831683168316,252,1.0,13,1,0.51,0,0.16831683168316833,0.16831683168316833,51,51,0.0,0.0,0,0,0.748019801980198,0.7980198019801981,1.0,1.0,1,1.0,10,0.7915841584158415,0.8415841584158416,1.0,1.0,1,1.0,1
Greca_2023,328,24,0.07317073170731707,0.9354440789473685,0.9176829268292683,301,1.0,24,1,0.45,0,0.054878048780487805,0.08231707317073171,18,27,0.0,0.0,0,0,0.4990853658536585,0.47073170731707314,1.0,1.0,1,1.0,10,0.6512195121951219,0.6768292682926829,1.0,1.0,1,1.0,1
Ramiro_2015,338,18,0.05325443786982249,0.9903645833333334,0.6627218934911243,224,1.0,18,1,0.57,0,0.25443786982248523,0.33727810650887574,86,114,0.0,0.0,0,0,0.8576923076923076,0.9076923076923077,0.8011834319526627,1.0,1,1.0,10,0.8523668639053255,0.9023668639053255,0.8461538461538461,1.0,1,1.0,1
Bindoli_2024b,341,7,0.020527859237536656,0.8299828913601369,0.9266862170087976,316,1.0,7,1,0.5,0,0.02932551319648094,0.07331378299120235,10,25,0.0,0.0,0,0,0.6620234604105572,0.7120234604105572,1.0,1.0,1,1.0,10,0.6303519061583578,0.6803519061583578,1.0,1.0,1,1.0,1
Sanchez-Acedo_2023,345,20,0.057971014492753624,0.7686153846153846,0.936231884057971,323,1.0,20,1,0.09,0,0.034782608695652174,0.06376811594202898,12,22,0.0,0.0,0,0,-0.002173913043478251,0.044927536231884044,1.0,1.0,1,1.0,10,0.21086956521739136,0.2202898550724638,1.0,1.0,1,1.0,1
van_der_Valk_2021,362,46,0.1270718232044199,0.8529168959823885,0.4889502762430939,177,0.9565217391304348,44,1,0.04,2,0.35911602209944754,0.511049723756906,130,185,0.043478260869565216,0.043478260869565216,2,2,0.3950276243093923,0.39530386740331497,1.0,1.0,1,1.0,10,0.5273480662983425,0.4558011049723757,1.0,1.0,1,1.0,1
Ward_2020,374,8,0.0213903743315508,0.9972677595628415,0.22994652406417113,86,1.0,8,1,0.7,0,0.4893048128342246,0.7700534759358288,183,288,0.0,0.0,0,0,0.7799465240641711,0.829946524064171,1.0,1.0,1,1.0,10,0.9152406417112299,0.9652406417112299,0.679144385026738,1.0,1,1.0,1
Sanchez-Gomez_2024,385,7,0.01818181818181818,0.9894179894179894,0.5974025974025974,230,1.0,7,1,0.25,0,0.3012987012987013,0.4025974025974026,116,155,0.0,0.0,0,0,0.8299999999999998,0.8800000000000001,1.0,1.0,1,1.0,10,0.911038961038961,0.961038961038961,0.8701298701298701,1.0,1,1.0,1
Wijnen_2024,399,6,0.015037593984962405,0.9090330788804072,0.9624060150375939,384,1.0,6,1,0.39,0,0.03258145363408521,0.03759398496240601,13,15,0.0,0.0,0,0,0.04674185463659153,0.09674185463659153,0.8781954887218045,0.8333333333333334,0,0.8,10,0.7244360902255639,0.7744360902255639,1.0,1.0,1,1.0,1
Noetel_2021,444,6,0.013513513513513514,0.9237062404870624,0.5495495495495496,244,1.0,6,1,0.09,0,0.3333333333333333,0.45045045045045046,148,200,0.0,0.0,0,0,0.7146396396396396,0.7646396396396397,1.0,1.0,1,1.0,10,0.5761261261261261,0.6261261261261262,1.0,1.0,1,1.0,1
Clarinval_2021,446,19,0.042600896860986545,0.9924812030075189,0.6412556053811659,286,1.0,19,1,0.61,0,0.34977578475336324,0.35874439461883406,156,160,0.0,0.0,0,0,0.6905829596412556,0.7405829596412555,1.0,1.0,1,1.0,10,0.8670403587443946,0.9170403587443946,0.6816143497757847,1.0,1,1.0,1
Meijboom_2021,464,21,0.04525862068965517,0.9433516070084919,0.41810344827586204,194,1.0,21,1,0.16,0,0.3620689655172414,0.5818965517241379,168,270,0.0,0.0,0,0,0.783405172413793,0.8094827586206896,1.0,1.0,1,1.0,10,0.7926724137931034,0.8405172413793103,1.0,1.0,1,1.0,1
Mejean_2024,486,66,0.13580246913580246,0.923917748917749,0.8827160493827161,429,1.0,66,1,0.12,0,0.08847736625514403,0.11728395061728394,43,57,0.0,0.0,0,0,0.5125514403292181,0.32983539094650205,1.0,1.0,1,1.0,10,0.6146090534979423,0.4156378600823045,1.0,1.0,1,1.0,1
Santos_2018,488,7,0.014344262295081968,0.9922779922779923,0.15368852459016394,75,1.0,7,1,0.34,0,0.26434426229508196,0.8463114754098361,129,413,0.0,0.0,0,0,0.8952868852459016,0.9452868852459015,1.0,1.0,1,1.0,10,0.9192622950819672,0.9692622950819673,0.6864754098360656,1.0,1,1.0,1
Fong_2021,489,44,0.08997955010224949,0.9703268641470888,0.2085889570552147,102,0.9545454545454546,42,1,0.04,2,0.1983640081799591,0.7709611451942741,97,377,0.045454545454545456,0.045454545454545456,2,2,0.7293456032719836,0.6380368098159509,1.0,1.0,1,1.0,10,0.7741308793456032,0.705521472392638,1.0,1.0,1,1.0,1
Ali_2024,515,30,0.05825242718446602,0.9106529209621994,0.6699029126213593,345,1.0,30,1,0.1,0,0.21359223300970873,0.3300970873786408,110,170,0.0,0.0,0,0,0.5200970873786408,0.4662135922330097,1.0,1.0,1,1.0,10,0.6490291262135922,0.5572815533980582,1.0,1.0,1,1.0,1
Bakker-Jacobs_2022,549,8,0.014571948998178506,0.927333641404806,0.761384335154827,418,1.0,8,1,0.37,0,0.18579234972677597,0.23861566484517305,102,131,0.0,0.0,0,0,0.36948998178506376,0.41948998178506375,1.0,1.0,1,1.0,10,0.7514571948998178,0.8014571948998178,1.0,1.0,1,1.0,1
de_Matteis_2024b,553,24,0.0433996383363472,0.988145872715816,0.42495479204339964,235,1.0,24,1,0.52,0,0.14828209764918626,0.5750452079566004,82,318,0.0,0.0,0,0,0.8015370705244121,0.5566003616636529,1.0,1.0,1,1.0,10,0.8613924050632911,0.9095840867992767,0.5877034358047016,1.0,1,1.0,1
Bech_2019,556,15,0.02697841726618705,0.981762168823167,0.6762589928057554,376,1.0,15,1,0.53,0,0.25719424460431656,0.3237410071942446,143,180,0.0,0.0,0,0,0.26798561151079137,0.3179856115107914,1.0,1.0,1,1.0,10,0.8366906474820144,0.8866906474820144,1.0,1.0,1,1.0,1
Low_2023,556,36,0.06474820143884892,0.9306891025641026,0.7769784172661871,432,1.0,36,1,0.1,0,0.09532374100719425,0.21942446043165467,53,122,0.0,0.0,0,0,0.45377697841726616,0.44550359712230214,1.0,1.0,1,1.0,10,0.7413669064748201,0.41546762589928055,1.0,1.0,1,1.0,1
Appenzeller-Herzog_2019,582,8,0.013745704467353952,0.9616724738675958,0.3127147766323024,182,1.0,8,1,0.11,0,0.4639175257731959,0.6872852233676976,270,400,0.0,0.0,0,0,0.6843642611683849,0.7343642611683849,1.0,1.0,1,1.0,10,0.7781786941580755,0.8281786941580755,1.0,1.0,1,1.0,1
Anmarkrud_2021,593,16,0.026981450252951095,0.9947465337954939,0.24283305227655985,144,1.0,16,1,0.23,0,0.48903878583473864,0.7571669477234402,290,449,0.0,0.0,0,0,0.6204890387858347,0.6704890387858347,1.0,1.0,1,1.0,10,0.8926644182124789,0.9426644182124789,0.5598650927487352,1.0,1,1.0,1
Zakeri-Nasrabadi_2023a,627,9,0.014354066985645933,0.9647608773822366,0.3062200956937799,192,1.0,9,1,0.21,0,0.23125996810207336,0.69377990430622,145,435,0.0,0.0,0,0,0.8276714513556618,0.8776714513556619,1.0,1.0,1,1.0,10,0.8431419457735246,0.8931419457735247,1.0,1.0,1,1.0,1
Cozim-Melges_2024,630,95,0.15079365079365079,0.7620265617314314,0.9619047619047619,606,1.0,95,1,0.13,0,0.03650793650793651,0.0380952380952381,23,24,0.0,0.0,0,0,0.17888888888888888,0.10095238095238093,1.0,1.0,1,1.0,10,0.32142857142857145,0.12063492063492065,1.0,1.0,1,1.0,1
Marques_2021,713,16,0.02244039270687237,0.9854286226685797,0.20196353436185133,144,1.0,16,1,0.13,0,0.4670406732117812,0.7980364656381487,333,569,0.0,0.0,0,0,0.6829593267882188,0.7329593267882188,1.0,1.0,1,1.0,10,0.8630434782608696,0.9130434782608696,0.8485273492286115,1.0,1,1.0,1
Aouad_2024,714,30,0.04201680672268908,0.9504385964912281,0.8137254901960784,581,1.0,30,1,0.3,0,0.1568627450980392,0.18627450980392157,112,133,0.0,0.0,0,0,0.5015406162464986,0.26876750700280116,1.0,1.0,1,1.0,10,0.8099439775910364,0.834733893557423,0.8599439775910365,1.0,1,1.0,1
Smid_2019,770,11,0.014285714285714285,0.9928733980117379,0.24805194805194805,191,1.0,11,1,0.25,0,0.37402597402597404,0.7506493506493507,288,578,0.0,0.0,0,0,0.8858441558441559,0.9358441558441559,0.9077922077922078,1.0,1,1.0,10,0.9162337662337662,0.9662337662337662,0.4792207792207792,1.0,1,1.0,1
Filges_2022,781,6,0.0076824583866837385,0.9927956989247312,0.4494238156209987,351,1.0,6,1,0.53,0,0.4852752880921895,0.5505761843790012,379,430,0.0,0.0,0,0,0.7443661971830985,0.7943661971830986,1.0,1.0,1,1.0,10,0.919270166453265,0.969270166453265,0.7989756722151088,1.0,1,1.0,1
Rinne_2021,815,194,0.23803680981595093,0.9282957318591563,0.8122699386503067,662,1.0,194,1,0.08,0,0.147239263803681,0.18773006134969325,120,153,0.0,0.0,0,0,0.4352760736196319,0.24368098159509205,0.7468711656441718,0.9963917525773196,1,1.0,10,0.5095092024539877,0.28957055214723926,0.6429447852760736,0.9948453608247423,1,1.0,1
Muthu_2020,923,20,0.021668472372697724,0.8623200442967884,0.8374864572047671,773,1.0,20,1,0.09,0,0.12026002166847237,0.16251354279523295,111,150,0.0,0.0,0,0,0.20157096424702062,0.018309859154929588,1.0,1.0,1,1.0,10,0.6488082340195016,0.23185265438786562,1.0,1.0,1,1.0,1
Filges_2018,925,20,0.021621621621621623,0.9777900552486187,0.28324324324324324,262,1.0,20,1,0.25,0,0.45837837837837836,0.7091891891891892,424,656,0.0,0.0,0,0,0.7942162162162162,0.8091891891891893,1.0,1.0,1,1.0,10,0.8635135135135135,0.9027027027027027,0.7589189189189189,1.0,1,1.0,1
Xu_2022,960,21,0.021875,0.9317916730057305,0.85,816,1.0,21,1,0.53,0,0.13125,0.15,126,144,0.0,0.0,0,0,0.5603125,0.38666666666666666,1.0,1.0,1,1.0,10,0.8166666666666667,0.7614583333333333,1.0,1.0,1,1.0,1
Endedijk_2021,1092,89,0.0815018315018315,0.9200264375413086,0.5073260073260073,554,0.9775280898876404,87,1,0.04,2,0.3525641025641026,0.4926739926739927,385,538,0.02247191011235955,0.02247191011235955,2,2,0.572985347985348,0.3927655677655678,1.0,1.0,1,1.0,10,0.6954212454212454,0.3205128205128205,0.8855311355311355,1.0,1,1.0,1
Adamo_2021,1151,16,0.013900955690703735,0.9495870044052863,0.8314509122502172,957,1.0,16,1,0.42,0,0.15377932232841007,0.1685490877497828,177,194,0.0,0.0,0,0,0.5067332754126845,0.5567332754126846,1.0,1.0,1,1.0,10,0.7440920938314508,0.7940920938314509,1.0,1.0,1,1.0,1
van_Hoorn_2020,1154,15,0.012998266897746967,0.9903716710564823,0.47053726169844023,543,1.0,15,1,0.44,0,0.3076256499133449,0.5294627383015598,355,611,0.0,0.0,0,0,0.5610051993067591,0.611005199306759,1.0,1.0,1,1.0,10,0.8295493934142114,0.8795493934142115,1.0,1.0,1,1.0,1
Verdugo-Castro_2022,1245,10,0.008032128514056224,0.9246153846153846,0.8168674698795181,1017,1.0,10,1,0.39,0,0.10040160642570281,0.18313253012048192,125,228,0.0,0.0,0,0,0.4018072289156627,0.45180722891566266,0.8250602409638554,0.82,0,0.8,10,0.6086345381526104,0.6586345381526104,1.0,1.0,1,1.0,1
Tektonidou_2019,1251,58,0.04636290967226219,0.9662687516258635,0.8089528377298162,1012,1.0,58,1,0.29,0,0.16546762589928057,0.19104716227018384,207,239,0.0,0.0,0,0,0.6731814548361311,0.6831334932054356,1.0,1.0,1,1.0,10,0.7829336530775379,0.689048760991207,1.0,1.0,1,1.0,1
Giesen_2021,1293,11,0.008507347254447023,0.9257552120266629,0.8445475638051044,1092,1.0,11,1,0.55,0,0.1500386697602475,0.1554524361948956,194,201,0.0,0.0,0,0,0.08735498839907188,0.1373549883990719,0.8241299303944316,0.8181818181818181,0,0.8,10,0.7203016241299304,0.7703016241299304,1.0,1.0,1,1.0,1
Hamaker_2022,1313,13,0.009900990099009901,0.990207100591716,0.5963442498095963,783,1.0,13,1,0.53,0,0.2856054836252856,0.4036557501904037,375,530,0.0,0.0,0,0,0.839032749428789,0.889032749428789,0.9795125666412796,1.0,1,1.0,10,0.9172505712109672,0.9672505712109672,0.39375476009139376,1.0,1,1.0,1
Taschner_2024,1323,34,0.025699168556311415,0.9517866106877196,0.45729402872260017,605,1.0,34,1,0.11,0,0.4323507180650038,0.5427059712773998,572,718,0.0,0.0,0,0,0.3360166288737717,0.26220710506424794,1.0,1.0,1,1.0,10,0.7202191987906273,0.7082388510959939,1.0,1.0,1,1.0,1
Zanframundo_2022,1334,40,0.029985007496251874,0.953323029366306,0.383808095952024,512,1.0,40,1,0.24,0,0.17841079460269865,0.616191904047976,238,822,0.0,0.0,0,0,0.7637931034482758,0.7980509745127436,0.7880059970014993,1.0,1,1.0,10,0.8233133433283357,0.835832083958021,0.8860569715142429,1.0,1,1.0,1
Leenaars_2019,1395,7,0.005017921146953405,0.9623301770275834,0.48100358422939066,671,1.0,7,1,0.09,0,0.4752688172043011,0.5189964157706093,663,724,0.0,0.0,0,0,0.9300716845878135,0.9800716845878137,0.44415770609319,1.0,1,1.0,10,0.9191756272401433,0.9691756272401434,0.6874551971326165,1.0,1,1.0,1
Farisogullari_2023,1439,59,0.04100069492703266,0.9871407516580691,0.5198054204308548,748,1.0,59,1,0.31,0,0.35302293259207784,0.48019457956914524,508,691,0.0,0.0,0,0,0.8503474635163307,0.8942321056289089,0.3088255733148019,1.0,1,1.0,10,0.8839819318971508,0.891591382904795,0.29325920778318276,1.0,1,1.0,1
Bindoli_2024a,1449,64,0.04416839199447895,0.9561033393501805,0.8785369220151829,1273,1.0,64,1,0.32,0,0.08971704623878538,0.12146307798481712,130,176,0.0,0.0,0,0,0.7241890959282263,0.628847481021394,1.0,1.0,1,1.0,10,0.7726363008971704,0.6915113871635611,1.0,1.0,1,1.0,1
Fejza_2023,1499,45,0.030020013342228154,0.9612563044475011,0.7858572381587725,1178,1.0,45,1,0.54,0,0.1494329553035357,0.2141427618412275,224,321,0.0,0.0,0,0,0.7884256170780519,0.8118078719146098,0.742494996664443,1.0,1,1.0,10,0.8579386257505003,0.8458972648432288,0.8052034689793195,1.0,1,1.0,1
Wassenaar_2017,1523,23,0.015101772816808929,0.9845652173913043,0.12409717662508207,189,1.0,23,1,0.08,0,0.17202889034799737,0.8699934340118188,262,1325,0.0,0.0,0,0,0.804366382140512,0.8042022324359817,1.0,1.0,1,1.0,10,0.8646421536441233,0.8857518056467498,0.7754432042022325,1.0,1,1.0,1
Wolters_2018,1683,9,0.0053475935828877,0.9937607858754812,0.2549019607843137,429,1.0,9,1,0.26,0,0.41414141414141414,0.7450980392156863,697,1254,0.0,0.0,0,0,0.16366607248960188,0.21366607248960187,1.0,1.0,1,1.0,10,0.9238562091503267,0.9738562091503268,0.4533571004159239,1.0,1,1.0,1
Zakeri-Nasrabadi_2023b,1720,46,0.026744186046511628,0.9825723339047322,0.5337209302325582,918,1.0,46,1,0.26,0,0.3191860465116279,0.4662790697674419,549,802,0.0,0.0,0,0,0.6886046511627907,0.6883720930232557,1.0,1.0,1,1.0,10,0.8459302325581395,0.836046511627907,0.8831395348837209,1.0,1,1.0,1
Sepriano_2022,1760,57,0.03238636363636364,0.9462249281453782,0.8011363636363636,1410,1.0,57,1,0.49,0,0.15568181818181817,0.19886363636363635,274,350,0.0,0.0,0,0,0.6896022727272727,0.5214204545454546,1.0,1.0,1,1.0,10,0.7409090909090909,0.7863636363636364,1.0,1.0,1,1.0,1
Sepriano_2020,1908,29,0.01519916142557652,0.9814923565359417,0.7164570230607966,1367,1.0,29,1,0.65,0,0.20230607966457023,0.28354297693920333,386,541,0.0,0.0,0,0,0.8136792452830187,0.8289308176100629,0.9629979035639413,1.0,1,1.0,10,0.8656184486373165,0.8459119496855346,0.8081761006289309,1.0,1,1.0,1
Kerschbaumer_2024a,1949,29,0.014879425346331451,0.9359913793103448,0.7408927655207799,1444,1.0,29,1,0.38,0,0.22267829656233967,0.258594150846588,434,504,0.0,0.0,0,0,0.8086454592098512,0.8352488455618265,0.8953822473063109,1.0,1,1.0,10,0.7493842996408414,0.7983581323755772,1.0,1.0,1,1.0,1
Leenaars_2020,1956,199,0.10173824130879346,0.9165906367351841,0.6753578732106339,1321,1.0,199,1,0.13,0,0.24028629856850717,0.32464212678936605,470,635,0.0,0.0,0,0,0.6031186094069529,0.5561349693251534,0.41063394683026583,0.9723618090452261,1,0.8,10,0.6683026584867076,0.5347648261758691,0.4105316973415133,0.9949748743718593,1,1.0,1
Viguie_2020,1978,104,0.0525783619817998,0.9879422871685412,0.4949443882709808,979,1.0,104,1,0.21,0,0.3923154701718908,0.5050556117290192,776,999,0.0,0.0,0,0,0.7687057633973711,0.48645096056622855,0.7085439838220424,1.0,1,1.0,10,0.8706268958543983,0.833670374115268,0.32962588473205257,1.0,1,1.0,1
