collection,stratum_variable,stratum,n_reviews,records,prevalence_min,prevalence_max,thr_reliable_k,thr_reliability,thr_wilson_lo,thr_wilson_hi,thr_work_macro,thr_work_pooled,thr_recall_macro,thr_recall_min,knee_reliable_k,knee_reliability,knee_wilson_lo,knee_wilson_hi,knee_work_macro,knee_work_pooled
heldout,size_stratum,N<=2000,20,16792,0.0033975084937712344,0.12857142857142856,20,1.0,0.8388748419471806,1.0,0.590689248365601,0.5828370652691758,0.9971759259259259,0.9583333333333334,19,0.95,0.763868806553258,0.9911185511992047,0.9725991618568433,0.9675202477370175
heldout,size_stratum,N>2000,3,16209,0.002677376171352075,0.005453770771197273,3,1.0,0.4385029682449546,1.0,0.5757331119471216,0.4345733851563946,1.0,1.0,1,0.3333333333333333,0.06149194472039621,0.7923403991979522,0.7213216403213906,0.6128323770744649
heldout,prev_tertile,high,8,4627,0.04152249134948097,0.12857142857142856,8,1.0,0.6755924351161198,1.0,0.6218117440449837,0.5809379727685325,0.9929398148148147,0.9583333333333334,8,1.0,0.6755924351161198,1.0,0.9907227694090383,0.9723146747352496
heldout,prev_tertile,low,8,22053,0.002677376171352075,0.013089005235602094,8,1.0,0.6755924351161198,1.0,0.5180392299359489,0.46519747880107015,1.0,1.0,6,0.75,0.40927543031016883,0.9285207872478909,0.8639635809781931,0.7097311023443523
heldout,prev_tertile,mid,7,6321,0.01468048359240069,0.03819444444444445,7,1.0,0.6456695649333126,1.0,0.6317395016151321,0.6144597373833254,1.0,1.0,6,0.8571428571428571,0.4868721707256811,0.9743203756552565,0.9683510507147408,0.9538680588514477
clef,size_stratum,N<=2000,15,10483,0.0028457598178713715,0.18974358974358974,13,0.8666666666666667,0.6211801716767764,0.9626387408969346,0.42726809706004953,0.34274539730993037,0.9871871871871872,0.8888888888888888,15,1.0,0.7961166989641515,1.0,0.8946328210050534,0.7908423161308785
clef,size_stratum,N>2000,13,67128,0.0003083564600678384,0.07042253521126761,12,0.9230769230769231,0.6668604907890041,0.9862895787574435,0.34808644755614326,0.29355857466332974,0.9923076923076923,0.9,11,0.8461538461538461,0.5776536898051745,0.9567418216419186,0.603744939917039,0.5909039447026577
clef,prev_tertile,high,10,11147,0.02791802791802792,0.18974358974358974,9,0.9,0.5958499732047615,0.9821237869049271,0.5175141237437464,0.5518076612541492,0.991891891891892,0.918918918918919,10,1.0,0.7224672001371107,0.9999999999999999,0.839301468126223,0.6678657934870369
clef,prev_tertile,low,9,47699,0.0003083564600678384,0.003552397868561279,8,0.8888888888888888,0.5650002944233439,0.9801091123614551,0.19195123878846224,0.17260319922849535,0.9888888888888889,0.9,7,0.7777777777777778,0.45258896910698887,0.9367748928821533,0.5513788199010248,0.5146564917503511
clef,prev_tertile,mid,9,18765,0.006408789196612497,0.026014568158168574,8,0.8888888888888888,0.5650002944233439,0.9801091123614551,0.44793809862188666,0.47508659738875564,0.9876543209876544,0.8888888888888888,9,1.0,0.7008549515804559,1.0,0.8791947192917615,0.850695443645084
development,size_stratum,N<=2000,73,52957,0.005017921146953405,0.23803680981595093,72,0.9863013698630136,0.9264026272903616,0.997577748533516,0.5829376328992093,0.5902147024944766,0.9888995966079552,0.3333333333333333,70,0.958904109589041,0.8859990837370165,0.9859260596460794,0.947856915459827,0.8996242234265537
development,prev_tertile,high,25,13273,0.04525862068965517,0.23803680981595093,25,1.0,0.8668077490609515,0.9999999999999999,0.6572527058826202,0.652075642281323,0.994253488761896,0.9545454545454546,25,1.0,0.8668077490609515,0.9999999999999999,0.9466893011299657,0.8491072101258194
development,prev_tertile,low,25,21162,0.005017921146953405,0.0205761316872428,24,0.96,0.8045593626380625,0.9929037664980127,0.5155936749087789,0.5424818070125697,0.9733333333333333,0.3333333333333333,22,0.88,0.7004420607907267,0.9583318284955964,0.9474798293334996,0.9220584065778281
development,prev_tertile,mid,23,18522,0.0213903743315508,0.04416839199447895,23,1.0,0.8568833815495731,1.0,0.5753603339937956,0.6004211208292841,1.0,1.0,23,1.0,0.8568833815495731,1.0,0.949535937694815,0.9101932836626714
