collection,review,N,n1,value_source,wss95_file_order,wss95_random_mean,wss95_diff,contribution_to_macro_diff,n_tie_groups,n_mixed_tie_groups,included_in_mixed_groups,tie_pairs,tie_pairs_included_first,within_tie_concordance,direction_p_lt_0.05,auc_position,p_position,wss95_file_order_recomputed,wss95_random_mean_recomputed
development_final,Pijls_2017,54,3,recomputed (copy of AN-0001-02 functions),0.8574074074074074,0.8574074074074074,0.0,0.0,31,0,0,0,0,,,,,0.8574074074074074,0.8574074074074074
development_final,Hanlon_2022,77,6,recomputed (copy of AN-0001-02 functions),0.6642857142857143,0.6642857142857144,-1.1102230246251565e-16,-1.5208534583906253e-18,29,0,0,0,0,,,,,0.6642857142857143,0.6642857142857144
development_final,Deckers_2022,106,3,recomputed (copy of AN-0001-02 functions),0.6481132075471698,0.6443396226415093,0.0037735849056604875,5.1692943913157366e-05,53,1,1,1,1,1.0,earlier,0.13915857605177995,0.028903172299398712,0.6481132075471698,0.6443396226415093
development_final,Pinos-Cisneros_2023,109,21,recomputed (copy of AN-0001-02 functions),0.6197247706422018,0.6224770642201835,-0.0027522935779816793,-3.770265175317369e-05,59,9,11,14,10,0.7142857142857143,,,,0.6197247706422018,0.6224770642201835
development_final,Zinsser_2022,125,3,recomputed (copy of AN-0001-02 functions),0.9179999999999999,0.9179999999999998,1.1102230246251565e-16,1.5208534583906253e-18,28,0,0,0,0,,,,,0.9179999999999999,0.9179999999999998
development_final,de_Matteis_2024a,140,3,recomputed (copy of AN-0001-02 functions),0.9285714285714285,0.9285714285714285,0.0,0.0,36,0,0,0,0,,,,,0.9285714285714285,0.9285714285714285
development_final,Sep_2021,147,28,recomputed (copy of AN-0001-02 functions),0.4125850340136054,0.3982993197278911,0.01428571428571429,0.0001956947162426615,47,5,8,23,16,0.6956521739130435,,,,0.4125850340136054,0.3982993197278911
development_final,Kapuka_2021,151,8,recomputed (copy of AN-0001-02 functions),0.6983443708609272,0.6983443708609272,0.0,0.0,64,4,4,4,3,0.75,,,,0.6983443708609272,0.6983443708609272
development_final,Brons_2024,172,25,recomputed (copy of AN-0001-02 functions),0.6651162790697673,0.6488372093023255,0.016279069767441867,0.00022300095571838174,48,7,10,22,17,0.7727272727272727,,,,0.6651162790697673,0.6488372093023255
development_final,Oliveira_2021,184,17,recomputed (copy of AN-0001-02 functions),0.7652173913043478,0.7652173913043478,0.0,0.0,50,7,8,8,6,0.75,,,,0.7652173913043478,0.7652173913043478
development_final,Quevedo_2023,199,18,recomputed (copy of AN-0001-02 functions),0.7540201005025126,0.7580402010050251,-0.004020100502512558,-5.50698698974323e-05,53,4,13,45,23,0.5111111111111111,,,,0.7540201005025126,0.7580402010050251
development_final,Clark_2021,199,3,recomputed (copy of AN-0001-02 functions),0.8746231155778894,0.8746231155778894,0.0,0.0,32,0,0,0,0,,,,,0.8746231155778894,0.8746231155778894
development_final,Ferreira_2022,223,3,recomputed (copy of AN-0001-02 functions),0.42982062780269065,0.365695067264574,0.06412556053811663,0.000878432336138584,24,2,2,72,64,0.8888888888888888,,,,0.42982062780269065,0.365695067264574
development_final,Oud_2018,243,5,recomputed (copy of AN-0001-02 functions),0.884156378600823,0.884156378600823,0.0,0.0,59,0,0,0,0,,,,,0.884156378600823,0.884156378600823
development_final,Williamson_2023,258,5,recomputed (copy of AN-0001-02 functions),0.9189922480620154,0.9170542635658914,0.0019379844961240345,2.654773282361691e-05,47,2,2,2,2,1.0,,,,0.9189922480620154,0.9170542635658914
development_final,Dornauer_2023,259,5,recomputed (copy of AN-0001-02 functions),0.9036679536679536,0.8994208494208493,0.004247104247104283,5.8179510234305246e-05,29,1,1,2,2,1.0,,,,0.9036679536679536,0.8994208494208493
development_final,Maciel_2024,274,31,recomputed (copy of AN-0001-02 functions),0.658029197080292,0.6602189781021897,-0.0021897810218977076,-2.9997000299968598e-05,52,7,7,40,31,0.775,,,,0.658029197080292,0.6602189781021897
development_final,Nobrega-Dos_Santos_2023,277,8,recomputed (copy of AN-0001-02 functions),0.8525270758122743,0.8525270758122743,0.0,0.0,48,1,1,1,0,0.0,,,,0.8525270758122743,0.8525270758122743
development_final,Cinquin_2018,290,9,recomputed (copy of AN-0001-02 functions),0.7189655172413792,0.7206896551724138,-0.0017241379310345417,-2.361832782239098e-05,64,5,5,8,4,0.5,,,,0.7189655172413792,0.7206896551724138
development_final,Pijls_2018,301,16,recomputed (copy of AN-0001-02 functions),0.8403654485049834,0.838704318936877,0.0016611295681063787,2.275519956310108e-05,45,6,7,13,11,0.8461538461538461,,,,0.8403654485049834,0.838704318936877
development_final,van_Heugten_Breurkes_2022,303,13,recomputed (copy of AN-0001-02 functions),0.6364686468646864,0.6351485148514852,0.0013201320132012473,1.8084000180839005e-05,75,9,9,29,17,0.5862068965517241,,,,0.6364686468646864,0.6351485148514852
development_final,Greca_2023,328,24,recomputed (copy of AN-0001-02 functions),0.6847560975609756,0.6841463414634145,0.0006097560975610872,8.352823254261468e-06,88,12,19,62,40,0.6451612903225806,,,,0.6847560975609756,0.6841463414634145
development_final,Ramiro_2015,338,18,recomputed (copy of AN-0001-02 functions),0.8405325443786982,0.8381656804733726,0.002366863905325589,3.2422793223638204e-05,73,5,7,9,5,0.5555555555555556,,,,0.8405325443786982,0.8381656804733726
development_final,Bindoli_2024b,341,7,recomputed (copy of AN-0001-02 functions),0.5717008797653959,0.5670087976539588,0.004692082111437013,6.427509741694538e-05,91,7,7,17,13,0.7647058823529411,,,,0.5717008797653959,0.5670087976539588
development_final,Sanchez-Acedo_2023,345,20,recomputed (copy of AN-0001-02 functions),0.12391304347826086,0.12101449275362322,0.0028985507246376413,3.9706174310104676e-05,51,15,17,140,63,0.45,,,,0.12391304347826086,0.12101449275362322
development_final,van_der_Valk_2021,362,46,recomputed (copy of AN-0001-02 functions),0.4886740331491713,0.48425414364640884,0.004419889502762453,6.0546431544691135e-05,56,21,30,218,75,0.3440366972477064,,,,0.4886740331491713,0.48425414364640884
development_final,Ward_2020,374,8,recomputed (copy of AN-0001-02 functions),0.9179144385026737,0.9179144385026736,1.1102230246251565e-16,1.5208534583906253e-18,42,2,3,4,2,0.5,,,,0.9179144385026737,0.9179144385026736
development_final,Sanchez-Gomez_2024,385,7,recomputed (copy of AN-0001-02 functions),0.9032467532467532,0.9032467532467532,0.0,0.0,38,0,0,0,0,,,,,0.9032467532467532,0.9032467532467532
development_final,Wijnen_2024,399,6,recomputed (copy of AN-0001-02 functions),0.6793233082706767,0.675563909774436,0.003759398496240629,5.149860953754286e-05,82,5,5,17,5,0.29411764705882354,,,,0.6793233082706767,0.675563909774436
development_final,Noetel_2021,444,6,recomputed (copy of AN-0001-02 functions),0.5423423423423424,0.5132882882882883,0.029054054054054035,0.00039800074046649365,56,2,2,23,21,0.9130434782608695,,,,0.5423423423423424,0.5132882882882883
development_final,Clarinval_2021,446,19,recomputed (copy of AN-0001-02 functions),0.8670403587443946,0.8670403587443947,-1.1102230246251565e-16,-1.5208534583906253e-18,65,5,7,8,2,0.25,,,,0.8670403587443946,0.8670403587443947
development_final,Meijboom_2021,464,21,recomputed (copy of AN-0001-02 functions),0.7818965517241379,0.7741379310344827,0.00775862068965516,0.00010628247520075561,49,7,12,64,24,0.375,,,,0.7818965517241379,0.7741379310344827
development_final,Mejean_2024,486,66,recomputed (copy of AN-0001-02 functions),0.43559670781893006,0.4327160493827161,0.0028806584362139898,3.946107446868479e-05,84,26,42,118,53,0.4491525423728814,,,,0.43559670781893006,0.4327160493827161
development_final,Santos_2018,488,7,recomputed (copy of AN-0001-02 functions),0.9090163934426229,0.9088114754098362,0.00020491803278666065,2.807096339543297e-06,43,1,1,2,1,0.5,,,,0.9090163934426229,0.9088114754098362
development_final,Fong_2021,489,44,recomputed (copy of AN-0001-02 functions),0.7761758691206544,0.7735173824130879,0.002658486707566521,3.641762613104823e-05,60,9,13,64,31,0.484375,,,,0.7761758691206544,0.7735173824130879
development_final,Ali_2024,515,30,recomputed (copy of AN-0001-02 functions),0.5616504854368931,0.5589320388349514,0.0027184466019417597,3.7238994547147394e-05,84,23,26,74,41,0.5540540540540541,,,,0.5616504854368931,0.5589320388349514
development_final,Bakker-Jacobs_2022,549,8,recomputed (copy of AN-0001-02 functions),0.6603825136612022,0.6653005464480874,-0.004918032786885296,-6.737031214911365e-05,85,8,8,17,5,0.29411764705882354,,,,0.6603825136612022,0.6653005464480874
development_final,de_Matteis_2024b,553,24,recomputed (copy of AN-0001-02 functions),0.8776672694394213,0.8782097649186256,-0.0005424954792042636,-7.43144492060635e-06,71,6,7,11,7,0.6363636363636364,earlier,0.33459357277882795,0.006100683902255672,0.8776672694394213,0.8782097649186256
development_final,Bech_2019,556,15,recomputed (copy of AN-0001-02 functions),0.8492805755395683,0.8492805755395683,0.0,0.0,76,8,10,16,9,0.5625,,,,0.8492805755395683,0.8492805755395683
development_final,Low_2023,556,36,recomputed (copy of AN-0001-02 functions),0.6784172661870503,0.6714028776978418,0.007014388489208545,9.608751355080198e-05,62,17,22,107,55,0.514018691588785,,,,0.6784172661870503,0.6714028776978418
development_final,Appenzeller-Herzog_2019,582,8,recomputed (copy of AN-0001-02 functions),0.8056701030927835,0.8020618556701031,0.0036082474226803996,4.942804688603287e-05,43,4,4,22,15,0.6818181818181818,,,,0.8056701030927835,0.8020618556701031
development_final,Anmarkrud_2021,593,16,recomputed (copy of AN-0001-02 functions),0.9027824620573356,0.9039629005059021,-0.0011804384485665231,-1.617038970639073e-05,42,3,3,3,2,0.6666666666666666,,,,0.9027824620573356,0.9039629005059021
development_final,Zakeri-Nasrabadi_2023a,627,9,recomputed (copy of AN-0001-02 functions),0.8255980861244019,0.8289473684210528,-0.0033492822966508795,-4.5880579406176434e-05,54,6,6,12,4,0.3333333333333333,,,,0.8255980861244019,0.8289473684210528
development_final,Cozim-Melges_2024,630,95,recomputed (copy of AN-0001-02 functions),0.2817460317460318,0.27634920634920634,0.005396825396825455,7.392911502500623e-05,91,46,95,608,296,0.4868421052631579,,,,0.2817460317460318,0.27634920634920634
development_final,Marques_2021,713,16,recomputed (copy of AN-0001-02 functions),0.8630434782608696,0.8603786816269284,0.0026647966339411466,3.6504063478645844e-05,50,7,7,11,9,0.8181818181818182,,,,0.8630434782608696,0.8603786816269284
development_final,Aouad_2024,714,30,recomputed (copy of AN-0001-02 functions),0.734313725490196,0.7359943977591036,-0.001680672268907557,-2.3022907793254207e-05,91,17,21,70,37,0.5285714285714286,,,,0.734313725490196,0.7359943977591036
development_final,Smid_2019,770,11,recomputed (copy of AN-0001-02 functions),0.9123376623376623,0.9123376623376623,0.0,0.0,49,3,3,3,3,1.0,,,,0.9123376623376623,0.9123376623376623
development_final,Filges_2022,781,6,recomputed (copy of AN-0001-02 functions),0.9269526248399488,0.9269526248399489,-1.1102230246251565e-16,-1.5208534583906253e-18,53,1,1,1,0,0.0,,,,0.9269526248399488,0.9269526248399489
development_final,Rinne_2021,815,194,recomputed (copy of AN-0001-02 functions),0.4726993865030675,0.47000000000000003,0.002699386503067447,3.6977897302293796e-05,91,54,141,515,280,0.5436893203883495,,,,0.4726993865030675,0.47000000000000003
development_final,Muthu_2020,923,20,recomputed (copy of AN-0001-02 functions),0.5556338028169014,0.5470747562296857,0.008559046587215735,0.00011724721352350322,89,16,19,155,65,0.41935483870967744,,,,0.5556338028169014,0.5470747562296857
development_final,Filges_2018,925,20,recomputed (copy of AN-0001-02 functions),0.8818918918918919,0.8817837837837837,0.00010810810810812921,1.480932987782592e-06,75,10,11,18,10,0.5555555555555556,earlier,0.34723756906077347,0.019326455630898638,0.8818918918918919,0.8817837837837837
development_final,Xu_2022,960,21,recomputed (copy of AN-0001-02 functions),0.7666666666666666,0.7636458333333334,0.0030208333333332504,4.138127853881165e-05,91,14,20,104,61,0.5865384615384616,,,,0.7666666666666666,0.7636458333333334
development_final,Endedijk_2021,1092,89,recomputed (copy of AN-0001-02 functions),0.6386446886446886,0.6407509157509157,-0.0021062271062270987,-2.8852426112699983e-05,82,35,60,570,380,0.6666666666666666,,,,0.6386446886446886,0.6407509157509157
development_final,Adamo_2021,1151,16,recomputed (copy of AN-0001-02 functions),0.7718940052128583,0.7666811468288445,0.005212858384013863,7.140901895909401e-05,91,12,16,73,45,0.6164383561643836,,,,0.7718940052128583,0.7666811468288445
development_final,van_Hoorn_2020,1154,15,recomputed (copy of AN-0001-02 functions),0.8850086655112651,0.8876949740034661,-0.002686308492200973,-3.6798746468506476e-05,73,6,7,17,4,0.23529411764705882,,,,0.8850086655112651,0.8876949740034661
development_final,Verdugo-Castro_2022,1245,10,recomputed (copy of AN-0001-02 functions),0.6857429718875502,0.6883132530120483,-0.002570281124498086,-3.5209330472576524e-05,84,8,9,58,39,0.6724137931034483,,,,0.6857429718875502,0.6883132530120483
development_final,Tektonidou_2019,1251,58,recomputed (copy of AN-0001-02 functions),0.7557553956834532,0.7554356514788169,0.0003197442046363186,4.380057597757789e-06,94,22,49,164,75,0.4573170731707317,,,,0.7557553956834532,0.7554356514788169
development_final,Giesen_2021,1293,11,recomputed (copy of AN-0001-02 functions),0.7489172467130704,0.7484532095901005,0.00046403712296982924,6.356672917394921e-06,91,11,11,80,57,0.7125,,,,0.7489172467130704,0.7484532095901005
development_final,Hamaker_2022,1313,13,recomputed (copy of AN-0001-02 functions),0.898971820258949,0.8997334348819497,-0.0007616146230007281,-1.0433077027407234e-05,84,9,9,17,10,0.5882352941176471,,,,0.898971820258949,0.8997334348819497
development_final,Taschner_2024,1323,34,recomputed (copy of AN-0001-02 functions),0.6567271352985637,0.6599773242630386,-0.0032501889644748205,-4.452313649965508e-05,83,19,25,120,55,0.4583333333333333,,,,0.6567271352985637,0.6599773242630386
development_final,Zanframundo_2022,1334,40,recomputed (copy of AN-0001-02 functions),0.7865817091454272,0.7891304347826087,-0.002548725637181448,-3.49140498244034e-05,74,24,36,146,74,0.5068493150684932,,,,0.7865817091454272,0.7891304347826087
development_final,Leenaars_2019,1395,7,recomputed (copy of AN-0001-02 functions),0.6546594982078853,0.6879928315412186,-0.033333333333333326,-0.0004566210045662099,48,2,2,100,9,0.09,,,,0.6546594982078853,0.6879928315412186
development_final,Farisogullari_2023,1439,59,recomputed (copy of AN-0001-02 functions),0.8659138290479499,0.8656358582348853,0.0002779708130645764,3.8078193570489915e-06,93,20,33,66,37,0.5606060606060606,,,,0.8659138290479499,0.8656358582348853
development_final,Bindoli_2024a,1449,64,recomputed (copy of AN-0001-02 functions),0.745031055900621,0.7444789510006901,0.0005521048999309608,7.563080820972066e-06,95,25,64,374,184,0.4919786096256685,,,,0.745031055900621,0.7444789510006901
development_final,Fejza_2023,1499,45,recomputed (copy of AN-0001-02 functions),0.8179119412941961,0.8178452301534357,6.671114076040041e-05,9.138512432931563e-07,97,26,40,194,123,0.634020618556701,earlier,0.41132508023842274,0.042498853933629614,0.8179119412941961,0.8178452301534357
development_final,Wassenaar_2017,1523,23,recomputed (copy of AN-0001-02 functions),0.8797439264609324,0.876592252133946,0.0031516743269863756,4.317362091762158e-05,51,7,8,69,48,0.6956521739130435,,,,0.8797439264609324,0.876592252133946
development_final,Wolters_2018,1683,9,recomputed (copy of AN-0001-02 functions),0.9226678550207962,0.9241532976827095,-0.0014854426619133054,-2.034852961525076e-05,52,3,3,8,2,0.25,,,,0.9226678550207962,0.9241532976827095
development_final,Zakeri-Nasrabadi_2023b,1720,46,recomputed (copy of AN-0001-02 functions),0.8453488372093023,0.8434883720930232,0.0018604651162791308,2.5485823510673025e-05,88,18,36,108,53,0.49074074074074076,,,,0.8453488372093023,0.8434883720930232
development_final,Sepriano_2022,1760,57,recomputed (copy of AN-0001-02 functions),0.7073863636363635,0.7034090909090909,0.003977272727272663,5.4483188044830995e-05,96,25,56,494,258,0.5222672064777328,,,,0.7073863636363635,0.7034090909090909
development_final,Sepriano_2020,1908,29,recomputed (copy of AN-0001-02 functions),0.8336477987421383,0.8346960167714885,-0.0010482180293501786,-1.4359151086988748e-05,95,11,29,117,63,0.5384615384615384,,,,0.8336477987421383,0.8346960167714885
development_final,Kerschbaumer_2024a,1949,29,recomputed (copy of AN-0001-02 functions),0.6980759363776294,0.6984864032837352,-0.0004104669061057997,-5.622834330216434e-06,98,11,29,660,393,0.5954545454545455,,,,0.6980759363776294,0.6984864032837352
development_final,Leenaars_2020,1956,199,recomputed (copy of AN-0001-02 functions),0.5911042944785276,0.5948875255623721,-0.003783231083844485,-5.182508334033541e-05,93,69,189,1355,684,0.5047970479704798,,,,0.5911042944785276,0.5948875255623721
development_final,Viguie_2020,1978,104,recomputed (copy of AN-0001-02 functions),0.8711324570273002,0.8711324570273004,-1.1102230246251565e-16,-1.5208534583906253e-18,92,29,75,142,72,0.5070422535211268,,,,0.8711324570273002,0.8711324570273004
heldout_final,Abgaz_2023,288,11,stored AN-0001-02,0.8875,0.8871527777777777,0.0003472222222222765,1.5096618357490282e-05,71,3,4,8,5,0.625,,,,0.8875,0.8871527777777777
heldout_final,Attai_2022,1726,135,stored AN-0001-02,0.6550984936268829,0.6558516801853996,-0.0007531865585167496,-3.274724167464129e-05,94,59,124,942,435,0.46178343949044587,,,,0.6550984936268829,0.6558516801853996
heldout_final,Boersma-van_Dam_2024,578,24,stored AN-0001-02,0.7856401384083045,0.7842560553633218,0.0013840830449827202,6.017752369490088e-05,57,14,15,53,42,0.7924528301886793,,,,0.7856401384083045,0.7842560553633218
heldout_final,Bos_2018,2241,6,stored AN-0001-02,0.9022534582775547,0.9028335564480143,-0.0005800981704596753,-2.5221659585203273e-05,80,1,1,3,0,0.0,,,,0.9022534582775547,0.9028335564480143
heldout_final,Bosch_2021,1716,22,stored AN-0001-02,0.8724941724941725,0.8724358974358974,5.8275058275047975e-05,2.533698185871651e-06,92,15,20,87,32,0.367816091954023,later,0.6438767843726522,0.02024401384184247,0.8724941724941725,0.8724358974358974
heldout_final,Chakraborty_2023,2233,7,stored AN-0001-02,0.9079041648007165,0.9062919838781907,0.0016121809225257966,7.00948227185129e-05,77,6,6,35,18,0.5142857142857142,,,,0.9079041648007165,0.9062919838781907
heldout_final,Chueca_2023,609,16,stored AN-0001-02,0.6018883415435139,0.6009031198686371,0.0009852216748768017,4.283572499464355e-05,81,13,16,43,18,0.4186046511627907,,,,0.6018883415435139,0.6009031198686371
heldout_final,Donners_2021,119,14,stored AN-0001-02,0.7483193277310924,0.7457983193277311,0.0025210084033613356,0.00010960906101571024,45,2,2,2,1,0.5,,,,0.7483193277310924,0.7457983193277311
heldout_final,Eggmann_2023,266,9,stored AN-0001-02,0.9161654135338345,0.9161654135338345,0.0,0.0,29,0,0,0,0,,earlier,0.27929096411586685,0.024569244360623653,0.9161654135338345,0.9161654135338345
heldout_final,Hall_2011,340,4,stored AN-0001-02,0.9323529411764705,0.9323529411764705,0.0,0.0,24,0,0,0,0,,,,,0.9323529411764705,0.9323529411764705
heldout_final,Harms_2024,840,48,stored AN-0001-02,0.7749999999999999,0.7761904761904762,-0.0011904761904762973,-5.175983436853466e-05,89,20,31,80,40,0.5,,,,0.7749999999999999,0.7761904761904762
heldout_final,Kerschbaumer_2024b,1146,15,stored AN-0001-02,0.750174520069808,0.7455497382198952,0.0046247818499127735,0.00020107747173533797,95,11,15,80,38,0.475,,,,0.750174520069808,0.7455497382198952
heldout_final,Lewowski_2021,329,9,stored AN-0001-02,0.8861702127659574,0.8861702127659574,0.0,0.0,55,1,1,1,0,0.0,later,0.7260416666666667,0.02080795121454689,0.8861702127659574,0.8861702127659574
heldout_final,Menon_2022,485,35,stored AN-0001-02,0.34793814432989695,0.3368041237113403,0.011134020618556673,0.0004840878529807249,70,16,17,105,40,0.38095238095238093,,,,0.34793814432989695,0.3368041237113403
heldout_final,Moran_2020,1992,39,stored AN-0001-02,0.7923694779116466,0.7866465863453815,0.005722891566265043,0.0002488213724463062,79,15,22,190,106,0.5578947368421052,,,,0.7923694779116466,0.7866465863453815
heldout_final,Parodis_2023b,1679,33,stored AN-0001-02,0.7403513996426444,0.7396366885050625,0.0007147111375819248,3.1074397286170644e-05,89,17,27,159,86,0.5408805031446541,,,,0.7403513996426444,0.7396366885050625
heldout_final,Roberts_2021,883,3,stored AN-0001-02,0.9375424688561721,0.937542468856172,1.1102230246251565e-16,4.827056628805028e-18,60,0,0,0,0,,,,,0.9375424688561721,0.937542468856172
heldout_final,Seghers_2022,1759,16,stored AN-0001-02,0.8772313814667424,0.877515633882888,-0.0002842524161456028,-1.2358800701982732e-05,77,8,11,30,18,0.6,,,,0.8772313814667424,0.877515633882888
heldout_final,Theobald_2021,70,9,stored AN-0001-02,0.6642857142857143,0.6642857142857144,-1.1102230246251565e-16,-4.827056628805028e-18,39,4,6,8,5,0.625,,,,0.6642857142857143,0.6642857142857144
heldout_final,Toffalini_2021,328,22,stored AN-0001-02,0.7609756097560976,0.7615853658536584,-0.0006097560975608651,-2.6511134676559354e-05,71,12,13,22,11,0.5,,,,0.7609756097560976,0.7615853658536584
heldout_final,Tumkaya_2018,481,39,stored AN-0001-02,0.6173596673596673,0.6094594594594595,0.007900207900207845,0.0003434873000090367,55,20,30,98,53,0.5408163265306123,,,,0.6173596673596673,0.6094594594594595
heldout_final,van_der_Waal_2022,1158,17,stored AN-0001-02,0.8947322970639032,0.8962003454231432,-0.0014680483592399707,-6.382818953217264e-05,76,6,7,11,4,0.36363636363636365,,,,0.8947322970639032,0.8962003454231432
heldout_final,Walker_2018,11735,64,stored AN-0001-02,0.8755219429058372,0.8742266723476778,0.001295270558159367,5.631611122432031e-05,95,31,64,664,279,0.42018072289156627,,,,0.8755219429058372,0.8742266723476778
heldout_ta,Abgaz_2023,288,33,stored AN-0001-02,0.6201388888888888,0.6138888888888887,0.006250000000000089,0.0005208333333333407,71,13,15,29,18,0.6206896551724138,,,,0.6201388888888888,0.6138888888888887
heldout_ta,Boersma-van_Dam_2024,578,68,stored AN-0001-02,0.5209342560553633,0.5238754325259516,-0.002941176470588336,-0.0002450980392156947,57,21,43,968,439,0.4535123966942149,,,,0.5209342560553633,0.5238754325259516
heldout_ta,Chakraborty_2023,2233,41,stored AN-0001-02,0.38887147335423194,0.4017241379310345,-0.012852664576802564,-0.0010710553814002137,77,30,40,1069,568,0.5313376987839102,,,,0.38887147335423194,0.4017241379310345
heldout_ta,Chueca_2023,609,38,stored AN-0001-02,0.6051724137931034,0.6153530377668307,-0.01018062397372732,-0.0008483853311439434,81,24,31,91,35,0.38461538461538464,,,,0.6051724137931034,0.6153530377668307
heldout_ta,Harms_2024,840,92,stored AN-0001-02,0.4773809523809524,0.4786904761904761,-0.001309523809523705,-0.00010912698412697541,89,38,63,385,234,0.6077922077922078,,,,0.4773809523809524,0.4786904761904761
heldout_ta,Lewowski_2021,329,30,stored AN-0001-02,0.6734042553191488,0.6691489361702126,0.004255319148936176,0.0003546099290780147,55,12,14,34,16,0.47058823529411764,,,,0.6734042553191488,0.6691489361702126
heldout_ta,Moran_2020,1992,193,stored AN-0001-02,0.5709839357429718,0.5661646586345381,0.004819277108433662,0.00040160642570280514,79,41,124,4726,2139,0.4526026237833263,,,,0.5709839357429718,0.5661646586345381
heldout_ta,Roberts_2021,883,13,stored AN-0001-02,0.4256511891279728,0.4545300113250283,-0.02887882219705551,-0.0024065685164212924,60,5,6,157,50,0.3184713375796178,,,,0.4256511891279728,0.4545300113250283
heldout_ta,Theobald_2021,70,37,stored AN-0001-02,0.1642857142857143,0.1642857142857143,0.0,0.0,39,6,7,15,3,0.2,,,,0.1642857142857143,0.1642857142857143
heldout_ta,Toffalini_2021,328,89,stored AN-0001-02,0.5048780487804878,0.5048780487804877,1.1102230246251565e-16,9.25185853854297e-18,71,20,32,88,55,0.625,,,,0.5048780487804878,0.5048780487804877
heldout_ta,Tumkaya_2018,481,88,stored AN-0001-02,0.34708939708939707,0.3497920997920998,-0.0027027027027027306,-0.00022522522522522756,55,30,62,428,222,0.5186915887850467,,,,0.34708939708939707,0.3497920997920998
heldout_ta,Walker_2018,11735,226,stored AN-0001-02,0.631976991904559,0.6312782275244994,0.0006987643800596688,5.82303650049724e-05,95,80,226,24456,11976,0.4896957801766438,,,,0.631976991904559,0.6312782275244994
clef_final,CD012080,6643,77,stored AN-0001-02,0.7997666716844798,0.7990591600180641,0.0007075116664156944,2.5268273800560515e-05,95,34,77,1593,712,0.44695543000627747,,,,0.7997666716844798,0.7990591600180641
clef_final,CD012669,1260,24,stored AN-0001-02,0.8023809523809523,0.803095238095238,-0.0007142857142856673,-2.5510204081630977e-05,94,13,22,189,119,0.6296296296296297,,,,0.8023809523809523,0.803095238095238
clef_final,CD009044,3169,1,stored AN-0001-02,0.9361154938466393,0.9360839381508361,3.155569580315376e-05,1.12698913582692e-06,57,1,1,2,1,0.5,,,,0.9361154938466393,0.9360839381508361
clef_final,CD011686,9729,3,stored AN-0001-02,0.9487665741597286,0.948725459965053,4.111419467567323e-05,1.4683640955597582e-06,55,1,1,1,1,1.0,,,,0.9487665741597286,0.948725459965053
clef_final,CD008874,2382,110,stored AN-0001-02,0.7795549958018472,0.7787153652392946,0.0008396305625525402,2.9986805805447864e-05,94,48,99,513,307,0.5984405458089669,,,,0.7795549958018472,0.7787153652392946
clef_final,CD012567,6735,4,stored AN-0001-02,0.948218262806236,0.9482182628062359,1.1102230246251565e-16,3.96508223080413e-18,65,2,2,2,2,1.0,earlier,0.15034913088694102,0.010943988294214004,0.948218262806236,0.9482182628062359
clef_final,CD012768,131,22,stored AN-0001-02,0.49961832061068706,0.4958015267175573,0.0038167938931297773,0.00013631406761177776,63,13,17,41,18,0.43902439024390244,,,,0.49961832061068706,0.4958015267175573
clef_final,CD012233,472,9,stored AN-0001-02,0.14067796610169497,0.11822033898305084,0.02245762711864413,0.0008020581113801475,77,4,4,38,31,0.8157894736842105,,,,0.14067796610169497,0.11822033898305084
clef_final,CD012455,1593,5,stored AN-0001-02,0.9462335216572504,0.9462335216572504,0.0,0.0,30,1,1,1,0,0.0,,,,0.9462335216572504,0.9462335216572504
clef_final,CD012551,591,29,stored AN-0001-02,0.8467851099830794,0.8467851099830794,0.0,0.0,83,10,14,20,11,0.55,,,,0.8467851099830794,0.8467851099830794
clef_final,CD010239,224,10,stored AN-0001-02,0.8919642857142857,0.8919642857142855,1.1102230246251565e-16,3.96508223080413e-18,30,0,0,0,0,,,,,0.8919642857142857,0.8919642857142855
clef_final,CD010753,2539,20,stored AN-0001-02,0.8531114612051989,0.8559078377313902,-0.0027963765261913576,-9.987059022111991e-05,86,12,14,89,41,0.4606741573033708,,,,0.8531114612051989,0.8559078377313902
clef_final,CD012164,61,3,stored AN-0001-02,0.9008196721311474,0.9008196721311474,0.0,0.0,33,0,0,0,0,,,,,0.9008196721311474,0.9008196721311474
clef_final,CD009069,1757,5,stored AN-0001-02,0.9073136027319294,0.9071997723392146,0.00011383039271484208,4.065371168387217e-06,93,4,5,24,14,0.5833333333333334,,,,0.9073136027319294,0.9071997723392146
clef_final,CD009642,1922,50,stored AN-0001-02,0.917741935483871,0.9174817898022891,0.00026014568158183593,9.290917199351284e-06,66,6,10,22,12,0.5454545454545454,,,,0.917741935483871,0.9174817898022891
clef_final,CD004414,336,7,stored AN-0001-02,0.8934523809523809,0.8934523809523809,0.0,0.0,45,1,1,3,2,0.6666666666666666,earlier,0.23708206686930092,0.014986264290232238,0.8934523809523809,0.8934523809523809
clef_final,CD011977,195,37,stored AN-0001-02,0.36025641025641025,0.34589743589743593,0.014358974358974319,0.0005128205128205114,59,11,15,52,25,0.4807692307692308,,,,0.36025641025641025,0.34589743589743593
clef_final,CD011571,146,6,stored AN-0001-02,0.8952054794520548,0.895205479452055,-2.220446049250313e-16,-7.93016446160826e-18,30,0,0,0,0,,,,,0.8952054794520548,0.895205479452055
clef_final,CD001261,571,22,stored AN-0001-02,0.8484238178633975,0.8484238178633975,0.0,0.0,90,4,10,34,16,0.47058823529411764,,,,0.8484238178633975,0.8484238178633975
clef_final,CD011768,9160,25,stored AN-0001-02,0.9389737991266375,0.9390393013100438,-6.550218340628522e-05,-2.339363693081615e-06,93,13,21,44,15,0.3409090909090909,,,,0.9389737991266375,0.9390393013100438
clef_final,CD007867,943,9,stored AN-0001-02,0.8874337221633085,0.8908271474019088,-0.0033934252386003116,-0.0001211937585214397,63,1,1,5,0,0.0,,,,0.8874337221633085,0.8908271474019088
clef_final,CD010558,2815,10,stored AN-0001-02,0.5745115452930728,0.6039964476021313,-0.029484902309058536,-0.0010530322253235191,81,4,4,205,2,0.00975609756097561,,,,0.5745115452930728,0.6039964476021313
clef_final,CD012069,3479,245,stored AN-0001-02,0.5289019833285427,0.5344782983615982,-0.005576315033055557,-0.00019915410832341274,93,69,239,4158,2150,0.517075517075517,,,,0.5289019833285427,0.5344782983615982
clef_final,CD010038,8867,9,stored AN-0001-02,0.9452633359648133,0.9450941693921282,0.0001691665726850644,6.041663310180871e-06,72,3,3,7,6,0.8571428571428571,,,,0.9452633359648133,0.9450941693921282
clef_final,CD006468,3874,12,stored AN-0001-02,0.9401910170366545,0.9402942694889005,-0.00010325245224596102,-3.6875875802128936e-06,70,2,2,3,0,0.0,,,,0.9401910170366545,0.9402942694889005
clef_final,CD000996,281,6,stored AN-0001-02,0.9215302491103202,0.9215302491103202,0.0,0.0,34,0,0,0,0,,,,,0.9215302491103202,0.9215302491103202
clef_final,CD012661,3367,94,stored AN-0001-02,0.7851648351648352,0.7898871398871399,-0.0047223047223047265,-0.00016865374008231165,92,45,81,642,207,0.32242990654205606,later,0.5685264998602362,0.023282541805178615,0.7851648351648352,0.7898871398871399
clef_final,CD011787,4369,28,stored AN-0001-02,0.9108606088349737,0.9109750514991989,-0.00011444266422522276,-4.08723800804367e-06,94,16,27,93,56,0.6021505376344086,,,,0.9108606088349737,0.9109750514991989
clef_ta,CD012080,6643,77,stored AN-0001-02,0.7997666716844798,0.7990591600180641,0.0007075116664156944,2.2822956981151434e-05,95,34,77,1593,712,0.44695543000627747,,,,0.7997666716844798,0.7990591600180641
clef_ta,CD012669,1260,71,stored AN-0001-02,0.6777777777777778,0.6768253968253969,0.0009523809523809268,3.072196620583635e-05,94,32,69,496,294,0.592741935483871,,,,0.6777777777777778,0.6768253968253969
clef_ta,CD009044,3169,11,stored AN-0001-02,0.8805774692331966,0.8730356579362575,0.007541811296939094,0.00024328423538513206,57,4,4,62,59,0.9516129032258065,,,,0.8805774692331966,0.8730356579362575
clef_ta,CD011686,9729,64,stored AN-0001-02,0.8582125603864734,0.8609980470757529,-0.0027854866892794705,-8.985440933159582e-05,55,24,56,7233,2267,0.3134245817779621,,,,0.8582125603864734,0.8609980470757529
clef_ta,CD008874,2382,118,stored AN-0001-02,0.7589840470193114,0.7602854743912679,-0.0013014273719564873,-4.198152812762862e-05,94,52,107,681,432,0.6343612334801763,,,,0.7589840470193114,0.7602854743912679
clef_ta,CD012567,6735,11,stored AN-0001-02,0.9433184855233853,0.9434669636228655,-0.0001484780994802648,-4.789616112266607e-06,65,4,5,8,1,0.125,,,,0.9433184855233853,0.9434669636228655
clef_ta,CD012768,131,45,stored AN-0001-02,0.3316793893129771,0.3347328244274809,-0.003053435114503844,-9.849790691947884e-05,63,16,27,46,19,0.41304347826086957,,,,0.3316793893129771,0.3347328244274809
clef_ta,CD012233,472,43,stored AN-0001-02,0.47118644067796606,0.46737288135593225,0.0038135593220338104,0.00012301804264625195,77,27,31,182,111,0.6098901098901099,,,,0.47118644067796606,0.46737288135593225
clef_ta,CD012455,1593,7,stored AN-0001-02,0.9424670433145009,0.9429064657878218,-0.0004394224733208496,-1.4174918494220954e-05,30,1,1,1,0,0.0,,,,0.9424670433145009,0.9429064657878218
clef_ta,CD012551,591,68,stored AN-0001-02,0.5236040609137056,0.5318950930626057,-0.008291032148900146,-0.00026745264996452084,83,27,41,273,131,0.47985347985347987,,,,0.5236040609137056,0.5318950930626057
clef_ta,CD010239,224,12,stored AN-0001-02,0.8473214285714286,0.8361607142857144,0.01116071428571419,0.0003600230414746513,30,1,1,6,6,1.0,,,,0.8473214285714286,0.8361607142857144
clef_ta,CD010753,2539,29,stored AN-0001-02,0.8342063804647498,0.8332217408428514,0.000984639621898431,3.176256844833648e-05,86,19,22,356,221,0.6207865168539326,,,,0.8342063804647498,0.8332217408428514
clef_ta,CD012164,61,7,stored AN-0001-02,0.490983606557377,0.5008196721311474,-0.009836065573770425,-0.0003172924378635621,33,2,2,2,1,0.5,,,,0.490983606557377,0.5008196721311474
clef_ta,CD009069,1757,78,stored AN-0001-02,0.6950199203187251,0.6930278884462152,0.0019920318725098474,6.425909266160798e-05,93,45,71,1233,793,0.643146796431468,,,,0.6950199203187251,0.6930278884462152
clef_ta,CD009642,1922,62,stored AN-0001-02,0.9083766909469302,0.9082206035379812,0.00015608740894901274,5.035077708032669e-06,66,7,13,24,15,0.625,,,,0.9083766909469302,0.9082206035379812
clef_ta,CD004414,336,16,stored AN-0001-02,0.8369047619047618,0.8369047619047618,0.0,0.0,45,4,6,7,2,0.2857142857142857,,,,0.8369047619047618,0.8369047619047618
clef_ta,CD011977,195,49,stored AN-0001-02,0.4576923076923077,0.45205128205128203,0.005641025641025643,0.00018196856906534334,59,9,13,48,23,0.4791666666666667,,,,0.4576923076923077,0.45205128205128203
clef_ta,CD011571,146,15,stored AN-0001-02,0.723972602739726,0.7047945205479452,0.019178082191780743,0.0006186478126380885,30,2,2,9,7,0.7777777777777778,,,,0.723972602739726,0.7047945205479452
clef_ta,CD012342,2353,6,stored AN-0001-02,0.8866765830854229,0.8832341691457714,0.0034424139396515008,0.00011104561095650002,33,4,5,71,42,0.5915492957746479,,,,0.8866765830854229,0.8832341691457714
clef_ta,CD001261,571,72,stored AN-0001-02,0.6732924693520139,0.6734676007005254,-0.00017513134851143697,-5.649398339078612e-06,90,25,40,93,56,0.6021505376344086,,,,0.6732924693520139,0.6734676007005254
clef_ta,CD011768,9160,54,stored AN-0001-02,0.9169213973799126,0.9161572052401745,0.0007641921397381068,2.4651359346390543e-05,93,26,43,182,104,0.5714285714285714,,,,0.9169213973799126,0.9161572052401745
clef_ta,CD007867,943,17,stored AN-0001-02,0.7379109225874867,0.7463944856839873,-0.008483563096500557,-0.00027366332569356635,63,5,5,47,5,0.10638297872340426,,,,0.7379109225874867,0.7463944856839873
clef_ta,CD010558,2815,37,stored AN-0001-02,0.5745115452930728,0.6039964476021313,-0.029484902309058536,-0.0009511258809373721,81,21,23,691,254,0.3675832127351664,,,,0.5745115452930728,0.6039964476021313
clef_ta,CD012069,3479,320,stored AN-0001-02,0.4320350675481461,0.42427421672894516,0.007760850819200915,0.00025035002642583595,93,77,314,6686,3392,0.5073287466347592,,,,0.4320350675481461,0.42427421672894516
clef_ta,CD010038,8867,23,stored AN-0001-02,0.8680106011052215,0.8675031013871658,0.0005074997180557483,1.6370958646959623e-05,72,14,15,490,175,0.35714285714285715,,,,0.8680106011052215,0.8675031013871658
clef_ta,CD006468,3874,52,stored AN-0001-02,0.5054981930820857,0.5389003613835828,-0.033402168301497115,-0.001077489300048294,70,20,38,3374,1699,0.503556609365738,,,,0.5054981930820857,0.5389003613835828
clef_ta,CD000996,281,9,stored AN-0001-02,0.5798932384341637,0.5763345195729537,0.003558718861210064,0.00011479738261967949,34,1,1,32,19,0.59375,,,,0.5798932384341637,0.5763345195729537
clef_ta,CD011140,289,4,stored AN-0001-02,0.9257785467128027,0.9257785467128027,0.0,0.0,22,0,0,0,0,,,,,0.9257785467128027,0.9257785467128027
clef_ta,CD012661,3367,192,stored AN-0001-02,0.7174487674487674,0.7141817641817642,0.0032670032670032434,0.00010538720216139495,92,70,157,2200,963,0.43772727272727274,,,,0.7174487674487674,0.7141817641817642
clef_ta,CD011558,2165,2,stored AN-0001-02,0.8793302540415704,0.8802540415704388,-0.0009237875288684583,-2.9799597705434138e-05,94,2,2,8,2,0.25,,,,0.8793302540415704,0.8802540415704388
clef_ta,CD011787,4369,111,stored AN-0001-02,0.608503089951934,0.6009727626459143,0.007530327306019768,0.00024291378406515382,94,50,100,2012,925,0.45974155069582506,,,,0.608503089951934,0.6009727626459143
