collection,comparison,source,n_reviews,first_reliable,second_reliable,n11_both,b_only_first,c_only_second,n22_neither,difference,mcnemar_z,p_asymptotic,p_exact_conditional,p_mid,tango_lower,tango_upper,newcombe_lower,newcombe_upper,newcombe_psi,stored_wilcoxon_p,counts_match_stored,test_note,asymptotic_minus_stored_wilcoxon_p
heldout,Threshold minus knee on the ASReview ranking,AN-0001-04/per_review_heldout.csv,23,23,20,20,3,0,0,0.13043478260869565,1.7320508075688774,0.08326451666355039,0.25,0.125,-0.03134922799974318,0.3212748226453482,-0.03605023908172833,0.32127482270095953,0.0,,True,,
heldout,Threshold minus knee on the hybrid ranking,AN-0001-04/per_review_heldout.csv,23,23,23,23,0,0,0,0.0,,,,,-0.14311661854454047,0.14311661854454005,-0.14311661845042678,0.14311661845042678,0.0,,True,no discordant reviews; no test,
heldout,Statistical criterion on the Jev ranking minus threshold,AN-0001-08/per_review_stopping.csv,23,23,23,23,0,0,0,0.0,,,,,-0.14311661854454047,0.14311661854454005,-0.14311661845042678,0.14311661845042678,0.0,,True,no discordant reviews; no test,
heldout,"Statistical criterion minus knee, ASReview ranking",AN-0001-08/per_review_stopping.csv,23,23,20,20,3,0,0,0.13043478260869565,1.7320508075688774,0.08326451666355039,0.25,0.125,-0.03134922799974318,0.3212748226453482,-0.03605023908172833,0.32127482270095953,0.0,0.0832645166635504,True,,-1.3877787807814457e-17
heldout,"Statistical criterion, Jev ranking minus ASReview ranking",AN-0001-08/per_review_stopping.csv,23,23,23,23,0,0,0,0.0,,,,,-0.14311661854454047,0.14311661854454005,-0.14311661845042678,0.14311661845042678,0.0,,True,no discordant reviews; no test,
heldout,"Threshold then statistical criterion minus statistical criterion alone, Jev ranking",AN-0001-08/per_review_stopping.csv,23,23,23,23,0,0,0,0.0,,,,,-0.14311661854454047,0.14311661854454005,-0.14311661845042678,0.14311661845042678,0.0,,,no discordant reviews; no test,
heldout,"Statistical criterion, hybrid ranking minus ASReview ranking",AN-0001-08/per_review_stopping.csv,23,23,23,23,0,0,0,0.0,,,,,-0.14311661854454047,0.14311661854454005,-0.14311661845042678,0.14311661845042678,0.0,,,no discordant reviews; no test,
heldout,"Statistical criterion minus knee, hybrid ranking",AN-0001-08/per_review_stopping.csv,23,23,23,23,0,0,0,0.0,,,,,-0.14311661854454047,0.14311661854454005,-0.14311661845042678,0.14311661845042678,0.0,,,no discordant reviews; no test,
heldout,Threshold minus statistical criterion on the ASReview ranking,AN-0001-08/per_review_stopping.csv,23,23,23,23,0,0,0,0.0,,,,,-0.14311661854454047,0.14311661854454005,-0.14311661845042678,0.14311661845042678,0.0,,True,no discordant reviews; no test,
heldout,Threshold then statistical criterion on the Jev ranking minus threshold,AN-0001-08/per_review_stopping.csv,23,23,23,23,0,0,0,0.0,,,,,-0.14311661854454047,0.14311661854454005,-0.14311661845042678,0.14311661845042678,0.0,,True,no discordant reviews; no test,
clef,Threshold minus knee on the ASReview ranking,AN-0001-04/per_review_clef.csv,28,25,26,23,2,3,0,-0.03571428571428571,-0.4472135954999579,0.6547208460185769,1.0,0.6875000000000002,-0.2194497945264891,0.14534136471855696,-0.2130928565668716,0.14041672173588368,-0.09607689228305229,,True,,
clef,Threshold minus knee on the hybrid ranking,AN-0001-04/per_review_clef.csv,28,25,27,24,1,3,0,-0.07142857142857142,-1.0,0.31731050786291415,0.625,0.375,-0.24571365792941824,0.09250752676009422,-0.24076009855391173,0.09049681692332806,-0.06666666666666667,,True,,
clef,Statistical criterion on the Jev ranking minus threshold,AN-0001-08/per_review_stopping.csv,28,28,25,25,3,0,0,0.10714285714285714,1.7320508075688774,0.08326451666355039,0.25,0.125,-0.02642651599286662,0.2719585155678602,-0.03234992485140298,0.27195851548672156,0.0,0.0832645166635504,True,,-1.3877787807814457e-17
clef,"Statistical criterion minus knee, ASReview ranking",AN-0001-08/per_review_stopping.csv,28,28,26,26,2,0,0,0.07142857142857142,1.414213562373095,0.15729920705028522,0.5,0.25,-0.05783211229780086,0.22645362573926175,-0.059792885704189946,0.2264536256839904,0.0,0.15729920705028502,True,,1.942890293094024e-16
clef,"Statistical criterion, Jev ranking minus ASReview ranking",AN-0001-08/per_review_stopping.csv,28,28,28,28,0,0,0,0.0,,,,,-0.12064330492414337,0.12064330492414269,-0.12064330476584562,0.12064330476584562,0.0,,True,no discordant reviews; no test,
clef,"Threshold then statistical criterion minus statistical criterion alone, Jev ranking",AN-0001-08/per_review_stopping.csv,28,28,28,28,0,0,0,0.0,,,,,-0.12064330492414337,0.12064330492414269,-0.12064330476584562,0.12064330476584562,0.0,,,no discordant reviews; no test,
clef,"Statistical criterion, hybrid ranking minus ASReview ranking",AN-0001-08/per_review_stopping.csv,28,28,28,28,0,0,0,0.0,,,,,-0.12064330492414337,0.12064330492414269,-0.12064330476584562,0.12064330476584562,0.0,,,no discordant reviews; no test,
clef,"Statistical criterion minus knee, hybrid ranking",AN-0001-08/per_review_stopping.csv,28,28,27,27,1,0,0,0.03571428571428571,1.0,0.31731050786291415,1.0,0.5,-0.08923771028157482,0.17712198145086047,-0.08845533677924111,0.1771219774335332,0.0,,,,
clef,Threshold minus statistical criterion on the ASReview ranking,AN-0001-08/per_review_stopping.csv,28,25,28,25,0,3,0,-0.10714285714285714,-1.7320508075688774,0.08326451666355039,0.25,0.125,-0.27195851556786044,0.02642651599286662,-0.27195851548672156,0.03234992485140298,0.0,0.0832645166635504,True,,-1.3877787807814457e-17
clef,Threshold then statistical criterion on the Jev ranking minus threshold,AN-0001-08/per_review_stopping.csv,28,28,25,25,3,0,0,0.10714285714285714,1.7320508075688774,0.08326451666355039,0.25,0.125,-0.02642651599286662,0.2719585155678602,-0.03234992485140298,0.27195851548672156,0.0,0.0832645166635504,True,,-1.3877787807814457e-17
development,Threshold minus knee on the ASReview ranking,AN-0001-04/per_review_development.csv,73,72,70,69,3,1,0,0.0273972602739726,1.0,0.31731050786291415,0.625,0.37499999999999994,-0.038053833289458126,0.10263372840379155,-0.03891279781819737,0.10144058617975837,-0.02439750182371333,,True,,
