collection,stratum,n_reviews,knee_hybrid_reliable,knee_hybrid_wilson_lo,knee_hybrid_wilson_hi,knee_hybrid_read_macro,knee_hybrid_read_pooled,knee_hybrid_lowest_recall,threshold_reliable,threshold_wilson_lo,threshold_wilson_hi,threshold_read_macro,threshold_read_pooled,threshold_lowest_recall,knee_asr_reliable,knee_asr_wilson_lo,knee_asr_wilson_hi,knee_asr_read_macro,knee_asr_read_pooled,knee_asr_lowest_recall,stored_matches
heldout,N<150,2,2 of 2,0.34238022750665303,1.0,1.0,1.0,1.0,2 of 2,0.34238022750665303,1.0,0.7357142857142858,0.7301587301587301,1.0,2 of 2,0.34238022750665303,1.0,1.0,1.0,1.0,True
heldout,N>=150,21,21 of 21,0.8453609810751531,1.0,0.8218579336838339,0.6438193343898574,1.0,21 of 21,0.8453609810751531,1.0,0.5747407491297531,0.5087467999512374,0.9583333333333334,18 of 21,0.6536393971937906,0.9501898750027473,0.9340927694333827,0.7921187370474216,0.6571428571428571,True
heldout,N<500,9,9 of 9,0.7008549515804559,1.0,0.884625727857399,0.8821138211382114,1.0,9 of 9,0.7008549515804559,1.0,0.5793807009368847,0.5613451589061346,1.0,9 of 9,0.7008549515804559,1.0,0.9722916542503527,0.9687730968218773,1.0,True
heldout,N>=500,14,14 of 14,0.7846891972623642,1.0,0.8069560754745659,0.6247565604885295,1.0,14 of 14,0.7846891972623642,1.0,0.5947541424801016,0.5054299389338175,0.9583333333333334,11 of 14,0.524107694133997,0.9242861328730683,0.9189516621319903,0.7776365736920284,0.6571428571428571,True
clef,N<150,3,3 of 3,0.43850296824495455,1.0,1.0,1.0,1.0,3 of 3,0.43850296824495455,1.0,0.5794652545757812,0.5532544378698225,1.0,3 of 3,0.43850296824495455,1.0,1.0,1.0,1.0,True
clef,N>=150,25,24 of 25,0.8045593626380626,0.9929037664980128,0.5495401022571889,0.35733050353939927,0.9428571428571428,22 of 25,0.7004420607907268,0.9583318284955965,0.36782998041613046,0.299095414957359,0.8888888888888888,23 of 25,0.750338910496047,0.9777795987151525,0.7307270613598924,0.6162385309228319,0.55,True
clef,N<500,8,8 of 8,0.6755924351161198,1.0,0.918014425521098,0.9052004333694474,1.0,6 of 8,0.40927543031016883,0.9285207872478909,0.4594610173315521,0.4528710725893825,0.8888888888888888,8 of 8,0.6755924351161198,1.0,0.9715300505210982,0.9707475622968581,1.0,True
clef,N>=500,20,19 of 20,0.763868806553258,0.9911185511992047,0.46971935761304673,0.34684880881673597,0.9428571428571428,19 of 20,0.763868806553258,0.9911185511992047,0.36292285677390945,0.29648254471061836,0.9,18 of 20,0.6989663547715128,0.9721335187862319,0.674796806491426,0.6093130073252822,0.55,True
development,N<150,7,7 of 7,0.6456695649333126,1.0,1.0,1.0,1.0,7 of 7,0.6456695649333126,1.0,0.6007459899505625,0.6068601583113457,1.0,7 of 7,0.6456695649333126,1.0,1.0,1.0,1.0,
development,N>=150,66,66 of 66,0.9449974429864587,1.0,0.8728043222872142,0.8181765934213299,0.9948453608247424,65 of 66,0.919040797379336,0.9973203594560178,0.5810488677573991,0.5899729879882757,0.3333333333333333,63 of 66,0.8746668588675778,0.9844217256655664,0.9423265883116267,0.8981666315446655,0.8181818181818181,
development,N<500,35,35 of 35,0.9010990076755959,0.9999999999999999,0.9559271713347401,0.9390593047034764,1.0,34 of 35,0.8546691276638633,0.9949385081445558,0.5771797304161462,0.5668711656441717,0.3333333333333333,34 of 35,0.8546691276638633,0.9949385081445558,0.989975610358141,0.987361963190184,0.8333333333333334,
development,N>=500,38,38 of 38,0.908190131774416,0.9999999999999999,0.8196745861642166,0.7939875396623202,0.9948453608247424,38 of 38,0.908190131774416,0.9999999999999999,0.5882409641336094,0.5955022349862196,0.9775280898876404,36 of 38,0.8271453786822962,0.9854457918527075,0.9090633806850641,0.8797507932464044,0.8181818181818181,
