review,n,n_pos,observed_rate,mean_predicted,O_E_ratio,citl_intercept_slope1,brier,ece_10_equal_width,auc,recal_intercept,recal_slope,recal_converged,recal_iter
CD012080,6643,77,0.011591148577449948,0.17451302122534998,0.06641996394344815,-3.917833853831737,0.08074669576998345,0.16292187264790003,0.9573155294294496,-4.27876581296074,1.2896738496430677,True,11.0
CD012669,1260,71,0.05634920634920635,0.26651587301587304,0.21142908192132456,-2.7340377357818904,0.1212576984126984,0.21016666666666667,0.9231097264833746,-2.9376605805296325,1.176408802874083,True,9.0
CD009044,3169,11,0.0034711265383401703,0.04094667087409277,0.08477188655980272,-2.781910923411855,0.006097128431681919,0.037563900284001264,0.9881685761989752,-2.0363351919391532,1.7049483815725943,True,12.0
CD011686,9729,64,0.006578271148113887,0.029954774385856718,0.2196067666334969,-1.6131557895310538,0.006308860108952616,0.024061054579093428,0.9687265584583549,0.5309637460529936,1.8877627477628114,True,11.0
CD008874,2382,118,0.04953820319059614,0.13292611251049538,0.3726747307582983,-1.6050943644176363,0.04336015952980688,0.08338790931989923,0.9608443882134515,-1.5842119666469763,1.2658121838658867,True,9.0
CD012567,6735,11,0.0016332590942835933,0.04232962138084633,0.0385843067101617,-3.493957296106631,0.005536347438752785,0.04081514476614701,0.9983099886431237,-2.479439703275695,2.3363694122121443,True,13.0
CD012768,131,45,0.3435114503816794,0.5380152671755726,0.6384790011350737,-1.318938403778474,0.22114656488549617,0.19664122137404583,0.7777777777777778,-1.0289700379389388,0.7085827113915971,True,6.0
CD012233,472,43,0.09110169491525423,0.19201271186440677,0.47445658170583693,-1.1412195213619902,0.08202648305084745,0.10091101694915255,0.8543936683471567,-1.151058463892538,0.9848838376913418,True,8.0
CD012455,1593,7,0.004394224733207784,0.031016949152542377,0.14167172637117992,-2.3730561985799574,0.002326239799121155,0.02804143126177025,0.9995946676274545,-1.2332073055800588,2.6116200988954716,True,14.0
CD012551,591,68,0.11505922165820642,0.18209813874788494,0.63185281546181,-0.8372209342518304,0.07424467005076142,0.0670389170896785,0.9011781576875493,-0.8202071737021357,1.0267487702011686,True,8.0
CD010239,224,12,0.05357142857142857,0.09459821428571427,0.5663048607833885,-1.1908665737589794,0.01341473214285714,0.047455357142857146,0.9933176100628931,-0.8904097229958541,1.7196032347556458,True,10.0
CD010753,2539,29,0.011421819614021268,0.10101614808979914,0.11306924516531502,-2.770480930248089,0.024958566364710517,0.08959432847577789,0.9550487704354994,-2.6802840541173945,1.3148042350724571,True,10.0
CD012164,61,7,0.11475409836065574,0.19377049180327865,0.5922165820642978,-1.001973993393075,0.07728852459016393,0.07901639344262296,0.8835978835978835,-1.0549880638271651,0.9136322368471754,True,8.0
CD009069,1757,78,0.0443938531587934,0.11856573705179282,0.37442396313364057,-1.8119905723229361,0.060498690950483776,0.07667615253272625,0.9117033948779035,-1.8631465342888562,0.6896045156021439,True,8.0
CD009642,1922,62,0.03225806451612903,0.061040582726326745,0.5284691442209342,-1.13258846923296,0.007977939646201873,0.03332986472424559,0.9971470690253208,-0.5880463834025043,1.8469793608602507,True,11.0
CD004414,336,16,0.047619047619047616,0.10017857142857142,0.4753416518122401,-1.3106598652950114,0.027890476190476195,0.05315476190476191,0.98134765625,-1.3102987499344438,1.4551485455049438,True,10.0
CD011977,195,49,0.2512820512820513,0.2125128205128205,1.1824324324324325,0.4285028664078035,0.09794974358974358,0.07897435897435896,0.9182275649986023,0.43088917591790343,1.0022574372361668,True,7.0
CD011571,146,15,0.10273972602739725,0.11013698630136985,0.9328358208955225,-0.14761197309782495,0.03460821917808219,0.041232876712328774,0.9763358778625955,0.2969631154952395,1.4091346865548022,True,9.0
CD012342,2353,6,0.0025499362515937103,0.05531236719082022,0.046100653092585486,-3.170238515679808,0.006156183595410115,0.05318742031449214,0.9797258912086351,0.5816581134901053,2.929650974249402,True,12.0
CD001261,571,72,0.12609457092819615,0.23259194395796848,0.5421278518183872,-1.4158211728527628,0.07026322241681261,0.10649737302977233,0.9597945891783568,-1.560979777933644,1.2700879337486775,True,9.0
CD011768,9160,54,0.0058951965065502186,0.055030567685589525,0.10712585303920012,-2.8202372324457303,0.011605327510917031,0.0491353711790393,0.9940718777200218,-2.866356154649238,1.6862509365046081,True,12.0
CD007867,943,17,0.018027571580063628,0.09568398727465537,0.18840740330267094,-2.29778811255002,0.02269215270413574,0.07765641569459174,0.9727798246728497,-2.192133646378519,1.3363403125765063,True,10.0
CD010558,2815,37,0.013143872113676732,0.07461101243339255,0.17616530971765937,-2.1193326865255404,0.016290905861456484,0.061467140319715806,0.9555143696612379,-1.619313598191761,1.5498992651503916,True,10.0
CD012069,3479,320,0.09198045415349239,0.2769359011210118,0.3321362589002138,-1.6780991141610233,0.11506841046277666,0.1849554469675194,0.8544011158594491,-1.679996785697213,1.2341225689850197,True,8.0
CD010038,8867,23,0.002593887447840307,0.039896244502086384,0.06501582994120307,-3.032827865310512,0.005829209428216985,0.03730235705424609,0.9834326391756631,-2.3675334590736554,1.5168808730184384,True,12.0
CD006468,3874,52,0.013422818791946308,0.07433918430562728,0.1805618250633702,-2.0572044973957366,0.01806497160557563,0.06091636551368095,0.8932194179446926,-1.8615503540168359,1.1292942836161637,True,9.0
CD000996,281,9,0.03202846975088968,0.08391459074733096,0.3816793893129771,-1.6169211823657055,0.01787829181494662,0.058149466192170825,0.9566993464052287,-1.4256784870717791,1.2900427459948531,True,9.0
CD011140,289,4,0.01384083044982699,0.04598615916955018,0.3009781790820165,-1.606030717271837,0.009466089965397922,0.03948096885813148,0.992982456140351,,,,
CD012661,3367,192,0.05702405702405702,0.11255420255420256,0.5066364092144496,-1.0074364862473495,0.034279209979209975,0.05612414612414613,0.9604199475065617,-0.558408902346091,1.5396982906620233,True,9.0
CD011558,2165,2,0.0009237875288683603,0.16761662817551962,0.005511311967813938,-6.091086811281847,0.06641621247113164,0.16669284064665127,0.9625520110957004,,,,
CD011787,4369,111,0.025406271457999542,0.13216067750057223,0.1922377513378708,-2.2889803646095106,0.04181229114213779,0.10675440604257268,0.9402375602469544,-2.288676152184882,1.3463603601081988,True,10.0
