collection,review,N,n1,prevalence,n_distinct_p,jevonly_wss95,jevonly_wss95_seedmin,jevonly_wss95_seedmax,jevonly_wss100,jevonly_wss100_seedmin,jevonly_wss100_seedmax,jevonly_rec@10,jevonly_rec@10_seedmin,jevonly_rec@10_seedmax,jevonly_rec@20,jevonly_rec@20_seedmin,jevonly_rec@20_seedmax,jevonly_rec@30,jevonly_rec@30_seedmin,jevonly_rec@30_seedmax,jevonly_map,jevonly_map_seedmin,jevonly_map_seedmax,jevonly_tnr95,jevonly_tnr95_seedmin,jevonly_tnr95_seedmax,jevonly_stable_wss95,jevonly_stable_wss100,jevonly_stable_rec@10,jevonly_stable_rec@20,jevonly_stable_rec@30,jevonly_stable_map,jevonly_stable_tnr95,asr_wss95,asr_wss100,asr_rec@10,asr_rec@20,asr_rec@30,hybrid_wss95,hybrid_wss100,hybrid_rec@10,hybrid_rec@20,hybrid_rec@30,asr_jevstart_wss95,asr_jevstart_wss100,asr_jevstart_rec@10,asr_jevstart_rec@20,asr_jevstart_rec@30,pseudo_wss95,pseudo_wss100,pseudo_rec@10,pseudo_rec@20,pseudo_rec@30,asr_random_wss95,asr_random_wss100,asr_random_rec@10,asr_random_rec@20,asr_random_rec@30
heldout_final,Abgaz_2023,288,11,0.03819444444444445,71,0.8871527777777777,0.8840277777777777,0.8909722222222222,0.9371527777777777,0.9340277777777778,0.9409722222222222,1.0,1.0,1.0,1.0,1.0,1.0,1.0,1.0,1.0,0.5946628759800727,0.5780022866710174,0.6097975553857906,0.9743682310469314,0.9711191335740073,0.9783393501805054,0.8875,0.9375,1.0,1.0,1.0,0.5956115779645191,0.9747292418772563,0.7013888888888888,0.7513888888888889,0.4545454545454545,0.6181818181818182,1.0,0.8736111111111111,0.9236111111111112,1.0,1.0,1.0,0.7034722222222222,0.7534722222222222,0.45454545454545453,0.5454545454545454,1.0,0.8666666666666666,0.9166666666666666,1.0,1.0,1.0,0.6274305555555555,0.6774305555555555,0.10909090909090909,0.40909090909090906,0.7636363636363637
heldout_final,Attai_2022,1726,135,0.07821552723059096,94,0.6558516801853996,0.6510428736964078,0.6603128621089223,0.4374855156431054,0.4119351100811124,0.4779837775202781,0.522962962962963,0.5185185185185185,0.5259259259259259,0.7851851851851851,0.7851851851851852,0.7851851851851852,0.9555555555555555,0.9555555555555556,0.9555555555555556,0.40762308910427275,0.4046206815092092,0.41154462367466177,0.7619736015084853,0.7567567567567568,0.7668133249528598,0.6550984936268829,0.4368482039397451,0.5259259259259259,0.7851851851851852,0.9555555555555556,0.40542275877923206,0.7611565053425519,0.5555040556199304,0.13626882966396292,0.5607407407407408,0.7814814814814814,0.9192592592592593,0.6944959443800696,0.473928157589803,0.6296296296296297,0.8962962962962963,0.9851851851851852,0.5560254924681344,0.13673232908458866,0.5851851851851851,0.7925925925925926,0.9185185185185185,0.554287369640788,0.2815758980301275,0.5259259259259259,0.8592592592592593,0.9185185185185185,0.554577056778679,0.155909617612978,0.5111111111111111,0.7718518518518518,0.914074074074074
heldout_final,Boersma-van_Dam_2024,578,24,0.04152249134948097,57,0.7842560553633218,0.7821799307958477,0.7873702422145328,0.6809688581314879,0.6522491349480969,0.7076124567474049,0.875,0.875,0.875,0.9583333333333334,0.9583333333333334,0.9583333333333334,0.9666666666666668,0.9583333333333334,1.0,0.4163008377819378,0.40195685074417115,0.43221434516319324,0.8685920577617328,0.8664259927797834,0.871841155234657,0.7856401384083045,0.6972318339100346,0.875,0.9583333333333334,0.9583333333333334,0.43269218137404714,0.8700361010830325,0.6294117647058823,0.6731833910034603,0.6166666666666667,0.8666666666666666,0.9166666666666666,0.8133217993079584,0.7785467128027681,0.7916666666666666,0.9583333333333334,1.0,0.6282006920415224,0.6730103806228374,0.5833333333333334,0.8333333333333334,0.9166666666666666,0.81159169550173,0.8408304498269896,0.875,1.0,1.0,0.6415224913494809,0.6697231833910035,0.37916666666666665,0.725,0.9291666666666666
heldout_final,Bos_2018,2241,6,0.002677376171352075,80,0.9028335564480143,0.9022534582775547,0.9035921463632306,0.9528335564480145,0.9522534582775547,0.9535921463632306,1.0,1.0,1.0,1.0,1.0,1.0,1.0,1.0,1.0,0.5041198854829608,0.504003914050643,0.5042735042735043,0.9553914988814318,0.9548098434004474,0.9561521252796421,0.9022534582775547,0.9522534582775547,1.0,1.0,1.0,0.504003914050643,0.9548098434004474,0.901673360107095,0.951673360107095,1.0,1.0,1.0,0.9259036144578313,0.9759036144578314,1.0,1.0,1.0,0.8995760821062025,0.9495760821062026,1.0,1.0,1.0,0.916086568496207,0.966086568496207,1.0,1.0,1.0,0.8106871932173136,0.8606871932173137,0.5333333333333334,0.8333333333333334,0.9
heldout_final,Bosch_2021,1716,22,0.01282051282051282,92,0.8724358974358974,0.8719114219114219,0.8736596736596736,0.8931818181818182,0.8921911421911422,0.8939393939393939,0.9545454545454547,0.9545454545454546,0.9545454545454546,1.0,1.0,1.0,1.0,1.0,1.0,0.3818120962059748,0.3742870565193487,0.3909888815007415,0.9338252656434476,0.9332939787485242,0.935064935064935,0.8724941724941725,0.8921911421911422,0.9545454545454546,1.0,1.0,0.3800896873608783,0.9338842975206612,0.8694638694638694,0.736013986013986,0.95,0.9590909090909092,1.0,0.8899766899766899,0.8863636363636364,0.9545454545454546,1.0,1.0,0.8719114219114219,0.7196969696969697,0.9545454545454546,0.9545454545454546,1.0,0.8794871794871795,0.7383449883449884,0.9545454545454546,0.9545454545454546,1.0,0.8259906759906759,0.7041375291375291,0.7045454545454546,0.9590909090909092,0.9681818181818181
heldout_final,Chakraborty_2023,2233,7,0.003134796238244514,77,0.9062919838781907,0.904321540528437,0.9087998208687863,0.9562919838781907,0.9543215405284371,0.9587998208687863,1.0,1.0,1.0,1.0,1.0,1.0,1.0,1.0,1.0,0.15322791592458976,0.15009272487862949,0.15793428786415456,0.9592991913746631,0.9573225516621743,0.9618149146451033,0.9079041648007165,0.9579041648007165,1.0,1.0,1.0,0.1554194426534852,0.9609164420485176,0.7169950738916255,0.7669950738916256,0.5285714285714286,0.8571428571428571,1.0,0.9159650694133452,0.9659650694133453,1.0,1.0,1.0,0.6889162561576354,0.7389162561576355,0.5714285714285714,0.8571428571428571,1.0,0.8743170622480967,0.9243170622480967,1.0,1.0,1.0,0.6362964621585311,0.6862964621585311,0.1571428571428571,0.5428571428571428,0.8142857142857143
heldout_final,Chueca_2023,609,16,0.026272577996715927,81,0.6009031198686371,0.5969622331691297,0.6035303776683086,0.650903119868637,0.6469622331691297,0.6535303776683087,0.625,0.625,0.625,0.8125,0.8125,0.8125,0.9375,0.9375,0.9375,0.2103485774101111,0.20523434493297976,0.2149542477940981,0.6684654300168635,0.6644182124789207,0.6711635750421585,0.6018883415435139,0.6518883415435139,0.625,0.8125,0.9375,0.20631070961784123,0.6694772344013491,0.17364532019704432,0.2236453201970443,0.275,0.40625,0.525,0.6248768472906403,0.6748768472906403,0.625,0.8125,0.9375,0.1749589490968801,0.22495894909688008,0.375,0.4375,0.5,0.39170771756978656,0.44170771756978655,0.625,0.6875,0.875,0.1613300492610837,0.21133004926108373,0.15625,0.34375,0.5
heldout_final,Donners_2021,119,14,0.11764705882352941,45,0.7457983193277311,0.7399159663865545,0.7483193277310924,0.7957983193277312,0.7899159663865546,0.7983193277310925,0.7142857142857143,0.7142857142857143,0.7142857142857143,0.9285714285714286,0.9285714285714286,0.9285714285714286,1.0,1.0,1.0,0.897371572871573,0.8922366522366522,0.9018398268398269,0.9019047619047619,0.8952380952380953,0.9047619047619048,0.7483193277310924,0.7983193277310925,0.7142857142857143,0.9285714285714286,1.0,0.893903318903319,0.9047619047619048,0.6600840336134454,0.7100840336134453,0.5642857142857143,0.8642857142857142,1.0,0.7903361344537815,0.8403361344537815,0.7142857142857143,1.0,1.0,0.6642857142857143,0.7142857142857143,0.7142857142857143,0.9285714285714286,1.0,0.723109243697479,0.773109243697479,0.7142857142857143,0.9285714285714286,1.0,0.6037815126050419,0.653781512605042,0.11428571428571428,0.5714285714285714,0.8857142857142858
heldout_final,Eggmann_2023,266,9,0.03383458646616541,29,0.9161654135338345,0.9161654135338345,0.9161654135338345,0.9661654135338346,0.9661654135338346,0.9661654135338346,1.0,1.0,1.0,1.0,1.0,1.0,1.0,1.0,1.0,1.0,1.0,1.0,1.0,1.0,1.0,0.9161654135338345,0.9661654135338346,1.0,1.0,1.0,1.0,1.0,0.8654135338345865,0.9154135338345866,0.9777777777777779,1.0,1.0,0.9161654135338345,0.9661654135338346,1.0,1.0,1.0,0.9161654135338345,0.9661654135338346,1.0,1.0,1.0,0.8973684210526316,0.9473684210526316,1.0,1.0,1.0,0.7691729323308271,0.8191729323308271,0.3555555555555555,0.7888888888888889,0.9
heldout_final,Hall_2011,340,4,0.011764705882352941,24,0.9323529411764705,0.9323529411764705,0.9323529411764705,0.9823529411764704,0.9823529411764705,0.9823529411764705,1.0,1.0,1.0,1.0,1.0,1.0,1.0,1.0,1.0,0.5666666666666667,0.5666666666666667,0.5666666666666667,0.994047619047619,0.9940476190476191,0.9940476190476191,0.9323529411764705,0.9823529411764705,1.0,1.0,1.0,0.5666666666666667,0.9940476190476191,0.9294117647058823,0.9794117647058822,1.0,1.0,1.0,0.9323529411764705,0.9823529411764705,1.0,1.0,1.0,0.9176470588235294,0.9676470588235294,1.0,1.0,1.0,0.8794117647058823,0.9294117647058824,1.0,1.0,1.0,0.7452941176470588,0.7952941176470588,0.425,0.525,0.8
heldout_final,Harms_2024,840,48,0.05714285714285714,89,0.7761904761904762,0.7738095238095237,0.7797619047619047,0.7830952380952381,0.7797619047619048,0.7892857142857143,0.875,0.875,0.875,0.9770833333333332,0.9583333333333334,0.9791666666666666,1.0,1.0,1.0,0.7080693995895426,0.7005500353186012,0.7159917179224004,0.8737373737373737,0.8712121212121212,0.8775252525252525,0.7749999999999999,0.7821428571428571,0.875,0.9791666666666666,1.0,0.7110221669053526,0.8724747474747475,0.35119047619047616,0.12785714285714284,0.41875,0.65625,0.7833333333333333,0.7999999999999999,0.7678571428571428,0.8958333333333334,0.9791666666666666,1.0,0.3345238095238095,0.12857142857142856,0.375,0.7083333333333334,0.7916666666666666,0.7071428571428571,0.4476190476190476,0.875,0.9375,0.9791666666666666,0.3402380952380953,0.12630952380952382,0.33541666666666664,0.6208333333333333,0.75
heldout_final,Kerschbaumer_2024b,1146,15,0.013089005235602094,95,0.7455497382198952,0.7423211169284467,0.7519197207678883,0.7955497382198952,0.7923211169284468,0.8019197207678883,0.8666666666666668,0.8666666666666667,0.8666666666666667,0.9400000000000001,0.9333333333333333,1.0,1.0,1.0,1.0,0.1330195017452494,0.1301943859325537,0.13590137938863828,0.8061007957559683,0.8028293545534925,0.812555260831123,0.750174520069808,0.800174520069808,0.8666666666666667,1.0,1.0,0.1323004052715215,0.8107869142351901,0.7011343804537521,0.7511343804537522,0.6066666666666667,0.9400000000000001,1.0,0.7911867364746945,0.8411867364746946,0.9333333333333333,1.0,1.0,0.6882198952879581,0.7382198952879582,0.5333333333333333,0.9333333333333333,1.0,0.7580279232111693,0.8080279232111693,0.9333333333333333,1.0,1.0,0.6657068062827225,0.7157068062827225,0.4,0.8133333333333332,0.9866666666666667
heldout_final,Lewowski_2021,329,9,0.02735562310030395,55,0.8861702127659574,0.8861702127659574,0.8861702127659574,0.9361702127659577,0.9361702127659575,0.9361702127659575,1.0,1.0,1.0,1.0,1.0,1.0,1.0,1.0,1.0,0.8960520960520959,0.8937728937728937,0.8994708994708994,0.9625,0.9625,0.9625,0.8861702127659574,0.9361702127659575,1.0,1.0,1.0,0.8937728937728937,0.9625,0.8600303951367781,0.9100303951367781,0.9555555555555555,1.0,1.0,0.9104863221884498,0.9604863221884499,1.0,1.0,1.0,0.8557750759878419,0.9057750759878419,1.0,1.0,1.0,0.8800911854103343,0.9300911854103343,1.0,1.0,1.0,0.7272036474164134,0.7772036474164133,0.26666666666666666,0.6555555555555556,0.8777777777777779
heldout_final,Menon_2022,485,35,0.07216494845360824,70,0.3368041237113403,0.31494845360824747,0.3561855670103093,0.3222680412371134,0.2948453608247422,0.35257731958762883,0.7428571428571429,0.7428571428571429,0.7428571428571429,0.8571428571428571,0.8571428571428571,0.8571428571428571,0.9142857142857143,0.9142857142857143,0.9142857142857143,0.6531257784115725,0.6471756890839067,0.6576821741426474,0.41466666666666663,0.39111111111111113,0.43555555555555553,0.34793814432989695,0.2989690721649485,0.7428571428571429,0.8571428571428571,0.9142857142857143,0.6537782835791136,0.4266666666666667,0.4120618556701031,0.32824742268041235,0.5828571428571429,0.822857142857143,0.9428571428571428,0.5005154639175258,0.3711340206185567,0.7428571428571429,0.8857142857142857,0.9142857142857143,0.4118556701030928,0.3237113402061855,0.6571428571428571,0.8285714285714286,0.9428571428571428,0.5891752577319587,0.29278350515463913,0.7428571428571429,0.9142857142857143,0.9428571428571428,0.40463917525773196,0.3239175257731959,0.5257142857142857,0.8171428571428573,0.9285714285714285
heldout_final,Moran_2020,1992,39,0.01957831325301205,79,0.7866465863453815,0.7828313253012048,0.7938755020080321,0.8331325301204819,0.8298192771084337,0.8378514056224899,0.8461538461538461,0.8461538461538461,0.8461538461538461,1.0,1.0,1.0,1.0,1.0,1.0,0.5685240804284247,0.5655975741842731,0.5704095060143834,0.8528417818740399,0.8489503328213006,0.8602150537634409,0.7923694779116466,0.8353413654618473,0.8461538461538461,1.0,1.0,0.5693320655516572,0.858678955453149,0.5991465863453815,0.5997991967871485,0.6692307692307693,0.7974358974358974,0.9461538461538461,0.7978915662650602,0.8338353413654618,0.8717948717948718,1.0,1.0,0.5890562248995983,0.6029116465863453,0.717948717948718,0.8205128205128205,0.9487179487179487,0.6503012048192771,0.6516064257028112,0.8461538461538461,0.9230769230769231,0.9743589743589743,0.5849397590361446,0.5927208835341365,0.5897435897435898,0.7923076923076923,0.9358974358974359
heldout_final,Parodis_2023b,1679,33,0.019654556283502083,89,0.7396366885050625,0.7367778439547349,0.7433293627159023,0.6689696247766527,0.6611078022632519,0.6777843954734961,0.8181818181818181,0.8181818181818182,0.8181818181818182,0.9393939393939394,0.9393939393939394,0.9393939393939394,0.9696969696969695,0.9696969696969697,0.9696969696969697,0.5199183083090952,0.5098839554026154,0.529310823468576,0.8048602673147023,0.8019441069258809,0.8086269744835966,0.7403513996426444,0.6783799880881477,0.8181818181818182,0.9393939393939394,0.9696969696969697,0.4990097153220044,0.8055893074119077,0.8011614055985705,0.8368671828469327,0.906060606060606,1.0,1.0,0.7862120309708159,0.8225134008338296,0.9090909090909091,1.0,1.0,0.8040798094103633,0.8344252531268612,0.9090909090909091,1.0,1.0,0.8016974389517569,0.7593805836807623,0.8181818181818182,0.9696969696969697,1.0,0.7850804050029779,0.8119118522930316,0.7333333333333333,0.9878787878787879,1.0
heldout_final,Roberts_2021,883,3,0.0033975084937712344,60,0.937542468856172,0.9375424688561721,0.9375424688561721,0.9875424688561723,0.9875424688561721,0.9875424688561721,1.0,1.0,1.0,1.0,1.0,1.0,1.0,1.0,1.0,0.22979797979797975,0.22979797979797978,0.22979797979797978,0.9909090909090909,0.990909090909091,0.990909090909091,0.9375424688561721,0.9875424688561721,1.0,1.0,1.0,0.22979797979797978,0.990909090909091,0.9171574178935448,0.9671574178935447,1.0,1.0,1.0,0.9375424688561721,0.9875424688561721,1.0,1.0,1.0,0.9001698754246885,0.9501698754246886,1.0,1.0,1.0,0.8752548131370328,0.9252548131370328,1.0,1.0,1.0,0.6439977349943374,0.6939977349943375,0.2,0.4,0.6
heldout_final,Seghers_2022,1759,16,0.009096077316657191,77,0.877515633882888,0.8766628766344513,0.8783683911313246,0.9275156338828878,0.9266628766344513,0.9283683911313246,1.0,1.0,1.0,1.0,1.0,1.0,1.0,1.0,1.0,0.33956548088599786,0.33678881599817934,0.34363213324937514,0.936029833620195,0.9351692484222605,0.9368904188181296,0.8772313814667424,0.9272313814667424,1.0,1.0,1.0,0.34306955424892727,0.9357429718875502,0.7365264354747014,0.7865264354747016,0.78125,0.925,1.0,0.881779420125071,0.9317794201250711,1.0,1.0,1.0,0.7379476975554292,0.7879476975554293,0.75,0.9375,1.0,0.8652927799886299,0.9152927799886299,1.0,1.0,1.0,0.6962194428652644,0.7462194428652643,0.43125,0.8375,0.9625
heldout_final,Theobald_2021,70,9,0.12857142857142856,39,0.6642857142857144,0.6642857142857143,0.6642857142857143,0.7142857142857143,0.7142857142857143,0.7142857142857143,0.4444444444444445,0.4444444444444444,0.4444444444444444,0.7777777777777778,0.7777777777777778,0.7777777777777778,1.0,1.0,1.0,0.5409895400246278,0.5106725146198831,0.5596326512993178,0.8196721311475411,0.819672131147541,0.819672131147541,0.6642857142857143,0.7142857142857143,0.4444444444444444,0.7777777777777778,1.0,0.5662280701754385,0.819672131147541,0.1371428571428571,0.1871428571428571,0.26666666666666666,0.3888888888888889,0.5111111111111111,0.5928571428571427,0.6428571428571428,0.4444444444444444,0.7777777777777778,0.8888888888888888,0.12142857142857137,0.17142857142857137,0.3333333333333333,0.3333333333333333,0.4444444444444444,0.13571428571428573,0.18571428571428572,0.4444444444444444,0.4444444444444444,0.8888888888888888,0.08571428571428569,0.13571428571428568,0.08888888888888888,0.2444444444444444,0.37777777777777777
heldout_final,Toffalini_2021,328,22,0.06707317073170732,71,0.7615853658536584,0.7579268292682926,0.7670731707317073,0.7865853658536587,0.7865853658536586,0.7865853658536586,0.6227272727272728,0.5909090909090909,0.6363636363636364,0.9545454545454547,0.9545454545454546,0.9545454545454546,1.0,1.0,1.0,0.48204529510891864,0.47743116442569095,0.48699254481184673,0.8666666666666668,0.8627450980392157,0.8725490196078431,0.7609756097560976,0.7865853658536586,0.5909090909090909,0.9545454545454546,1.0,0.4829650447596887,0.8660130718954249,0.6801829268292683,0.5320121951219512,0.55,0.840909090909091,0.9090909090909092,0.7426829268292683,0.7865853658536586,0.7272727272727273,0.9090909090909091,1.0,0.6451219512195121,0.5304878048780488,0.5454545454545454,0.8181818181818182,0.8636363636363636,0.7335365853658536,0.6097560975609756,0.6363636363636364,0.8181818181818182,0.9545454545454546,0.6268292682926828,0.49817073170731707,0.35454545454545455,0.6909090909090909,0.8772727272727273
heldout_final,Tumkaya_2018,481,39,0.08108108108108109,55,0.6094594594594595,0.6048856548856548,0.6132016632016631,0.5858627858627858,0.5717255717255717,0.6008316008316008,0.5871794871794871,0.5641025641025641,0.6153846153846154,0.8717948717948719,0.8717948717948718,0.8717948717948718,0.9435897435897436,0.9230769230769231,0.9487179487179487,0.47067180787999324,0.4686916597681905,0.4729718820240548,0.7153846153846154,0.7104072398190046,0.7194570135746606,0.6173596673596673,0.5925155925155925,0.5641025641025641,0.8717948717948718,0.9487179487179487,0.46835367804599815,0.7239819004524887,0.6741164241164241,0.681081081081081,0.41794871794871796,0.7358974358974358,0.9692307692307691,0.6734927234927235,0.6403326403326404,0.6153846153846154,0.9230769230769231,0.9743589743589743,0.6776507276507275,0.6985446985446986,0.38461538461538464,0.6923076923076923,0.9743589743589743,0.6568607068607069,0.661122661122661,0.5897435897435898,0.8974358974358975,0.9743589743589743,0.6524948024948024,0.6532224532224532,0.2948717948717949,0.6564102564102564,0.941025641025641
heldout_final,van_der_Waal_2022,1158,17,0.01468048359240069,76,0.8962003454231432,0.8947322970639032,0.8964594127806562,0.9462003454231434,0.9447322970639033,0.9464594127806563,1.0,1.0,1.0,1.0,1.0,1.0,1.0,1.0,1.0,0.5945164089154609,0.5910597947992399,0.5992028056944743,0.9602979842243645,0.9588080631025416,0.9605609114811569,0.8947322970639032,0.9447322970639033,1.0,1.0,1.0,0.5974065488327035,0.9588080631025416,0.43601036269430055,0.48601036269430054,0.7176470588235293,0.9411764705882353,0.9470588235294117,0.8532815198618307,0.9032815198618307,1.0,1.0,1.0,0.4145941278065631,0.46459412780656306,0.8823529411764706,0.9411764705882353,0.9411764705882353,0.8515544041450777,0.9015544041450777,1.0,1.0,1.0,0.40457685664939547,0.45457685664939546,0.788235294117647,0.9176470588235294,0.9411764705882353
heldout_final,Walker_2018,11735,64,0.005453770771197273,95,0.8742266723476778,0.8731359181934384,0.8750106518960374,0.872296548785684,0.8687686408180656,0.8774605879846613,0.984375,0.984375,0.984375,1.0,1.0,1.0,1.0,1.0,1.0,0.49536438461761306,0.4784493440998362,0.5064917290216239,0.9290377859652128,0.9279410504669694,0.9298260646045754,0.8755219429058372,0.8716659565402641,0.984375,1.0,1.0,0.5049114301629409,0.9303401593693771,0.8406433745206646,0.6594972305070301,0.903125,0.9703125,0.984375,0.881742650191734,0.9302939923306348,1.0,1.0,1.0,0.8427993182786535,0.6611844908393694,0.90625,0.96875,0.984375,0.859757136770345,0.8974861525351513,0.96875,1.0,1.0,0.8208308478909245,0.6509416276097145,0.8734375,0.9703125,0.9765625
heldout_ta,Abgaz_2023,288,33,0.11458333333333333,71,0.6138888888888887,0.60625,0.6236111111111111,0.5506944444444445,0.5486111111111112,0.5520833333333333,0.6060606060606062,0.6060606060606061,0.6060606060606061,0.7878787878787878,0.7878787878787878,0.7878787878787878,0.9393939393939394,0.9393939393939394,0.9393939393939394,0.6573698910960162,0.6472989947519348,0.669501042905234,0.7458823529411764,0.7372549019607844,0.7568627450980392,0.6201388888888888,0.5520833333333333,0.6060606060606061,0.7878787878787878,0.9393939393939394,0.6553875207954513,0.7529411764705882,0.4756944444444445,0.19409722222222225,0.3090909090909091,0.5757575757575758,0.7909090909090909,0.6895833333333332,0.5659722222222222,0.6060606060606061,0.8484848484848485,0.9696969696969697,,,,,,,,,,,,,,,
heldout_ta,Boersma-van_Dam_2024,578,68,0.11764705882352941,57,0.5238754325259516,0.48633217993079586,0.5780276816608996,0.41193771626297576,0.2993079584775087,0.5086505190311419,0.5,0.5,0.5,0.638235294117647,0.6323529411764706,0.6470588235294118,0.7691176470588235,0.75,0.7941176470588235,0.48876264929165414,0.4829211221007399,0.49423072351571695,0.6445098039215686,0.6019607843137255,0.7058823529411765,0.5209342560553633,0.356401384083045,0.5,0.6470588235294118,0.7647058823529411,0.49496471892540006,0.6411764705882353,0.6525951557093425,0.5093425605536333,0.5514705882352942,0.7970588235294118,0.9514705882352942,0.6541522491349481,0.6349480968858132,0.4852941176470588,0.7941176470588235,0.9558823529411765,,,,,,,,,,,,,,,
heldout_ta,Chakraborty_2023,2233,41,0.018360949395432154,77,0.4017241379310345,0.3866323331840574,0.4148454993282579,0.24643976712942234,0.22749664128974478,0.2624272279444694,0.5365853658536587,0.5365853658536586,0.5365853658536586,0.6585365853658536,0.6585365853658537,0.6585365853658537,0.7414634146341463,0.7317073170731707,0.7560975609756098,0.10037160367760486,0.09905311220334583,0.10152063005258045,0.45926094890510943,0.4438868613138686,0.4726277372262774,0.38887147335423194,0.24675324675324672,0.5365853658536586,0.6585365853658537,0.7317073170731707,0.1007373582164413,0.44616788321167883,0.3668383340797134,0.27160770264218537,0.41463414634146345,0.6463414634146342,0.6853658536585366,0.5133676668159426,0.2875055978504254,0.4878048780487805,0.7073170731707317,0.8048780487804879,,,,,,,,,,,,,,,
heldout_ta,Chueca_2023,609,38,0.06239737274220033,81,0.6153530377668307,0.6084564860426929,0.6232348111658457,0.650903119868637,0.6469622331691297,0.6535303776683087,0.5526315789473684,0.5526315789473685,0.5526315789473685,0.8157894736842104,0.8157894736842105,0.8157894736842105,0.9210526315789472,0.9210526315789473,0.9210526315789473,0.3852831464762511,0.37979063280922076,0.3904478779037042,0.7078809106830122,0.7005253940455342,0.7162872154115587,0.6051724137931034,0.6518883415435139,0.5526315789473685,0.8157894736842105,0.9210526315789473,0.3843361992962572,0.6970227670753065,0.15738916256157634,0.17651888341543515,0.3236842105263158,0.5789473684210527,0.7105263157894737,0.5986042692939244,0.6272577996715928,0.6052631578947368,0.7894736842105263,0.9210526315789473,,,,,,,,,,,,,,,
heldout_ta,Harms_2024,840,92,0.10952380952380952,89,0.4786904761904761,0.47261904761904755,0.4845238095238095,0.25630952380952376,0.22976190476190472,0.27380952380952384,0.5652173913043478,0.5652173913043478,0.5652173913043478,0.7586956521739131,0.75,0.7608695652173914,0.8586956521739131,0.8586956521739131,0.8586956521739131,0.6344927680364021,0.6311128733671791,0.6387959906362692,0.5883689839572193,0.5815508021390374,0.5949197860962567,0.4773809523809524,0.27380952380952384,0.5652173913043478,0.7608695652173914,0.8586956521739131,0.6365272169945182,0.5868983957219251,0.43392857142857144,0.13178571428571426,0.32934782608695656,0.6184782608695653,0.7673913043478261,0.5166666666666666,0.4107142857142857,0.6195652173913043,0.7934782608695652,0.9021739130434783,,,,,,,,,,,,,,,
heldout_ta,Lewowski_2021,329,30,0.0911854103343465,55,0.6691489361702126,0.6642857142857143,0.6734042553191488,0.7027355623100304,0.696048632218845,0.7082066869300911,0.6333333333333332,0.6333333333333333,0.6333333333333333,0.8600000000000001,0.8333333333333334,0.8666666666666667,0.99,0.9666666666666667,1.0,0.7040280967898689,0.7017910861493317,0.7065546653301997,0.7879598662207358,0.782608695652174,0.7926421404682275,0.6734042553191488,0.6990881458966565,0.6333333333333333,0.8333333333333334,0.9666666666666667,0.7049447447423021,0.7926421404682275,0.7232522796352583,0.764741641337386,0.65,0.8633333333333333,1.0,0.6916413373860182,0.7386018237082067,0.7333333333333333,0.9,1.0,,,,,,,,,,,,,,,
heldout_ta,Moran_2020,1992,193,0.09688755020080321,79,0.5661646586345381,0.5564257028112449,0.5790160642570281,0.3985943775100401,0.357429718875502,0.43524096385542166,0.5746113989637307,0.5699481865284974,0.5803108808290155,0.7590673575129534,0.7564766839378239,0.7616580310880829,0.8797927461139896,0.8756476683937824,0.8860103626943006,0.6591492044203507,0.6584345830363352,0.6601764929912648,0.6772651473040578,0.6664813785436353,0.6914952751528627,0.5709839357429718,0.36345381526104414,0.5751295336787565,0.7616580310880829,0.8756476683937824,0.6589170221592571,0.6826014452473597,0.47620481927710845,0.2820281124497992,0.39067357512953366,0.6740932642487046,0.7917098445595855,0.6151606425702811,0.5125502008032128,0.5854922279792746,0.7564766839378239,0.927461139896373,,,,,,,,,,,,,,,
heldout_ta,Roberts_2021,883,13,0.014722536806342015,60,0.4545300113250283,0.4267836919592299,0.49813137032842586,0.5045300113250283,0.47678369195922987,0.5481313703284258,0.6923076923076923,0.6923076923076923,0.6923076923076923,0.8461538461538461,0.8461538461538461,0.8461538461538461,0.8461538461538461,0.8461538461538461,0.8461538461538461,0.4009428049607039,0.39152319401703484,0.4070358402939785,0.5120689655172413,0.4839080459770115,0.5563218390804597,0.4256511891279728,0.4756511891279728,0.6923076923076923,0.8461538461538461,0.8461538461538461,0.393612001839016,0.4827586206896552,0.46291053227633067,0.5129105322763307,0.5846153846153846,0.876923076923077,0.9384615384615385,0.44037372593431484,0.49037372593431483,0.7692307692307693,0.8461538461538461,0.9230769230769231,,,,,,,,,,,,,,,
heldout_ta,Theobald_2021,70,37,0.5285714285714286,39,0.1642857142857143,0.1642857142857143,0.1642857142857143,0.10857142857142858,0.08571428571428574,0.1428571428571429,0.1621621621621622,0.16216216216216217,0.16216216216216217,0.35135135135135137,0.35135135135135137,0.35135135135135137,0.48648648648648657,0.4864864864864865,0.4864864864864865,0.8544606098991265,0.8524045820050977,0.8562085244339631,0.4242424242424242,0.42424242424242425,0.42424242424242425,0.1642857142857143,0.08571428571428574,0.16216216216216217,0.35135135135135137,0.4864864864864865,0.8540194220710248,0.42424242424242425,0.06857142857142859,0.07142857142857142,0.15405405405405406,0.34324324324324323,0.5162162162162163,0.22142857142857147,0.1428571428571429,0.16216216216216217,0.35135135135135137,0.4864864864864865,,,,,,,,,,,,,,,
heldout_ta,Toffalini_2021,328,89,0.27134146341463417,71,0.5048780487804877,0.4957317073170731,0.5079268292682926,0.3771341463414634,0.3475609756097561,0.39634146341463417,0.3258426966292135,0.3258426966292135,0.3258426966292135,0.651685393258427,0.651685393258427,0.651685393258427,0.842696629213483,0.8426966292134831,0.8426966292134831,0.865093578926694,0.8630351501946479,0.8674445246084398,0.7447698744769875,0.7322175732217573,0.7489539748953975,0.5048780487804878,0.39939024390243905,0.3258426966292135,0.651685393258427,0.8426966292134831,0.8660177504786628,0.7447698744769874,0.4826219512195122,0.47957317073170735,0.27303370786516856,0.5314606741573034,0.7056179775280899,0.5353658536585366,0.44207317073170727,0.3258426966292135,0.6741573033707865,0.8539325842696629,,,,,,,,,,,,,,,
heldout_ta,Tumkaya_2018,481,88,0.18295218295218296,55,0.3497920997920998,0.3366943866943867,0.36580041580041583,0.30353430353430355,0.28274428274428276,0.33264033264033266,0.41818181818181815,0.4090909090909091,0.42045454545454547,0.6590909090909091,0.6590909090909091,0.6590909090909091,0.8272727272727274,0.8181818181818182,0.8295454545454546,0.6594856188748486,0.6579751081721988,0.6607647888053201,0.4791348600508907,0.4631043256997455,0.49872773536895676,0.34708939708939707,0.2910602910602911,0.42045454545454547,0.6590909090909091,0.8295454545454546,0.6580005613526538,0.4758269720101781,0.529002079002079,0.1428274428274428,0.32272727272727275,0.6284090909090909,0.7897727272727273,0.4635135135135135,0.41787941787941785,0.42045454545454547,0.7386363636363636,0.8636363636363636,,,,,,,,,,,,,,,
heldout_ta,Walker_2018,11735,226,0.01925862803579037,95,0.6312782275244994,0.6197912228376651,0.6410950149126544,0.36937366851299536,0.30813804857264593,0.4523221133361739,0.6823008849557523,0.6814159292035398,0.6858407079646017,0.8415929203539824,0.831858407079646,0.8495575221238938,0.9384955752212389,0.9380530973451328,0.9424778761061947,0.3150870983242635,0.3108331988997591,0.3180383981526659,0.6937005821530977,0.6819880093839604,0.7037101398905204,0.631976991904559,0.4071580741371964,0.6814159292035398,0.8362831858407079,0.9424778761061947,0.31883464145914675,0.6944130680337127,0.7187601193012355,0.4957221985513421,0.7982300884955753,0.9044247787610619,0.9761061946902654,0.7498295696634001,0.4904985087345548,0.8761061946902655,0.9469026548672567,0.9823008849557522,,,,,,,,,,,,,,,
clef_final,CD012080,6643,77,0.011591148577449948,95,0.7990591600180641,0.7976591901249435,0.8000677404786993,0.8110793316272769,0.8095739876561794,0.812735209995484,0.8441558441558442,0.8441558441558441,0.8441558441558441,1.0,1.0,1.0,1.0,1.0,1.0,0.19514800888786127,0.18875293622941267,0.20367993170558668,0.8585592445933596,0.8571428571428571,0.8595796527566251,0.7997666716844798,0.8110793316272769,0.8441558441558441,1.0,1.0,0.19720571148469512,0.8592750533049041,0.7705027848863465,0.6449646244166792,0.8038961038961039,0.961038961038961,0.9870129870129871,0.7955517085654071,0.8058106277284359,0.8831168831168831,1.0,1.0,,,,,,0.765595363540569,0.7109739575493,0.8571428571428571,0.987012987012987,1.0,,,,,
clef_final,CD012669,1260,24,0.01904761904761905,94,0.803095238095238,0.8015873015873015,0.8047619047619047,0.7423809523809524,0.7396825396825397,0.7444444444444445,0.7666666666666666,0.75,0.7916666666666666,0.9583333333333334,0.9583333333333334,0.9583333333333334,1.0,1.0,1.0,0.29511025447161365,0.28351840769615083,0.30937916784096453,0.8688511326860843,0.8673139158576052,0.8705501618122977,0.8023809523809523,0.7436507936507937,0.7916666666666666,0.9583333333333334,1.0,0.2978114603458775,0.8681229773462783,0.7578571428571428,0.7172222222222222,0.7416666666666667,0.9541666666666668,1.0,0.8111111111111111,0.7658730158730158,0.7916666666666666,0.9583333333333334,1.0,,,,,,0.7515873015873016,0.7857142857142857,0.7916666666666666,0.9583333333333334,1.0,,,,,
clef_final,CD009044,3169,1,0.0003155569580309246,57,0.9360839381508361,0.9357999368886083,0.9364310508046702,0.9860839381508362,0.9857999368886083,0.9864310508046702,1.0,1.0,1.0,1.0,1.0,1.0,1.0,1.0,1.0,0.022683814893117223,0.022222222222222223,0.023255813953488372,0.986395202020202,0.9861111111111112,0.9867424242424242,0.9361154938466393,0.9861154938466393,1.0,1.0,1.0,0.022727272727272728,0.9864267676767676,0.9496844430419691,0.9996844430419692,1.0,1.0,1.0,0.9357999368886083,0.9857999368886083,1.0,1.0,1.0,,,,,,0.9493688860839381,0.9993688860839381,1.0,1.0,1.0,,,,,
clef_final,CD011686,9729,3,0.0003083564600678384,55,0.948725459965053,0.9486637886730394,0.9487665741597286,0.998725459965053,0.9986637886730394,0.9987665741597287,1.0,1.0,1.0,1.0,1.0,1.0,1.0,1.0,1.0,0.7474358974358974,0.7435897435897436,0.75,0.9990335184042772,0.9989718280896566,0.9990746452806909,0.9487665741597286,0.9987665741597287,1.0,1.0,1.0,0.75,0.9990746452806909,0.9437506424092919,0.9937506424092918,1.0,1.0,1.0,0.9489721451331071,0.9989721451331072,1.0,1.0,1.0,,,,,,0.9068300955905025,0.9568300955905026,1.0,1.0,1.0,,,,,
clef_final,CD008874,2382,110,0.04617968094038623,94,0.7787153652392946,0.7753568429890847,0.7824937027707808,0.7455079764903443,0.7329974811083124,0.756926952141058,0.7972727272727272,0.7909090909090909,0.8,0.9754545454545456,0.9727272727272728,0.9818181818181818,1.0,1.0,1.0,0.5705900875154913,0.5682523295022893,0.5745674167417241,0.866637323943662,0.8631161971830986,0.8705985915492958,0.7795549958018472,0.755247691015953,0.8,0.9818181818181818,1.0,0.5696165863037185,0.8675176056338029,0.8143157010915196,0.6149454240134341,0.8690909090909091,0.9818181818181818,0.9818181818181818,0.8106213266162888,0.7791771620486986,0.8636363636363636,0.990909090909091,1.0,,,,,,0.8093618807724601,0.6863979848866499,0.8181818181818182,0.990909090909091,0.990909090909091,,,,,
clef_final,CD012567,6735,4,0.0005939123979213066,65,0.9482182628062359,0.948218262806236,0.948218262806236,0.9982182628062362,0.998218262806236,0.998218262806236,1.0,1.0,1.0,1.0,1.0,1.0,1.0,1.0,1.0,0.4614583333333333,0.4270833333333333,0.48214285714285715,0.9988114693210518,0.9988114693210518,0.9988114693210518,0.948218262806236,0.998218262806236,1.0,1.0,1.0,0.48214285714285715,0.9988114693210518,0.8484409799554566,0.8984409799554566,0.8,1.0,1.0,0.9456941351150705,0.9956941351150705,1.0,1.0,1.0,,,,,,0.8796213808463251,0.9296213808463252,1.0,1.0,1.0,,,,,
clef_final,CD012768,131,22,0.16793893129770993,63,0.4958015267175573,0.4919847328244275,0.49961832061068706,0.49312977099236643,0.48091603053435117,0.4961832061068703,0.27272727272727265,0.2727272727272727,0.2727272727272727,0.5454545454545453,0.5454545454545454,0.5454545454545454,0.7272727272727273,0.7272727272727273,0.7272727272727273,0.44113635317090133,0.41967051991678966,0.45637605235268414,0.6467889908256881,0.6422018348623854,0.6513761467889908,0.49961832061068706,0.4961832061068703,0.2727272727272727,0.5454545454545454,0.7272727272727273,0.44088019110458654,0.6513761467889908,0.4606870229007634,0.4885496183206107,0.21363636363636362,0.4636363636363637,0.6090909090909091,0.5225190839694656,0.5648854961832062,0.3181818181818182,0.6363636363636364,0.6818181818181818,,,,,,0.4767175572519084,0.5190839694656488,0.2727272727272727,0.5,0.6363636363636364,,,,,
clef_final,CD012233,472,9,0.019067796610169493,77,0.11822033898305084,0.08771186440677962,0.14491525423728818,0.16822033898305083,0.13771186440677963,0.19491525423728817,0.7777777777777778,0.7777777777777778,0.7777777777777778,0.7777777777777778,0.7777777777777778,0.7777777777777778,0.7777777777777778,0.7777777777777778,0.7777777777777778,0.41407803171025187,0.41118899481072035,0.4174440673291248,0.1714902807775378,0.14038876889848811,0.19870410367170627,0.14067796610169497,0.19067796610169496,0.7777777777777778,0.7777777777777778,0.7777777777777778,0.4110929428555955,0.19438444924406048,0.3936440677966102,0.4436440677966102,0.788888888888889,0.888888888888889,0.888888888888889,0.14279661016949158,0.19279661016949157,0.7777777777777778,0.8888888888888888,0.8888888888888888,,,,,,0.401271186440678,0.451271186440678,0.7777777777777778,0.8888888888888888,0.8888888888888888,,,,,
clef_final,CD012455,1593,5,0.003138731952291274,30,0.9462335216572504,0.9462335216572504,0.9462335216572504,0.9962335216572505,0.9962335216572504,0.9962335216572504,1.0,1.0,1.0,1.0,1.0,1.0,1.0,1.0,1.0,0.8433333333333334,0.8099999999999999,0.8766666666666666,0.9993702770780857,0.9993702770780857,0.9993702770780857,0.9462335216572504,0.9962335216572504,1.0,1.0,1.0,0.8099999999999999,0.9993702770780857,0.9286566227244194,0.9786566227244193,1.0,1.0,1.0,0.9456057752667921,0.9956057752667922,1.0,1.0,1.0,,,,,,0.9148462021343376,0.9648462021343377,1.0,1.0,1.0,,,,,
clef_final,CD012551,591,29,0.049069373942470386,83,0.8467851099830794,0.8467851099830794,0.8467851099830794,0.8808798646362099,0.8798646362098139,0.883248730964467,0.9310344827586207,0.9310344827586207,0.9310344827586207,1.0,1.0,1.0,1.0,1.0,1.0,0.7873711525051714,0.7772033798246426,0.7931558765999444,0.9412811387900357,0.9412811387900356,0.9412811387900356,0.8467851099830794,0.883248730964467,0.9310344827586207,1.0,1.0,0.7797076008531574,0.9412811387900356,0.7051607445008459,0.7181049069373943,0.5655172413793104,0.7862068965517242,1.0,0.8518612521150591,0.871404399323181,0.9655172413793104,1.0,1.0,,,,,,0.8383248730964467,0.7986463620981388,0.9310344827586207,0.9655172413793104,1.0,,,,,
clef_final,CD010239,224,10,0.044642857142857144,30,0.8919642857142855,0.8919642857142857,0.8919642857142857,0.9419642857142858,0.9419642857142857,0.9419642857142857,1.0,1.0,1.0,1.0,1.0,1.0,1.0,1.0,1.0,0.976923076923077,0.976923076923077,0.976923076923077,0.9859813084112151,0.985981308411215,0.985981308411215,0.8919642857142857,0.9419642857142857,1.0,1.0,1.0,0.976923076923077,0.985981308411215,0.8973214285714285,0.9473214285714284,1.0,1.0,1.0,0.900892857142857,0.9508928571428571,1.0,1.0,1.0,,,,,,0.8919642857142857,0.9419642857142857,1.0,1.0,1.0,,,,,
clef_final,CD010753,2539,20,0.007877116975187082,86,0.8559078377313902,0.8515360378101614,0.8594131547853485,0.8914927136667978,0.8885387948011028,0.8948404883812524,0.9499999999999998,0.95,0.95,1.0,1.0,1.0,1.0,1.0,1.0,0.40031709339658333,0.3926807362803173,0.4122326910331598,0.9127034537514886,0.9082969432314411,0.9162366018261214,0.8531114612051989,0.8901142181961402,0.95,1.0,1.0,0.39897252873956096,0.9098848749503772,0.7455494289090192,0.768885387948011,0.9,0.9,1.0,0.8980110279637652,0.9275305238282788,1.0,1.0,1.0,,,,,,0.8645332808192201,0.8964159117762899,0.95,1.0,1.0,,,,,
clef_final,CD012164,61,3,0.04918032786885246,33,0.9008196721311474,0.9008196721311474,0.9008196721311474,0.9508196721311476,0.9508196721311475,0.9508196721311475,1.0,1.0,1.0,1.0,1.0,1.0,1.0,1.0,1.0,1.0,1.0,1.0,1.0,1.0,1.0,0.9008196721311474,0.9508196721311475,1.0,1.0,1.0,1.0,1.0,0.6827868852459016,0.7327868852459016,0.4333333333333333,0.5333333333333333,0.8,0.9008196721311474,0.9508196721311475,1.0,1.0,1.0,,,,,,0.851639344262295,0.9016393442622951,1.0,1.0,1.0,,,,,
clef_final,CD009069,1757,5,0.0028457598178713715,93,0.9071997723392146,0.9056061468412065,0.9084519066590779,0.9571997723392146,0.9556061468412066,0.958451906659078,1.0,1.0,1.0,1.0,1.0,1.0,1.0,1.0,1.0,0.08973227390023308,0.08587905523389394,0.0985928785928786,0.9599315068493152,0.9583333333333334,0.9611872146118722,0.9073136027319294,0.9573136027319294,1.0,1.0,1.0,0.091991991991992,0.9600456621004566,0.7902390438247011,0.8402390438247013,0.8,1.0,1.0,0.8891007398975526,0.9391007398975526,1.0,1.0,1.0,,,,,,0.9124359704040979,0.9624359704040979,1.0,1.0,1.0,,,,,
clef_final,CD009642,1922,50,0.026014568158168574,66,0.9174817898022891,0.9172216441207075,0.917741935483871,0.9251821019771074,0.9224765868886576,0.927159209157128,1.0,1.0,1.0,1.0,1.0,1.0,1.0,1.0,1.0,0.8834352156472487,0.8695916445750121,0.8876386734202357,0.9922542735042734,0.9919871794871795,0.9925213675213675,0.917741935483871,0.9255983350676379,1.0,1.0,1.0,0.882359619774781,0.9925213675213675,0.8942247658688866,0.6401144640998959,0.9800000000000001,0.9800000000000001,0.9800000000000001,0.9156607700312175,0.9068678459937565,1.0,1.0,1.0,,,,,,0.8917273673257023,0.9084287200832466,1.0,1.0,1.0,,,,,
clef_final,CD004414,336,7,0.020833333333333332,45,0.8934523809523809,0.8934523809523809,0.8934523809523809,0.943452380952381,0.9434523809523809,0.9434523809523809,1.0,1.0,1.0,1.0,1.0,1.0,1.0,1.0,1.0,0.4822674332891051,0.45179124281291466,0.5375055285272003,0.9635258358662615,0.9635258358662614,0.9635258358662614,0.8934523809523809,0.9434523809523809,1.0,1.0,1.0,0.4898864809081527,0.9635258358662614,0.8321428571428571,0.8821428571428571,0.8571428571428571,1.0,1.0,0.9083333333333333,0.9583333333333334,1.0,1.0,1.0,,,,,,0.8666666666666666,0.9166666666666666,1.0,1.0,1.0,,,,,
clef_final,CD011977,195,37,0.18974358974358974,59,0.34589743589743593,0.31410256410256415,0.36538461538461536,0.3748717948717949,0.3589743589743589,0.3948717948717949,0.43243243243243246,0.43243243243243246,0.43243243243243246,0.7027027027027027,0.7027027027027027,0.7027027027027027,0.7837837837837839,0.7837837837837838,0.7837837837837838,0.7410408909116919,0.7374682545666051,0.7442002931189542,0.48227848101265824,0.4430379746835443,0.5063291139240507,0.36025641025641025,0.36410256410256414,0.43243243243243246,0.7027027027027027,0.7837837837837838,0.7390635539861683,0.5,0.5115384615384615,0.5307692307692308,0.23783783783783785,0.5567567567567567,0.7378378378378379,0.48333333333333334,0.4666666666666667,0.40540540540540543,0.6756756756756757,0.7837837837837838,,,,,,0.49358974358974367,0.5384615384615384,0.40540540540540543,0.6486486486486487,0.8378378378378378,,,,,
clef_final,CD011571,146,6,0.0410958904109589,30,0.895205479452055,0.8952054794520548,0.8952054794520548,0.9452054794520548,0.9452054794520548,0.9452054794520548,1.0,1.0,1.0,1.0,1.0,1.0,1.0,1.0,1.0,0.9305555555555557,0.9305555555555557,0.9305555555555557,0.9857142857142858,0.9857142857142858,0.9857142857142858,0.8952054794520548,0.9452054794520548,1.0,1.0,1.0,0.9305555555555557,0.9857142857142858,0.8417808219178081,0.8917808219178083,0.9,1.0,1.0,0.8952054794520548,0.9452054794520548,1.0,1.0,1.0,,,,,,0.8678082191780822,0.9178082191780822,1.0,1.0,1.0,,,,,
clef_final,CD001261,571,22,0.03852889667250438,90,0.8484238178633975,0.8484238178633975,0.8484238178633975,0.8635726795096323,0.861646234676007,0.8651488616462346,0.909090909090909,0.9090909090909091,0.9090909090909091,1.0,1.0,1.0,1.0,1.0,1.0,0.7754569789377406,0.7656321566143532,0.7861675414754042,0.9326047358834245,0.9326047358834244,0.9326047358834244,0.8484238178633975,0.8651488616462346,0.9090909090909091,1.0,1.0,0.7732137486895315,0.9326047358834244,0.8522767075306479,0.8957968476357268,0.9363636363636363,1.0,1.0,0.8869527145359019,0.9352014010507881,1.0,1.0,1.0,,,,,,0.8449211908931699,0.8809106830122592,0.9090909090909091,1.0,1.0,,,,,
clef_final,CD011768,9160,25,0.0027292576419213972,93,0.9390393013100438,0.9389737991266375,0.9390829694323144,0.9837991266375548,0.9836244541484717,0.9839519650655022,1.0,1.0,1.0,1.0,1.0,1.0,1.0,1.0,1.0,0.42777677310928397,0.4125299118989142,0.4418004680662426,0.9916365626710455,0.9915708812260536,0.99168035030104,0.9389737991266375,0.9838427947598253,1.0,1.0,1.0,0.4247433043618825,0.9915708812260536,0.9125436681222707,0.9371943231441048,1.0,1.0,1.0,0.9365720524017467,0.9813318777292577,1.0,1.0,1.0,,,,,,0.8643013100436681,0.903056768558952,1.0,1.0,1.0,,,,,
clef_final,CD007867,943,9,0.009544008483563097,63,0.8908271474019088,0.8874337221633085,0.8927359490986214,0.9408271474019088,0.9374337221633086,0.9427359490986215,1.0,1.0,1.0,1.0,1.0,1.0,1.0,1.0,1.0,0.7036595608715999,0.702671926500441,0.7042412924765866,0.9498929336188437,0.9464668094218416,0.9518201284796574,0.8874337221633085,0.9374337221633086,1.0,1.0,1.0,0.702671926500441,0.9464668094218416,0.7729056203605513,0.8229056203605515,0.9222222222222222,0.9333333333333332,1.0,0.9097030752916224,0.9597030752916225,1.0,1.0,1.0,,,,,,0.8948568398727466,0.9448568398727466,1.0,1.0,1.0,,,,,
clef_final,CD010558,2815,10,0.003552397868561279,81,0.6039964476021313,0.5819715808170515,0.624955595026643,0.6539964476021314,0.6319715808170515,0.674955595026643,0.9,0.9,0.9,0.9,0.9,0.9,0.9,0.9,0.9,0.5577196318407631,0.5463569654389325,0.5707731004627556,0.6563279857397504,0.6342245989304813,0.6773618538324421,0.5745115452930728,0.6245115452930728,0.9,0.9,0.9,0.5448255276732098,0.6267379679144385,0.8760390763765541,0.9260390763765542,1.0,1.0,1.0,0.9187388987566607,0.9687388987566607,1.0,1.0,1.0,,,,,,0.8480461811722912,0.8980461811722913,0.9,1.0,1.0,,,,,
clef_final,CD012069,3479,245,0.07042253521126761,93,0.5344782983615982,0.5248778384593273,0.5395372233400402,0.28255245760275943,0.27277953434895086,0.29203794193733834,0.5889795918367348,0.5877551020408164,0.5918367346938775,0.7799999999999999,0.7755102040816326,0.7836734693877551,0.8755102040816327,0.8734693877551021,0.8775510204081632,0.46707545086198266,0.4644842668415179,0.4687233315583592,0.6250463821892394,0.6147186147186147,0.6304885590599877,0.5289019833285427,0.28600172463351536,0.5877551020408164,0.7795918367346939,0.8734693877551021,0.4697247722664213,0.6190476190476191,0.47842770911181376,0.12992239149180795,0.4930612244897959,0.6938775510204083,0.8530612244897959,0.5556338028169014,0.36590974417936184,0.6122448979591837,0.8530612244897959,0.9224489795918367,,,,,,0.4880856567979304,0.19488358723771204,0.6163265306122448,0.7755102040816326,0.8734693877551021,,,,,
clef_final,CD010038,8867,9,0.0010149994361114245,72,0.9450941693921282,0.9449250028194428,0.9452633359648133,0.9950941693921281,0.9949250028194428,0.9952633359648133,1.0,1.0,1.0,1.0,1.0,1.0,1.0,1.0,1.0,0.5933230910905622,0.590701128936423,0.5969627105052125,0.9961052156242942,0.9959358771731768,0.9962745540754121,0.9452633359648133,0.9952633359648133,1.0,1.0,1.0,0.5946569432370649,0.9962745540754121,0.8470790571783015,0.8970790571783016,0.9,1.0,1.0,0.9450377805345663,0.9950377805345664,1.0,1.0,1.0,,,,,,0.8727472651404082,0.9227472651404083,1.0,1.0,1.0,,,,,
clef_final,CD006468,3874,12,0.003097573567372225,70,0.9402942694889005,0.9401910170366545,0.9404491481672689,0.9902942694889003,0.9901910170366546,0.9904491481672689,1.0,1.0,1.0,1.0,1.0,1.0,1.0,1.0,1.0,0.8741507895455264,0.8672753854332802,0.8831381381381381,0.9933713102019679,0.9932677369238736,0.9935266701191092,0.9401910170366545,0.9901910170366546,1.0,1.0,1.0,0.8672753854332802,0.9932677369238736,0.9304336602994321,0.9804336602994322,1.0,1.0,1.0,0.9443211151264842,0.9943211151264842,1.0,1.0,1.0,,,,,,0.8970831182240577,0.9470831182240578,1.0,1.0,1.0,,,,,
clef_final,CD000996,281,6,0.021352313167259787,34,0.9215302491103202,0.9215302491103202,0.9215302491103202,0.9715302491103202,0.9715302491103203,0.9715302491103203,1.0,1.0,1.0,1.0,1.0,1.0,1.0,1.0,1.0,0.9583333333333334,0.9583333333333334,0.9583333333333334,0.9927272727272726,0.9927272727272727,0.9927272727272727,0.9215302491103202,0.9715302491103203,1.0,1.0,1.0,0.9583333333333334,0.9927272727272727,0.9133451957295373,0.9633451957295375,1.0,1.0,1.0,0.9250889679715302,0.9750889679715302,1.0,1.0,1.0,,,,,,0.9108540925266904,0.9608540925266904,1.0,1.0,1.0,,,,,
clef_final,CD012661,3367,94,0.02791802791802792,92,0.7898871398871399,0.7857588357588356,0.7937778437778438,0.7161568161568161,0.6997326997326998,0.7312147312147312,0.9042553191489361,0.9042553191489362,0.9042553191489362,0.9680851063829788,0.9680851063829787,0.9680851063829787,0.9989361702127659,0.9893617021276596,1.0,0.5239478289402109,0.5179607111347196,0.5301169553680449,0.8627864344637945,0.8585395661472655,0.8667888787045523,0.7851648351648352,0.7125037125037126,0.9042553191489362,0.9680851063829787,1.0,0.5214187803993915,0.8579285059578369,0.7985892485892485,0.3859221859221859,0.8351063829787234,0.9893617021276595,0.9893617021276595,0.824071874071874,0.6519156519156519,0.925531914893617,0.9893617021276596,0.9893617021276596,,,,,,0.8288238788238788,0.4867834867834868,0.925531914893617,0.9893617021276596,0.9893617021276596,,,,,
clef_final,CD011787,4369,28,0.006408789196612497,94,0.9109750514991989,0.9108606088349737,0.9110894941634241,0.9493018997482261,0.9482719157701991,0.9498741130693522,1.0,1.0,1.0,1.0,1.0,1.0,1.0,1.0,1.0,0.588181139855551,0.5612886196971987,0.6128940099611191,0.9669431006680489,0.9668279198341396,0.967058281501958,0.9108606088349737,0.9489585717555504,1.0,1.0,1.0,0.6028160769190257,0.9668279198341396,0.8676241702906843,0.641588464179446,0.9642857142857142,0.9642857142857142,0.9642857142857142,0.902849622339208,0.9384298466468299,1.0,1.0,1.0,,,,,,0.900789654383154,0.9063859006637675,1.0,1.0,1.0,,,,,
clef_ta_jevonly_only,CD012080,6643,77,0.011591148577449948,95,0.7990591600180641,0.7976591901249435,0.8000677404786993,0.8110793316272769,0.8095739876561794,0.812735209995484,0.8441558441558442,0.8441558441558441,0.8441558441558441,1.0,1.0,1.0,1.0,1.0,1.0,0.19514800888786127,0.18875293622941267,0.20367993170558668,0.8585592445933596,0.8571428571428571,0.8595796527566251,0.7997666716844798,0.8110793316272769,0.8441558441558441,1.0,1.0,0.19720571148469512,0.8592750533049041,,,,,,,,,,,,,,,,,,,,,,,,,
clef_ta_jevonly_only,CD012669,1260,71,0.05634920634920635,94,0.6768253968253969,0.6753968253968253,0.6777777777777778,0.38230158730158725,0.36904761904761907,0.39761904761904765,0.6126760563380281,0.5915492957746479,0.6197183098591549,0.9014084507042254,0.9014084507042254,0.9014084507042254,0.9577464788732394,0.9577464788732394,0.9577464788732394,0.40956096480572485,0.4037813694610996,0.4176640092911165,0.767703952901598,0.7661900756938604,0.768713204373423,0.6777777777777778,0.4007936507936508,0.6338028169014085,0.9014084507042254,0.9577464788732394,0.4074227146039344,0.768713204373423,,,,,,,,,,,,,,,,,,,,,,,,,
clef_ta_jevonly_only,CD009044,3169,11,0.0034711265383401703,57,0.8730356579362575,0.8666929630798359,0.8805774692331966,0.9230356579362574,0.9166929630798359,0.9305774692331966,1.0,1.0,1.0,1.0,1.0,1.0,1.0,1.0,1.0,0.47923118551233035,0.47694034794418416,0.48255793502566074,0.9262507916402788,0.9198860037998733,0.9338188727042432,0.8805774692331966,0.9305774692331966,1.0,1.0,1.0,0.4835859780523812,0.9338188727042432,,,,,,,,,,,,,,,,,,,,,,,,,
clef_ta_jevonly_only,CD011686,9729,64,0.006578271148113887,55,0.8609980470757529,0.8547178538390379,0.869827320382362,0.4612395929694727,0.3219241443108233,0.6592661116250386,0.953125,0.953125,0.953125,0.984375,0.984375,0.984375,0.984375,0.984375,0.984375,0.24906421521347627,0.2473803360240833,0.2502121043749169,0.9167201241593377,0.9103983445421624,0.9256078634247284,0.8582125603864734,0.35902970500565323,0.953125,0.984375,0.984375,0.2477879953921668,0.9139161924469736,,,,,,,,,,,,,,,,,,,,,,,,,
clef_ta_jevonly_only,CD008874,2382,118,0.04953820319059614,94,0.7602854743912679,0.756465155331654,0.7640218303946263,0.6426532325776657,0.6133501259445844,0.6595298068849706,0.785593220338983,0.7796610169491526,0.788135593220339,0.9686440677966102,0.9661016949152542,0.9745762711864406,0.9915254237288135,0.9915254237288136,0.9915254237288136,0.5845837126974102,0.5804749735733166,0.5886568411024383,0.8503091872791521,0.8462897526501767,0.8542402826855123,0.7589840470193114,0.6578505457598657,0.788135593220339,0.9745762711864406,0.9915254237288136,0.5857114208899028,0.848939929328622,,,,,,,,,,,,,,,,,,,,,,,,,
clef_ta_jevonly_only,CD012567,6735,11,0.0016332590942835933,65,0.9434669636228655,0.9433184855233853,0.9436154417223459,0.9934669636228657,0.9933184855233853,0.993615441722346,1.0,1.0,1.0,1.0,1.0,1.0,1.0,1.0,1.0,0.4629597282043152,0.4561592940903285,0.46681225750993194,0.9950922070196313,0.9949434860202261,0.9952409280190363,0.9433184855233853,0.9933184855233853,1.0,1.0,1.0,0.46169079962183407,0.9949434860202261,,,,,,,,,,,,,,,,,,,,,,,,,
clef_ta_jevonly_only,CD012768,131,45,0.3435114503816794,63,0.3347328244274809,0.3316793893129771,0.33931297709923663,0.26259541984732826,0.2595419847328244,0.26717557251908397,0.15555555555555553,0.15555555555555556,0.15555555555555556,0.33333333333333337,0.3333333333333333,0.3333333333333333,0.5111111111111111,0.5111111111111111,0.5111111111111111,0.5537663814466176,0.5390206644793519,0.563410261884362,0.5627906976744186,0.5581395348837209,0.5697674418604651,0.3316793893129771,0.2595419847328244,0.15555555555555556,0.3333333333333333,0.5111111111111111,0.5530543176054825,0.5581395348837209,,,,,,,,,,,,,,,,,,,,,,,,,
clef_ta_jevonly_only,CD012233,472,43,0.09110169491525423,77,0.46737288135593225,0.45,0.4902542372881356,0.16822033898305083,0.13771186440677963,0.19491525423728817,0.4534883720930233,0.4418604651162791,0.46511627906976744,0.6232558139534884,0.6046511627906976,0.627906976744186,0.8023255813953488,0.7906976744186046,0.813953488372093,0.42464220808098246,0.42296115900180076,0.4264676040516413,0.5645687645687645,0.5454545454545454,0.5897435897435898,0.47118644067796606,0.19067796610169496,0.4418604651162791,0.6046511627906976,0.7906976744186046,0.4235052481814619,0.5687645687645687,,,,,,,,,,,,,,,,,,,,,,,,,
clef_ta_jevonly_only,CD012455,1593,7,0.004394224733207784,30,0.9429064657878218,0.9424670433145009,0.9430947897049592,0.9929064657878216,0.992467043314501,0.9930947897049592,1.0,1.0,1.0,1.0,1.0,1.0,1.0,1.0,1.0,0.9457792207792208,0.9404761904761906,0.9480519480519481,0.9972887767969736,0.9968474148802018,0.9974779319041615,0.9424670433145009,0.992467043314501,1.0,1.0,1.0,0.9404761904761906,0.9968474148802018,,,,,,,,,,,,,,,,,,,,,,,,,
clef_ta_jevonly_only,CD012551,591,68,0.11505922165820642,83,0.5318950930626057,0.5185279187817258,0.5422165820642977,0.37241962774957693,0.35194585448392557,0.3908629441624365,0.5294117647058824,0.5294117647058824,0.5294117647058824,0.7279411764705883,0.7205882352941176,0.7352941176470589,0.8117647058823529,0.8088235294117647,0.8235294117647058,0.6206120249704574,0.6155242681172944,0.6237397854980196,0.6518164435946463,0.6367112810707457,0.6634799235181644,0.5236040609137056,0.3756345177664975,0.5294117647058824,0.7352941176470589,0.8088235294117647,0.6177409049795535,0.6424474187380497,,,,,,,,,,,,,,,,,,,,,,,,,
clef_ta_jevonly_only,CD010239,224,12,0.05357142857142857,30,0.8361607142857144,0.8205357142857143,0.8473214285714286,0.8861607142857144,0.8705357142857143,0.8973214285714286,0.9166666666666666,0.9166666666666666,0.9166666666666666,1.0,1.0,1.0,1.0,1.0,1.0,0.9357150976071515,0.9307531548910859,0.9397486571399615,0.9363207547169811,0.9198113207547169,0.9481132075471698,0.8473214285714286,0.8973214285714286,0.9166666666666666,1.0,1.0,0.9397486571399615,0.9481132075471698,,,,,,,,,,,,,,,,,,,,,,,,,
clef_ta_jevonly_only,CD010753,2539,29,0.011421819614021268,86,0.8332217408428514,0.8302678219771563,0.8369633714060654,0.4227254824734147,0.3891295785742418,0.4564789287120914,0.8965517241379309,0.896551724137931,0.896551724137931,0.9655172413793103,0.9655172413793104,0.9655172413793104,0.9655172413793103,0.9655172413793104,0.9655172413793104,0.44007438562788115,0.43153294584307816,0.4511537928753306,0.8930278884462151,0.8900398406374502,0.8968127490039841,0.8342063804647498,0.43757384797164234,0.896551724137931,0.9655172413793104,0.9655172413793104,0.43899596694387183,0.8940239043824701,,,,,,,,,,,,,,,,,,,,,,,,,
clef_ta_jevonly_only,CD012164,61,7,0.11475409836065574,33,0.5008196721311474,0.490983606557377,0.5073770491803278,0.5508196721311476,0.540983606557377,0.5573770491803278,0.5714285714285714,0.5714285714285714,0.5714285714285714,0.7142857142857143,0.7142857142857143,0.7142857142857143,0.7142857142857143,0.7142857142857143,0.7142857142857143,0.694015873015873,0.6922222222222222,0.6949735449735449,0.6222222222222223,0.6111111111111112,0.6296296296296297,0.490983606557377,0.540983606557377,0.5714285714285714,0.7142857142857143,0.7142857142857143,0.6936507936507936,0.6111111111111112,,,,,,,,,,,,,,,,,,,,,,,,,
clef_ta_jevonly_only,CD009069,1757,78,0.0443938531587934,93,0.6930278884462152,0.6790836653386454,0.699003984063745,0.21678998292544108,0.07683551508252706,0.3357996585088219,0.5641025641025641,0.5641025641025641,0.5641025641025641,0.9358974358974359,0.9358974358974359,0.9358974358974359,0.9743589743589742,0.9743589743589743,0.9743589743589743,0.23269454463182457,0.2308728013102501,0.2339026799892728,0.7757593805836808,0.7611673615247171,0.7820131030375224,0.6950199203187251,0.25953329538986913,0.5641025641025641,0.9358974358974359,0.9743589743589743,0.23459250838616946,0.7778439547349613,,,,,,,,,,,,,,,,,,,,,,,,,
clef_ta_jevonly_only,CD009642,1922,62,0.03225806451612903,66,0.9082206035379812,0.9078563995837668,0.9083766909469302,0.9251821019771074,0.9224765868886576,0.927159209157128,1.0,1.0,1.0,1.0,1.0,1.0,1.0,1.0,1.0,0.8993752226478762,0.8884311985500022,0.9027762058610443,0.9885483870967742,0.9881720430107527,0.9887096774193549,0.9083766909469302,0.9255983350676379,1.0,1.0,1.0,0.8987801191915681,0.9887096774193549,,,,,,,,,,,,,,,,,,,,,,,,,
clef_ta_jevonly_only,CD004414,336,16,0.047619047619047616,45,0.8369047619047618,0.8369047619047618,0.8369047619047618,0.8869047619047619,0.8869047619047619,0.8869047619047619,0.9375,0.9375,0.9375,1.0,1.0,1.0,1.0,1.0,1.0,0.6884009608839089,0.6668726671290526,0.7209820993634848,0.93125,0.93125,0.93125,0.8369047619047618,0.8869047619047619,0.9375,1.0,1.0,0.6705077039672145,0.93125,,,,,,,,,,,,,,,,,,,,,,,,,
clef_ta_jevonly_only,CD011977,195,49,0.2512820512820513,59,0.45205128205128203,0.432051282051282,0.473076923076923,0.3748717948717949,0.3589743589743589,0.3948717948717949,0.3673469387755102,0.3673469387755102,0.3673469387755102,0.6122448979591837,0.6122448979591837,0.6122448979591837,0.7755102040816325,0.7755102040816326,0.7755102040816326,0.8225034109163213,0.8214320465810251,0.8236677447212802,0.6568493150684932,0.6301369863013698,0.684931506849315,0.4576923076923077,0.36410256410256414,0.3673469387755102,0.6122448979591837,0.7755102040816326,0.8216460710656781,0.6643835616438356,,,,,,,,,,,,,,,,,,,,,,,,,
clef_ta_jevonly_only,CD011571,146,15,0.10273972602739725,30,0.7047945205479452,0.6828767123287671,0.723972602739726,0.7547945205479453,0.7328767123287672,0.773972602739726,0.7333333333333333,0.7333333333333333,0.7333333333333333,0.9333333333333333,0.9333333333333333,0.9333333333333333,1.0,1.0,1.0,0.857125630347302,0.854284421460892,0.8605019816784522,0.8412213740458014,0.816793893129771,0.8625954198473282,0.723972602739726,0.773972602739726,0.7333333333333333,0.9333333333333333,1.0,0.8605019816784522,0.8625954198473282,,,,,,,,,,,,,,,,,,,,,,,,,
clef_ta_jevonly_only,CD012342,2353,6,0.0025499362515937103,33,0.8832341691457714,0.8781767955801104,0.8892265193370166,0.9332341691457712,0.9281767955801105,0.9392265193370166,1.0,1.0,1.0,1.0,1.0,1.0,1.0,1.0,1.0,0.23624622256712596,0.23471781305114645,0.237638564674074,0.9356199403493821,0.9305496378355347,0.9416276097145292,0.8866765830854229,0.9366765830854229,1.0,1.0,1.0,0.23861869293369145,0.9390711546655305,,,,,,,,,,,,,,,,,,,,,,,,,
clef_ta_jevonly_only,CD001261,571,72,0.12609457092819615,90,0.6734676007005254,0.6697898423817863,0.6767950963222417,0.47583187390542914,0.4640980735551664,0.4851138353765324,0.611111111111111,0.6111111111111112,0.6111111111111112,0.9027777777777779,0.9027777777777778,0.9027777777777778,0.9583333333333334,0.9583333333333334,0.9583333333333334,0.8167579064238171,0.8145412085596596,0.8187597950921374,0.8218436873747494,0.8176352705410822,0.8256513026052105,0.6732924693520139,0.46935201401050786,0.6111111111111112,0.9027777777777778,0.9583333333333334,0.8187113253166971,0.8216432865731463,,,,,,,,,,,,,,,,,,,,,,,,,
clef_ta_jevonly_only,CD011768,9160,54,0.0058951965065502186,93,0.9161572052401745,0.9151746724890829,0.9168122270742358,0.9242030567685589,0.9222707423580786,0.9266375545851528,1.0,1.0,1.0,1.0,1.0,1.0,1.0,1.0,1.0,0.5524520424099999,0.5464795211816409,0.5579603625442352,0.9716670327256753,0.9706786734021524,0.9723259389413573,0.9169213973799126,0.9263100436681223,1.0,1.0,1.0,0.5484288693475973,0.972435756643971,,,,,,,,,,,,,,,,,,,,,,,,,
clef_ta_jevonly_only,CD007867,943,17,0.018027571580063628,63,0.7463944856839873,0.7336691410392364,0.7548780487804878,0.7963944856839873,0.7836691410392365,0.8048780487804879,0.8823529411764707,0.8823529411764706,0.8823529411764706,0.9647058823529411,0.9411764705882353,1.0,1.0,1.0,1.0,0.5743146642864161,0.5720090168655535,0.5770475717794056,0.8110151187904966,0.7980561555075594,0.8196544276457883,0.7379109225874867,0.7879109225874867,0.8823529411764706,0.9411764705882353,1.0,0.5719805793667886,0.8023758099352052,,,,,,,,,,,,,,,,,,,,,,,,,
clef_ta_jevonly_only,CD010558,2815,37,0.013143872113676732,81,0.6039964476021313,0.5819715808170515,0.624955595026643,0.49023090586145646,0.4358792184724689,0.5310834813499112,0.8648648648648649,0.8648648648648649,0.8648648648648649,0.9459459459459459,0.9459459459459459,0.9459459459459459,0.9459459459459459,0.9459459459459459,0.9459459459459459,0.49309374598358735,0.4906364668861795,0.4956245127952299,0.6623470122390209,0.6400287976961843,0.683585313174946,0.5745115452930728,0.4898756660746003,0.8648648648648649,0.9459459459459459,0.9459459459459459,0.4891490087382319,0.6324694024478041,,,,,,,,,,,,,,,,,,,,,,,,,
clef_ta_jevonly_only,CD012069,3479,320,0.09198045415349239,93,0.42427421672894516,0.4208249496981891,0.43375970106352396,0.17941937338315608,0.16930152342627192,0.1943087093992527,0.47593749999999996,0.475,0.478125,0.6540625,0.65,0.659375,0.7728124999999999,0.76875,0.775,0.43640420353350173,0.43468357439582805,0.4377369085254624,0.5172522950300728,0.5134536245647356,0.5276986388097499,0.4320350675481461,0.1968956596723196,0.475,0.65,0.771875,0.4382173213751086,0.5257993035770814,,,,,,,,,,,,,,,,,,,,,,,,,
clef_ta_jevonly_only,CD010038,8867,23,0.002593887447840307,72,0.8675031013871658,0.8611311604826886,0.875228374873125,0.8770046238863201,0.8672606292996504,0.8885756174579903,0.9565217391304349,0.9565217391304348,0.9565217391304348,1.0,1.0,1.0,1.0,1.0,1.0,0.3386761547334839,0.33679131101195514,0.3405219344645259,0.919776119402985,0.9133876074174582,0.9275214834916328,0.8680106011052215,0.8663584075786624,0.9565217391304348,1.0,1.0,0.33907409384527526,0.9202849389416553,,,,,,,,,,,,,,,,,,,,,,,,,
clef_ta_jevonly_only,CD006468,3874,52,0.013422818791946308,70,0.5389003613835828,0.5178884873515746,0.550413009808983,0.4141455859576665,0.3701600413009809,0.4553433144037171,0.5865384615384615,0.5769230769230769,0.6153846153846154,0.8384615384615384,0.8076923076923077,0.8461538461538461,0.8884615384615385,0.8846153846153846,0.9038461538461539,0.3017901035855187,0.29954320342400637,0.30423117629639523,0.5963893249607535,0.575091575091575,0.608058608058608,0.5054981930820857,0.43133711925658236,0.5961538461538461,0.8461538461538461,0.8846153846153846,0.300437992554656,0.5625327053898482,,,,,,,,,,,,,,,,,,,,,,,,,
clef_ta_jevonly_only,CD000996,281,9,0.03202846975088968,34,0.5763345195729537,0.5371886120996441,0.6154804270462633,0.6263345195729537,0.5871886120996441,0.6654804270462633,0.888888888888889,0.8888888888888888,0.8888888888888888,0.888888888888889,0.8888888888888888,0.8888888888888888,0.888888888888889,0.8888888888888888,0.8888888888888888,0.8070325068220523,0.8060954371299199,0.8081130453470879,0.6470588235294117,0.6066176470588235,0.6875,0.5798932384341637,0.6298932384341638,0.8888888888888888,0.8888888888888888,0.8888888888888888,0.8070901320901321,0.6507352941176471,,,,,,,,,,,,,,,,,,,,,,,,,
clef_ta_jevonly_only,CD011140,289,4,0.01384083044982699,22,0.9257785467128027,0.9257785467128027,0.9257785467128027,0.9757785467128027,0.9757785467128027,0.9757785467128027,1.0,1.0,1.0,1.0,1.0,1.0,1.0,1.0,1.0,0.5595238095238095,0.5595238095238095,0.5595238095238095,0.9894736842105264,0.9894736842105263,0.9894736842105263,0.9257785467128027,0.9757785467128027,1.0,1.0,1.0,0.5595238095238095,0.9894736842105263,,,,,,,,,,,,,,,,,,,,,,,,,
clef_ta_jevonly_only,CD012661,3367,192,0.05702405702405702,92,0.7141817641817642,0.7079447579447579,0.7198247698247697,0.6002376002376002,0.5782595782595783,0.6138996138996139,0.8020833333333334,0.8020833333333334,0.8020833333333334,0.9265625000000002,0.921875,0.9270833333333334,0.9838541666666666,0.9791666666666666,0.984375,0.6618789563475433,0.6607641059117894,0.6625445672184507,0.8075590551181101,0.8009448818897638,0.8135433070866142,0.7174487674487674,0.5898425898425899,0.8020833333333334,0.9270833333333334,0.984375,0.661159910910159,0.8110236220472441,,,,,,,,,,,,,,,,,,,,,,,,,
clef_ta_jevonly_only,CD011558,2165,2,0.0009237875288683603,94,0.8802540415704388,0.8793302540415704,0.8811778290993071,0.9302540415704387,0.9293302540415704,0.9311778290993071,1.0,1.0,1.0,1.0,1.0,1.0,1.0,1.0,1.0,0.04511222588310872,0.04,0.048289183222958054,0.9311141932501155,0.9301895515487748,0.9320388349514563,0.8793302540415704,0.9293302540415704,1.0,1.0,1.0,0.04225023342670401,0.9301895515487748,,,,,,,,,,,,,,,,,,,,,,,,,
clef_ta_jevonly_only,CD011787,4369,111,0.025406271457999542,94,0.6009727626459143,0.5913366903181505,0.615598535133898,0.5395056076905471,0.5230029755092698,0.5639734493018997,0.8018018018018018,0.8018018018018018,0.8018018018018018,0.8774774774774775,0.8738738738738738,0.8828828828828829,0.9225225225225225,0.918918918918919,0.9279279279279279,0.4936648355048364,0.4913463487749899,0.49669076058985456,0.6667684358853921,0.6568811648661343,0.6817754814466885,0.608503089951934,0.5369649805447471,0.8018018018018018,0.8828828828828829,0.9279279279279279,0.49406656547606775,0.6744950681070925,,,,,,,,,,,,,,,,,,,,,,,,,
pilot_review,pilot,1572,144,0.0916030534351145,96,0.6477735368956743,0.6459287531806615,0.6497455470737913,0.3083969465648854,0.2913486005089059,0.3282442748091603,0.6270833333333334,0.6180555555555556,0.6319444444444444,0.8819444444444444,0.8819444444444444,0.8819444444444444,0.9444444444444444,0.9444444444444444,0.9444444444444444,0.6111245669212563,0.5998877800780479,0.6186183132469348,0.763235294117647,0.761204481792717,0.7654061624649859,0.6472010178117048,0.31424936386768443,0.6319444444444444,0.8819444444444444,0.9444444444444444,0.6088549916705784,0.7626050420168067,0.6155216284987277,0.49650127226463103,0.5090277777777777,0.7868055555555555,0.923611111111111,0.6860050890585241,0.41412213740458015,0.6736111111111112,0.9027777777777778,0.9722222222222222,0.6077608142493638,0.49809160305343514,0.5486111111111112,0.7916666666666666,0.9305555555555556,,,,,,0.6082061068702289,0.4942111959287532,0.4805555555555555,0.7729166666666666,0.9152777777777779
