collection,level,reviews,reviews_K_ge_2,records,included,requests,obs_req_ge2,exp_req_ge2,oe_req_ge2,p1_req,p2_req,obs_pairs,exp_pairs,oe_pairs,p1_pairs,p2_pairs,score_diff_mean,score_diff_reviews
development,label,73,73,52957,2048,5328,386,390.473,0.9885,0.6832316768323168,0.7061293870612939,719,738.107,0.9741,0.7954204579542046,0.43695630436956306,0.003130658778806392,52
development,label_deterministic_slices,73,73,52957,2048,5328,386,390.473,0.9885,0.6821317868213179,0.6955304469553044,719,738.107,0.9741,0.7955204479552045,0.43575642435756423,0.0031306587788063984,52
development,label_ta,33,33,20487,2484,2064,643,648.408,0.9917,0.7050294970502949,0.6557344265573443,2078,2036.46,1.0204,0.11578842115788421,0.23157684231576842,-0.0005635177704230433,30
development,label_ta_deterministic_slices,33,33,20487,2484,2064,643,648.408,0.9917,0.7052294770522948,0.6535346465353464,2078,2036.46,1.0204,0.11458854114588542,0.22917708229177083,-0.0005635177704230258,30
heldout,label,23,23,33001,597,3308,79,87.529,0.9026,0.9422057794220577,0.16278372162783722,129,123.721,1.0427,0.31416858314168583,0.6283371662833717,-0.00013532697660390656,17
heldout,label_deterministic_slices,23,23,33001,597,3308,79,87.529,0.9026,0.9414058594140586,0.16518348165183483,129,123.721,1.0427,0.3120687931206879,0.6241375862413758,-0.00013532697660390656,17
heldout,label_ta,12,12,20366,948,2041,210,201.156,1.044,0.11528847115288471,0.23057694230576942,480,492.033,0.9755,0.7611238876112388,0.5165483451654834,-0.01386012959761218,10
heldout,label_ta_deterministic_slices,12,12,20366,948,2041,210,201.156,1.044,0.1151884811518848,0.2303769623037696,480,492.033,0.9755,0.761023897610239,0.5133486651334866,-0.013860129597612203,10
clef,label,31,27,82418,882,8257,110,124.679,0.8823,0.9844015598440156,0.04079592040795921,173,186.886,0.9257,0.8757124287571243,0.28517148285171484,-0.06780510953288817,14
clef,label_deterministic_slices,31,27,82418,882,8257,110,124.679,0.8823,0.9845015498450155,0.04079592040795921,173,186.886,0.9257,0.8758124187581242,0.28517148285171484,-0.06780510953288817,14
clef,label_ta,31,31,82418,1682,8257,268,285.429,0.9389,0.969003099690031,0.07779222077792221,502,508.139,0.9879,0.6253374662533746,0.7815218478152185,-0.06260180912274128,24
clef,label_ta_deterministic_slices,31,31,82418,1682,8257,268,285.429,0.9389,0.9695030496950305,0.07679232076792321,502,508.139,0.9879,0.6245375462453755,0.7873212678732127,-0.06260180912274128,24
