topic,type,N,n1,jev_AUC,jev_MAP,jev_TNR@95,jev_R@1%,jev_R@5%,jev_R@10%,jev_R@20%,jev_R@50%,bge_AUC,bge_MAP,bge_TNR@95,bge_R@1%,bge_R@5%,bge_R@10%,bge_R@20%,bge_R@50%,minilm_AUC,minilm_MAP,minilm_TNR@95,minilm_R@1%,minilm_R@5%,minilm_R@10%,minilm_R@20%,minilm_R@50%,bm25_AUC,bm25_MAP,bm25_TNR@95,bm25_R@1%,bm25_R@5%,bm25_R@10%,bm25_R@20%,bm25_R@50%
CD012080,DTA,6643,77,0.9573155294294496,0.19720571148469512,0.8592750533049041,0.19480519480519481,0.6233766233766234,0.8441558441558441,1.0,1.0,0.9108116982012809,0.08700973046465027,0.7829728906487968,0.06493506493506493,0.2857142857142857,0.6363636363636364,0.922077922077922,1.0,0.8759667076755105,0.06495458689466184,0.6381358513554676,0.05194805194805195,0.2727272727272727,0.4935064935064935,0.8051948051948052,0.974025974025974,0.8502092637791694,0.07341515751642301,0.3470910752360646,0.06493506493506493,0.2857142857142857,0.5714285714285714,0.7662337662337663,0.922077922077922
CD012669,DTA,1260,24,0.946214266450917,0.2978114603458775,0.8681229773462783,0.16666666666666666,0.5833333333333334,0.7916666666666666,0.9583333333333334,1.0,0.8757416396979504,0.09947491360091676,0.6601941747572816,0.08333333333333333,0.25,0.4166666666666667,0.7916666666666666,1.0,0.8670105177993528,0.08209208607563866,0.6084142394822006,0.0,0.20833333333333334,0.5,0.75,1.0,0.8801577669902912,0.09644892398289885,0.7702265372168284,0.08333333333333333,0.16666666666666666,0.4166666666666667,0.8333333333333334,1.0
CD009044,DTA,3169,1,0.9864267676767677,0.022727272727272728,0.9864267676767676,0.0,1.0,1.0,1.0,1.0,0.9962121212121212,0.07692307692307693,0.9962121212121212,1.0,1.0,1.0,1.0,1.0,0.9880050505050505,0.02564102564102564,0.9880050505050505,0.0,1.0,1.0,1.0,1.0,0.9996843434343434,0.5,0.9996843434343434,1.0,1.0,1.0,1.0,1.0
CD011686,DTA,9729,3,0.9996744122283913,0.75,0.9990746452806909,1.0,1.0,1.0,1.0,1.0,0.999314552059771,0.2754901960784314,0.9985605593255192,1.0,1.0,1.0,1.0,1.0,0.9978408389882788,0.2225877192982456,0.9953732264034546,1.0,1.0,1.0,1.0,1.0,0.9959558571526493,0.23131313131313128,0.9889985605593256,0.6666666666666666,1.0,1.0,1.0,1.0
CD008874,DTA,2382,110,0.963734395006402,0.5696165863037185,0.8675176056338029,0.16363636363636364,0.5727272727272728,0.8,0.9818181818181818,1.0,0.9215588988476313,0.3701161488758485,0.6967429577464789,0.1,0.44545454545454544,0.6636363636363637,0.8909090909090909,0.9727272727272728,0.8710747439180538,0.2630253167045862,0.38688380281690143,0.07272727272727272,0.33636363636363636,0.5545454545454546,0.7818181818181819,0.9363636363636364,0.893303857234315,0.35377313013736256,0.585387323943662,0.13636363636363635,0.4636363636363636,0.6090909090909091,0.7818181818181819,0.9818181818181818
CD012567,DTA,6735,4,0.9994428762442431,0.48214285714285715,0.9988114693210518,1.0,1.0,1.0,1.0,1.0,0.9679096716683999,0.010992783108134244,0.9549844005348388,0.0,1.0,1.0,1.0,1.0,0.9205541524290596,0.02149397150092925,0.7753677016787995,0.5,0.5,0.75,0.75,1.0,0.9502302778190462,0.015208359535651098,0.9038775813400683,0.25,0.5,1.0,1.0,1.0
CD012768,DTA,131,22,0.8413261050875729,0.44088019110458654,0.6513761467889908,0.045454545454545456,0.09090909090909091,0.2727272727272727,0.5454545454545454,1.0,0.689324437030859,0.2671785891096567,0.29357798165137616,0.0,0.045454545454545456,0.18181818181818182,0.3181818181818182,0.7272727272727273,0.609674728940784,0.22994422861852204,0.23853211009174313,0.0,0.09090909090909091,0.13636363636363635,0.22727272727272727,0.6818181818181818,0.5779816513761468,0.20761290194604679,0.11926605504587157,0.0,0.045454545454545456,0.045454545454545456,0.2727272727272727,0.6363636363636364
CD012233,DTA,472,9,0.8584113270938325,0.4110929428555955,0.19438444924406048,0.2222222222222222,0.5555555555555556,0.7777777777777778,0.7777777777777778,0.8888888888888888,0.8636909047276218,0.21601598738983224,0.5377969762419006,0.1111111111111111,0.4444444444444444,0.6666666666666666,0.6666666666666666,1.0,0.8872090232781378,0.20840237053680036,0.5615550755939525,0.2222222222222222,0.4444444444444444,0.5555555555555556,0.8888888888888888,1.0,0.8132949364050875,0.14469627606286736,0.36069114470842334,0.1111111111111111,0.3333333333333333,0.5555555555555556,0.6666666666666666,0.8888888888888888
CD012455,Intervention,1593,5,0.99955919395466,0.8099999999999999,0.9993702770780857,1.0,1.0,1.0,1.0,1.0,0.997984886649874,0.5969230769230769,0.9949622166246851,1.0,1.0,1.0,1.0,1.0,0.9976070528967255,0.48238095238095235,0.9955919395465995,1.0,1.0,1.0,1.0,1.0,0.9925692695214106,0.22788766788766787,0.9804785894206549,0.8,1.0,1.0,1.0,1.0
CD012551,Intervention,591,29,0.98318812124187,0.7797076008531574,0.9412811387900356,0.20689655172413793,0.6896551724137931,0.9310344827586207,1.0,1.0,0.7529758252546324,0.10888919224176419,0.3683274021352313,0.0,0.10344827586206896,0.27586206896551724,0.3793103448275862,0.8620689655172413,0.6589152043195483,0.07337135287685977,0.1619217081850534,0.0,0.034482758620689655,0.10344827586206896,0.27586206896551724,0.7931034482758621,0.6185421524113388,0.06288382975339668,0.24199288256227758,0.0,0.0,0.034482758620689655,0.27586206896551724,0.6551724137931034
CD010239,Intervention,224,10,0.9985981308411215,0.976923076923077,0.985981308411215,0.2,0.9,1.0,1.0,1.0,0.983177570093458,0.7313003663003663,0.9532710280373832,0.2,0.6,1.0,1.0,1.0,0.988785046728972,0.9029651352231998,0.9018691588785047,0.2,0.9,0.9,1.0,1.0,0.9705607476635513,0.7052484134007091,0.8271028037383178,0.2,0.7,0.9,0.9,1.0
CD010753,Intervention,2539,20,0.9756748709805478,0.39897252873956096,0.9098848749503772,0.55,0.75,0.95,1.0,1.0,0.8572846367606194,0.07166946574324676,0.6165144898769352,0.15,0.25,0.6,0.7,1.0,0.8613338626439063,0.029075171885786295,0.7121873759428344,0.0,0.1,0.35,0.85,1.0,0.68652242953553,0.018493224689104734,0.2647876141325923,0.0,0.15,0.25,0.45,0.75
CD012164,Intervention,61,3,1.0,1.0,1.0,0.3333333333333333,1.0,1.0,1.0,1.0,0.9195402298850575,0.28690476190476194,0.9137931034482759,0.0,0.0,0.3333333333333333,1.0,1.0,0.9425287356321839,0.43333333333333335,0.8793103448275862,0.0,0.3333333333333333,0.6666666666666666,1.0,1.0,0.8390804597701149,0.2722222222222222,0.7068965517241379,0.0,0.3333333333333333,0.3333333333333333,0.6666666666666666,1.0
CD009069,Intervention,1757,5,0.9811643835616438,0.091991991991992,0.9600456621004566,0.2,1.0,1.0,1.0,1.0,0.8788812785388128,0.02381763901057122,0.7094748858447488,0.2,0.4,0.4,0.8,1.0,0.9457762557077626,0.045846349473346946,0.8704337899543378,0.0,0.6,0.8,1.0,1.0,0.8771689497716895,0.03977949242619981,0.6666666666666666,0.2,0.6,0.6,0.6,1.0
CD009642,Intervention,1922,50,0.9969337606837606,0.882359619774781,0.9925213675213675,0.36,0.98,1.0,1.0,1.0,0.9749679487179487,0.44519950339399195,0.9049145299145299,0.18,0.72,0.9,1.0,1.0,0.9102777777777777,0.34867881603288753,0.5972222222222222,0.2,0.6,0.76,0.82,0.96,0.9717307692307693,0.47737798485495175,0.8792735042735043,0.24,0.72,0.88,0.98,1.0
CD004414,Intervention,336,7,0.9776378636561007,0.4898864809081527,0.9635258358662614,0.2857142857142857,0.7142857142857143,1.0,1.0,1.0,0.9661311333043856,0.46853836294830087,0.8814589665653495,0.2857142857142857,0.7142857142857143,0.8571428571428571,1.0,1.0,0.9313938341293964,0.20245600148947127,0.8449848024316109,0.0,0.42857142857142855,0.5714285714285714,1.0,1.0,0.833260963960052,0.08111340518045104,0.5379939209726444,0.0,0.14285714285714285,0.2857142857142857,0.7142857142857143,1.0
CD011977,Intervention,195,37,0.8973657201505303,0.7390635539861683,0.5,0.05405405405405406,0.24324324324324326,0.43243243243243246,0.7027027027027027,0.9459459459459459,0.7817310981867944,0.40543883691229077,0.379746835443038,0.0,0.13513513513513514,0.2702702702702703,0.40540540540540543,0.8108108108108109,0.8289428669175505,0.4301566099309545,0.5822784810126582,0.0,0.10810810810810811,0.1891891891891892,0.5135135135135135,0.918918918918919,0.5923708518645228,0.32205869848475355,0.08227848101265822,0.0,0.10810810810810811,0.2702702702702703,0.43243243243243246,0.5675675675675675
CD011571,Intervention,146,6,0.9964285714285714,0.9305555555555557,0.9857142857142858,0.16666666666666666,0.8333333333333334,1.0,1.0,1.0,0.9702380952380952,0.4308561808561808,0.9642857142857143,0.0,0.5,1.0,1.0,1.0,0.9238095238095239,0.4228174603174603,0.6428571428571429,0.0,0.6666666666666666,0.8333333333333334,0.8333333333333334,1.0,0.8773809523809523,0.22316618566618565,0.6142857142857143,0.0,0.3333333333333333,0.5,0.8333333333333334,1.0
CD001261,Intervention,571,22,0.9836893525418116,0.7732137486895315,0.9326047358834244,0.2727272727272727,0.7272727272727273,0.9090909090909091,1.0,1.0,0.8451730418943534,0.13458101847300818,0.6411657559198543,0.0,0.18181818181818182,0.36363636363636365,0.6363636363636364,1.0,0.8555224374896505,0.14040332236679462,0.6739526411657559,0.0,0.13636363636363635,0.45454545454545453,0.7272727272727273,0.9545454545454546,0.7320748468289452,0.08185152533115823,0.24043715846994534,0.0,0.045454545454545456,0.13636363636363635,0.5,0.8181818181818182
CD011768,Intervention,9160,25,0.9973026819923372,0.4247433043618825,0.9915708812260536,0.88,1.0,1.0,1.0,1.0,0.9856157635467981,0.17266334853366352,0.960919540229885,0.48,0.96,1.0,1.0,1.0,0.9791964969896005,0.19204830607100123,0.9331143951833607,0.36,0.84,0.96,1.0,1.0,0.9549074986316366,0.08328156824779613,0.803831417624521,0.28,0.76,0.84,0.96,1.0
CD007867,Intervention,943,9,0.9908993576017131,0.702671926500441,0.9464668094218416,0.5555555555555556,0.8888888888888888,1.0,1.0,1.0,0.8574827504163692,0.18753188981218336,0.3147751605995717,0.2222222222222222,0.3333333333333333,0.6666666666666666,0.7777777777777778,0.8888888888888888,0.7654056626219368,0.17104949850230167,0.30085653104925053,0.2222222222222222,0.2222222222222222,0.4444444444444444,0.5555555555555556,0.8888888888888888,0.6805852962169878,0.022875918373950654,0.25160599571734477,0.0,0.1111111111111111,0.3333333333333333,0.4444444444444444,0.6666666666666666
CD010558,Intervention,2815,10,0.9644741532976827,0.5448255276732098,0.6267379679144385,0.9,0.9,0.9,0.9,1.0,0.8640998217468806,0.049187746268879964,0.5597147950089126,0.1,0.5,0.6,0.7,1.0,0.8927272727272727,0.05369108863025087,0.5846702317290553,0.2,0.5,0.7,0.8,1.0,0.8662745098039216,0.07794814355033043,0.5204991087344029,0.3,0.5,0.6,0.8,1.0
CD012069,Intervention,3479,245,0.8996516602930597,0.4697247722664213,0.6190476190476191,0.10612244897959183,0.35918367346938773,0.5877551020408164,0.7795918367346939,0.9755102040816327,0.667512273926268,0.11550893994686358,0.17037724180581323,0.0163265306122449,0.10204081632653061,0.19591836734693877,0.3346938775510204,0.7510204081632653,0.7162167278785355,0.14286564843571284,0.29282622139764997,0.02857142857142857,0.12653061224489795,0.23265306122448978,0.44081632653061226,0.7918367346938775,0.6806292832531899,0.12943097051525992,0.14131106988249845,0.02857142857142857,0.10204081632653061,0.19183673469387755,0.363265306122449,0.7918367346938775
CD010038,Intervention,8867,9,0.9989651539098368,0.5946569432370649,0.9962745540754121,1.0,1.0,1.0,1.0,1.0,0.9565740949800557,0.038432003941139194,0.8264845337547979,0.4444444444444444,0.6666666666666666,0.8888888888888888,1.0,1.0,0.9082311030832142,0.00999672387088999,0.7438473696093927,0.1111111111111111,0.4444444444444444,0.4444444444444444,0.8888888888888888,1.0,0.8398810867765485,0.005225304678744536,0.5194174757281553,0.1111111111111111,0.1111111111111111,0.5555555555555556,0.7777777777777778,1.0
CD006468,Intervention,3874,12,0.9990829449335404,0.8672753854332802,0.9932677369238736,1.0,1.0,1.0,1.0,1.0,0.9472207837044709,0.03477131190783001,0.868720870015536,0.08333333333333333,0.4166666666666667,0.9166666666666666,1.0,1.0,0.8865225271879855,0.015386691586096285,0.7566027964785086,0.0,0.16666666666666666,0.5833333333333334,0.8333333333333334,1.0,0.8730148455031935,0.021319780673557647,0.5510098394614189,0.0,0.4166666666666667,0.6666666666666666,0.75,1.0
CD000996,Intervention,281,6,0.9987878787878788,0.9583333333333334,0.9927272727272727,0.5,1.0,1.0,1.0,1.0,0.9642424242424243,0.2692162168706791,0.9381818181818182,0.16666666666666666,0.6666666666666666,1.0,1.0,1.0,0.8793939393939394,0.10192788055691282,0.7163636363636363,0.0,0.16666666666666666,0.3333333333333333,0.8333333333333334,1.0,0.8806060606060606,0.09532566463606222,0.8109090909090909,0.0,0.0,0.5,0.6666666666666666,1.0
CD012661,Prognosis,3367,94,0.9698240276667252,0.5214187803993915,0.8579285059578369,0.24468085106382978,0.7127659574468085,0.9042553191489362,0.9680851063829787,1.0,0.8597584362059664,0.1399896951211996,0.5798961197677971,0.0851063829787234,0.2872340425531915,0.5106382978723404,0.723404255319149,0.9574468085106383,0.8266766776527489,0.08894896776566434,0.5355942560342194,0.02127659574468085,0.19148936170212766,0.32978723404255317,0.648936170212766,0.9680851063829787,0.6828305088051173,0.04826544335937086,0.2019553926061717,0.0,0.09574468085106383,0.1702127659574468,0.3829787234042553,0.7978723404255319
CD011787,Qualitative,4369,28,0.9922540889196038,0.6028160769190257,0.9668279198341396,0.6785714285714286,0.9642857142857143,1.0,1.0,1.0,0.9477161286076283,0.18914855114671356,0.834139599170698,0.2857142857142857,0.7857142857142857,0.8571428571428571,0.9642857142857143,0.9642857142857143,0.9244496001579623,0.16303199526808296,0.5964063579820318,0.35714285714285715,0.6071428571428571,0.7142857142857143,0.8928571428571429,1.0,0.9015368414124462,0.07035445437147794,0.6268140981340705,0.17857142857142858,0.5714285714285714,0.7142857142857143,0.7857142857142857,0.9642857142857143
