split,review,N,ta_pos,final_pos,jev_ta,bge_ta,jev_final,final_subset_of_ta
dev,Hanlon_2022,77,19,6,0.9251361161524501,0.8829401088929221,0.9624413145539905,True
dev,Deckers_2022,106,10,3,0.7973958333333334,0.88125,0.843042071197411,True
dev,Zinsser_2022,125,12,3,0.93547197640118,0.9033923303834808,0.9972677595628415,True
dev,Kapuka_2021,151,46,8,0.6039337474120083,0.41490683229813663,0.8994755244755245,True
dev,Brons_2024,172,77,25,0.8414217361585783,0.7261790840738209,0.948843537414966,True
dev,Oliveira_2021,184,31,17,0.7847353995361587,0.7252793590554502,0.9496301514617823,True
dev,Quevedo_2023,199,34,18,0.9760249554367202,0.9301247771836008,0.9679251074278699,True
dev,Clark_2021,199,3,3,0.9795918367346939,0.9523809523809523,0.9795918367346939,True
dev,Maciel_2024,274,66,31,0.9177957459207459,0.7512383449883451,0.9559272534182928,True
dev,Cinquin_2018,290,31,9,0.9043467430564204,0.8149209116951053,0.9482008699090549,True
dev,Sanchez-Acedo_2023,345,113,20,0.551953005797986,0.5132361916386939,0.7686153846153846,True
dev,van_der_Valk_2021,362,160,46,0.9011138613861386,0.8370049504950495,0.8529168959823885,True
dev,Ward_2020,374,12,8,0.8997467771639043,0.9274861878453039,0.9972677595628415,True
dev,Sanchez-Gomez_2024,385,157,7,0.8044055201698513,0.7606715834171417,0.9894179894179894,True
dev,Wijnen_2024,399,31,6,0.8480890603085554,0.6946879382889201,0.9090330788804072,True
dev,Noetel_2021,444,18,6,0.8710876369327074,0.9284037558685446,0.9237062404870624,True
dev,Mejean_2024,486,96,66,0.8712339743589743,0.7929487179487178,0.923917748917749,True
dev,Fong_2021,489,63,44,0.9590319695953499,0.9062895893881808,0.9703268641470888,True
dev,Ali_2024,515,55,30,0.8718972332015811,0.8643083003952569,0.9106529209621994,True
dev,Bakker-Jacobs_2022,549,34,8,0.8182752712735578,0.5568246716162193,0.927333641404806,True
dev,Appenzeller-Herzog_2019,582,43,8,0.9059628079561635,0.8511886784312034,0.9616724738675958,True
dev,Anmarkrud_2021,593,51,16,0.9597170971709718,0.8807249837204254,0.9947465337954939,True
dev,Zakeri-Nasrabadi_2023a,627,86,9,0.9204960667153849,0.9121351502385764,0.9647608773822366,True
dev,Filges_2022,781,71,6,0.9102757389406864,0.6991668319777822,0.9927956989247312,True
dev,Filges_2018,925,54,20,0.9864884976825276,0.9143810860228769,0.9777900552486187,True
dev,Xu_2022,960,86,21,0.8186631898249163,0.7738278963333511,0.9317916730057305,True
dev,Endedijk_2021,1092,110,89,0.9221394186261803,0.7443251249768562,0.9200264375413086,True
dev,van_Hoorn_2020,1154,179,15,0.5276006302821945,0.5295344506517691,0.9903716710564823,True
dev,Giesen_2021,1293,82,11,0.8964874826287487,0.5939558115647217,0.9257552120266629,True
dev,Taschner_2024,1323,241,34,0.9460753484019909,0.6914849556300381,0.9517866106877196,True
dev,Zanframundo_2022,1334,165,40,0.9703061409648236,0.9083599035694844,0.953323029366306,True
dev,Zakeri-Nasrabadi_2023b,1720,81,46,0.961309591063506,0.9220090540001055,0.9825723339047322,True
dev,Viguie_2020,1978,167,104,0.9773490016102527,0.8649966769938865,0.9879422871685412,True
test,Abgaz_2023,288,33,11,0.9390968508615567,0.8650029708853239,0.9858877584509353,True
test,Boersma-van_Dam_2024,578,68,24,0.8828431372549019,0.901470588235294,0.9525797232250302,True
test,Chakraborty_2023,2233,41,7,0.8213626045931992,0.7135815381876447,0.9812925170068026,True
test,Chueca_2023,609,38,16,0.9177573969951147,0.6111162319107752,0.9158410623946037,True
test,Harms_2024,840,92,48,0.9024427458730527,0.7874476865845152,0.9763520622895623,True
test,Lewowski_2021,329,30,9,0.9469342251950947,0.8924191750278707,0.9942708333333333,True
test,Moran_2020,1992,193,39,0.9185010670867811,0.7425771945842105,0.970722228786745,True
test,Roberts_2021,883,13,3,0.9052608311229001,0.8888594164456233,0.9928030303030303,True
test,Theobald_2021,70,37,9,0.8382473382473382,0.8484848484848485,0.9234972677595628,True
test,Toffalini_2021,328,89,22,0.9498848197075831,0.7244605331202106,0.9454842543077838,True
test,Tumkaya_2018,481,88,39,0.8937369882026371,0.6822229932916956,0.9246432300730943,True
test,Walker_2018,11735,226,64,0.9179103387345187,0.8920729217688044,0.9863871990403564,True
