review,n,incl,tfidf,bm25,minilm,bge
CD012080,6643,77,0.8670838756126602,0.8502092637791694,0.8759667076755105,0.9108116982012809
CD012669,1260,24,0.8445253505933118,0.8801577669902912,0.8670105177993528,0.8757416396979504
CD009044,3169,1,0.9974747474747475,0.9996843434343434,0.9880050505050505,0.9962121212121212
CD011686,9729,3,0.9917403523202413,0.9959558571526493,0.9978408389882788,0.999314552059771
CD008874,2382,110,0.8769686299615878,0.893303857234315,0.8710747439180538,0.9215588988476313
CD012567,6735,4,0.9113058980834943,0.9502302778190462,0.9205541524290596,0.9679096716683999
CD012768,131,22,0.5921601334445371,0.5779816513761468,0.609674728940784,0.689324437030859
CD012233,472,9,0.7134629229661628,0.8132949364050875,0.8872090232781378,0.8636909047276218
CD012455,1593,5,0.9808564231738035,0.9925692695214106,0.9976070528967255,0.997984886649874
CD012551,591,29,0.5962081236961589,0.6185421524113388,0.6589152043195483,0.7529758252546324
CD010239,224,10,0.9752336448598131,0.9705607476635513,0.988785046728972,0.983177570093458
CD010753,2539,20,0.6249305279872965,0.68652242953553,0.8613338626439063,0.8572846367606194
CD012164,61,3,0.8505747126436781,0.8390804597701149,0.9425287356321839,0.9195402298850575
CD009069,1757,5,0.8294520547945206,0.8771689497716895,0.9457762557077626,0.8788812785388128
CD009642,1922,50,0.9560363247863247,0.9717307692307693,0.9102777777777777,0.9749679487179487
CD004414,336,7,0.8554059921841076,0.833260963960052,0.9313938341293964,0.9661311333043856
CD011977,195,37,0.6732808758125214,0.5923708518645228,0.8289428669175505,0.7817310981867944
CD011571,146,6,0.8726190476190475,0.8773809523809523,0.9238095238095239,0.9702380952380952
CD012342,2353,0,,,,
CD001261,571,22,0.7015234310316278,0.7320748468289452,0.8555224374896505,0.8451730418943534
CD011768,9160,25,0.9433037766830871,0.9549074986316366,0.9791964969896005,0.9856157635467981
CD007867,943,9,0.6948608137044967,0.6805852962169878,0.7654056626219368,0.8574827504163692
CD010558,2815,10,0.8813903743315509,0.8662745098039216,0.8927272727272727,0.8640998217468806
CD012069,3479,245,0.6569939292971363,0.6806292832531899,0.7162167278785355,0.667512273926268
CD010038,8867,9,0.8303354155691026,0.8398810867765485,0.9082311030832142,0.9565740949800557
CD006468,3874,12,0.8836526842741239,0.8730148455031935,0.8865225271879855,0.9472207837044709
CD000996,281,6,0.8727272727272728,0.8806060606060606,0.8793939393939394,0.9642424242424243
CD011140,289,0,,,,
CD012661,3367,94,0.6728780284858059,0.6828305088051173,0.8266766776527489,0.8597584362059664
CD011558,2165,0,,,,
CD011787,4369,28,0.8798663902326653,0.9015368414124462,0.9244496001579623,0.9477161286076283
