collection,review,N,n1,n0,ceil_0.95_n1,tnr95_asreview,tnr95_hybrid,tnr95_hybrid_seed0,tnr95_jev,tnr95_jev_file_order,tnr95_bge,tnr95_bge_file_order,tnr95_hybrid_seed_min,tnr95_hybrid_seed_max,tnr95_asreview_seed_min,tnr95_asreview_seed_max
heldout,Abgaz_2023,288,11,277,11,0.7812274368231047,0.9602888086642599,0.9602888086642599,0.9743682310469314,0.9747292418772563,0.6714801444043321,0.6714801444043321,0.9602888086642599,0.9602888086642599,0.7364620938628159,0.8194945848375451
heldout,Attai_2022,1726,135,1591,129,0.6531112507856693,0.8038969201759899,0.8038969201759899,0.7619736015084853,0.7611565053425519,0.48145820238843495,0.48145820238843495,0.8038969201759899,0.8038969201759899,0.6304211187932118,0.671904462602137
heldout,Boersma-van_Dam_2024,578,24,554,23,0.7070397111913357,0.8989169675090253,0.8989169675090253,0.8685920577617329,0.8700361010830325,0.720216606498195,0.720216606498195,0.8989169675090253,0.8989169675090253,0.7003610108303249,0.7148014440433214
heldout,Bos_2018,2241,6,2235,6,0.9542281879194631,0.978523489932886,0.978523489932886,0.9553914988814318,0.9548098434004474,0.9279642058165548,0.9279642058165548,0.978523489932886,0.978523489932886,0.9512304250559284,0.9601789709172259
heldout,Bosch_2021,1716,22,1694,21,0.930814639905549,0.9515938606847698,0.9515938606847698,0.9338252656434475,0.9338842975206612,0.4628099173553719,0.4628099173553719,0.9515938606847698,0.9515938606847698,0.9096812278630461,0.9397874852420307
heldout,Chakraborty_2023,2233,7,2226,7,0.7694070080862534,0.9690026954177897,0.9690026954177897,0.959299191374663,0.9609164420485176,0.5197663971248877,0.5197663971248877,0.9690026954177897,0.9690026954177897,0.7425876010781671,0.7978436657681941
heldout,Chueca_2023,609,16,593,16,0.22967959527824622,0.6930860033726813,0.6930860033726813,0.6684654300168634,0.6694772344013491,0.2934232715008432,0.2934232715008432,0.6930860033726813,0.6930860033726813,0.22259696458684655,0.2327150084317032
heldout,Donners_2021,119,14,105,14,0.8047619047619048,0.9523809523809523,0.9523809523809523,0.9019047619047619,0.9047619047619048,0.7523809523809524,0.7523809523809524,0.9523809523809523,0.9523809523809523,0.8,0.8095238095238095
heldout,Eggmann_2023,266,9,257,9,0.9474708171206225,1.0,1.0,1.0,1.0,0.8988326848249028,0.8988326848249028,1.0,1.0,0.9182879377431906,0.9610894941634242
heldout,Hall_2011,340,4,336,4,0.9910714285714286,0.9940476190476191,0.9940476190476191,0.9940476190476191,0.9940476190476191,0.9494047619047619,0.9494047619047619,0.9940476190476191,0.9940476190476191,0.9791666666666666,0.9940476190476191
heldout,Harms_2024,840,48,792,46,0.4220959595959596,0.898989898989899,0.898989898989899,0.8737373737373737,0.8724747474747475,0.3446969696969697,0.3446969696969697,0.898989898989899,0.898989898989899,0.4065656565656566,0.4292929292929293
heldout,Kerschbaumer_2024b,1146,15,1131,15,0.7610963748894783,0.852343059239611,0.852343059239611,0.8061007957559682,0.8107869142351901,0.21662245800176835,0.21662245800176835,0.852343059239611,0.852343059239611,0.748894783377542,0.847922192749779
heldout,Lewowski_2021,329,9,320,9,0.935625,0.9875,0.9875,0.9625,0.9625,0.5625,0.5625,0.9875,0.9875,0.91875,0.984375
heldout,Menon_2022,485,35,450,34,0.49577777777777776,0.5911111111111111,0.5911111111111111,0.4146666666666667,0.4266666666666667,0.3888888888888889,0.3888888888888889,0.5911111111111111,0.5911111111111111,0.4911111111111111,0.5
heldout,Moran_2020,1992,39,1953,38,0.6615975422427035,0.8643113159242192,0.8643113159242192,0.8528417818740399,0.858678955453149,0.20327700972862264,0.20327700972862264,0.8643113159242192,0.8643113159242192,0.6487455197132617,0.6692268305171531
heldout,Parodis_2023b,1679,33,1646,32,0.8676184690157959,0.8523693803159174,0.8523693803159174,0.8048602673147023,0.8055893074119077,0.26792223572296475,0.26792223572296475,0.8523693803159174,0.8523693803159174,0.8547995139732685,0.8754556500607533
heldout,Roberts_2021,883,3,880,3,0.9704545454545455,0.990909090909091,0.990909090909091,0.990909090909091,0.990909090909091,0.9363636363636364,0.9363636363636364,0.990909090909091,0.990909090909091,0.9670454545454545,0.9738636363636364
heldout,Seghers_2022,1759,16,1743,16,0.7937464142283419,0.9403327596098681,0.9403327596098681,0.9360298336201951,0.9357429718875502,0.6460126219162364,0.6460126219162364,0.9403327596098681,0.9403327596098681,0.7802639127940333,0.8146873207114171
heldout,Theobald_2021,70,9,61,9,0.21475409836065573,0.7377049180327869,0.7377049180327869,0.819672131147541,0.819672131147541,0.5245901639344263,0.5245901639344263,0.7377049180327869,0.7377049180327869,0.18032786885245902,0.4098360655737705
heldout,Toffalini_2021,328,22,306,21,0.7794117647058824,0.8464052287581699,0.8464052287581699,0.8666666666666667,0.8660130718954249,0.3300653594771242,0.3300653594771242,0.8464052287581699,0.8464052287581699,0.7320261437908496,0.8300653594771242
heldout,Tumkaya_2018,481,39,442,38,0.7857466063348416,0.7850678733031674,0.7850678733031674,0.7153846153846154,0.7239819004524887,0.10180995475113122,0.10180995475113122,0.7850678733031674,0.7850678733031674,0.748868778280543,0.8009049773755657
heldout,Walker_2018,11735,64,11671,61,0.8952703281638249,0.9365949790077971,0.9365949790077971,0.9290377859652129,0.9303401593693771,0.7050809699254562,0.7050809699254562,0.9365949790077971,0.9365949790077971,0.8801302373404164,0.8976951418044726
heldout,van_der_Waal_2022,1158,17,1141,17,0.49325153374233127,0.9167397020157756,0.9167397020157756,0.9602979842243646,0.9588080631025416,0.7905346187554777,0.7905346187554777,0.9167397020157756,0.9167397020157756,0.44259421560035056,0.7204206836108676
clef,CD000996,281,6,275,6,0.9843636363636363,0.9963636363636363,0.9963636363636363,0.9927272727272727,0.9927272727272727,0.9381818181818182,0.9381818181818182,0.9963636363636363,0.9963636363636363,0.9818181818181818,0.9854545454545455
clef,CD001261,571,22,549,21,0.9366120218579235,0.9730418943533697,0.9726775956284153,0.9326047358834244,0.9326047358834244,0.6411657559198543,0.6411657559198543,0.9726775956284153,0.97632058287796,0.9271402550091075,0.9508196721311475
clef,CD004414,336,7,329,7,0.9009118541033435,0.9772036474164134,0.9787234042553191,0.9635258358662614,0.9635258358662614,0.8814589665653495,0.8814589665653495,0.9696048632218845,0.9787234042553191,0.8905775075987842,0.9179331306990881
clef,CD006468,3874,12,3862,12,0.9834800621439669,0.9976696012428793,0.9974106680476437,0.9933713102019679,0.9932677369238736,0.868720870015536,0.868720870015536,0.9974106680476437,0.9979285344381149,0.9808389435525634,0.9927498705334024
clef,CD007867,943,9,934,9,0.8308351177730193,0.9689507494646681,0.9689507494646681,0.9498929336188436,0.9464668094218416,0.3147751605995717,0.3147751605995717,0.9689507494646681,0.9689507494646681,0.7751605995717344,0.9154175588865097
clef,CD008874,2382,110,2272,105,0.9039612676056338,0.9000880281690141,0.9000880281690141,0.866637323943662,0.8675176056338029,0.6967429577464789,0.6967429577464789,0.9000880281690141,0.9000880281690141,0.9014084507042254,0.9053697183098591
clef,CD009044,3169,1,3168,1,1.0,0.9864583333333333,0.9861111111111112,0.986395202020202,0.9864267676767676,0.9962121212121212,0.9962121212121212,0.9861111111111112,0.9867424242424242,1.0,1.0
clef,CD009069,1757,5,1752,5,0.8426369863013699,0.9417808219178082,0.9417808219178082,0.959931506849315,0.9600456621004566,0.7094748858447488,0.7094748858447488,0.9417808219178082,0.9417808219178082,0.8418949771689498,0.8430365296803652
clef,CD009642,1922,50,1872,48,0.9683760683760684,0.9903846153846154,0.9903846153846154,0.9922542735042735,0.9925213675213675,0.9049145299145299,0.9049145299145299,0.9903846153846154,0.9903846153846154,0.9652777777777778,0.9759615384615384
clef,CD010038,8867,9,8858,9,0.8979905170467374,0.9960487694739218,0.9960487694739218,0.9961052156242944,0.9962745540754121,0.8264845337547979,0.8264845337547979,0.9960487694739218,0.9960487694739218,0.8943328065025965,0.9284262813276135
clef,CD010239,224,10,214,10,0.991588785046729,0.9953271028037384,0.9953271028037384,0.985981308411215,0.985981308411215,0.9532710280373832,0.9532710280373832,0.9953271028037384,0.9953271028037384,0.985981308411215,0.9953271028037384
clef,CD010558,2815,10,2805,10,0.9293404634581105,0.9721925133689839,0.9721925133689839,0.6563279857397505,0.6267379679144385,0.5597147950089126,0.5597147950089126,0.9721925133689839,0.9721925133689839,0.9204991087344029,0.9500891265597148
clef,CD010753,2539,20,2519,19,0.8014688368400159,0.9551409289400555,0.9551409289400555,0.9127034537514886,0.9098848749503772,0.6165144898769352,0.6165144898769352,0.9551409289400555,0.9551409289400555,0.796744739976181,0.8034934497816594
clef,CD011571,146,6,140,6,0.93,0.9857142857142858,0.9857142857142858,0.9857142857142858,0.9857142857142858,0.9642857142857143,0.9642857142857143,0.9857142857142858,0.9857142857142858,0.8928571428571429,0.9571428571428572
clef,CD011686,9729,3,9726,3,0.9940571663582151,0.9992802796627596,0.9992802796627596,0.9990335184042772,0.9990746452806909,0.9985605593255192,0.9985605593255192,0.9992802796627596,0.9992802796627596,0.9925971622455274,0.9961957639317294
clef,CD011768,9160,25,9135,24,0.9650684181718664,0.9891625615763546,0.9891625615763546,0.9916365626710454,0.9915708812260536,0.960919540229885,0.960919540229885,0.9891625615763546,0.9891625615763546,0.9574165298303229,0.980623973727422
clef,CD011787,4369,28,4341,27,0.9233126007832296,0.958765261460493,0.958765261460493,0.9669431006680488,0.9668279198341396,0.834139599170698,0.834139599170698,0.958765261460493,0.958765261460493,0.9205252246026261,0.9276664363049989
clef,CD011977,195,37,158,36,0.6867088607594937,0.6518987341772152,0.6518987341772152,0.48227848101265824,0.5,0.379746835443038,0.379746835443038,0.6518987341772152,0.6518987341772152,0.6645569620253164,0.6962025316455697
clef,CD012069,3479,245,3234,233,0.5653061224489796,0.647804576376005,0.647804576376005,0.6250463821892394,0.6190476190476191,0.17037724180581323,0.17037724180581323,0.647804576376005,0.647804576376005,0.5640074211502782,0.5695732838589982
clef,CD012080,6643,77,6566,74,0.8296679865976241,0.8550106609808102,0.8550106609808102,0.8585592445933597,0.8592750533049041,0.7829728906487968,0.7829728906487968,0.8550106609808102,0.8550106609808102,0.8245507158087115,0.8332318001827597
clef,CD012164,61,3,58,3,0.7706896551724138,1.0,1.0,1.0,1.0,0.9137931034482759,0.9137931034482759,1.0,1.0,0.6724137931034483,0.8793103448275862
clef,CD012233,472,9,463,9,0.45226781857451404,0.19654427645788336,0.19654427645788336,0.1714902807775378,0.19438444924406048,0.5377969762419006,0.5377969762419006,0.19654427645788336,0.19654427645788336,0.408207343412527,0.46436285097192226
clef,CD012455,1593,5,1588,5,0.9817380352644837,0.9987405541561712,0.9987405541561712,0.9993702770780857,0.9993702770780857,0.9949622166246851,0.9949622166246851,0.9987405541561712,0.9987405541561712,0.9729219143576826,0.9848866498740554
clef,CD012551,591,29,562,28,0.7923487544483986,0.9466192170818505,0.9466192170818505,0.9412811387900356,0.9412811387900356,0.3683274021352313,0.3683274021352313,0.9466192170818505,0.9466192170818505,0.7882562277580071,0.7953736654804271
clef,CD012567,6735,4,6731,4,0.8989897489228941,0.996285841628287,0.996285841628287,0.9988114693210518,0.9988114693210518,0.9549844005348388,0.9549844005348388,0.996285841628287,0.996285841628287,0.889169514188085,0.9300252562769277
clef,CD012661,3367,94,3273,90,0.8717384662389245,0.897952948365414,0.897952948365414,0.8627864344637947,0.8579285059578369,0.5798961197677971,0.5798961197677971,0.897952948365414,0.897952948365414,0.8670944087992667,0.8823709135349832
clef,CD012669,1260,24,1236,23,0.8227346278317152,0.8770226537216829,0.8770226537216829,0.8688511326860842,0.8681229773462783,0.6601941747572816,0.6601941747572816,0.8770226537216829,0.8770226537216829,0.813915857605178,0.8333333333333334
clef,CD012768,131,22,109,21,0.6045871559633027,0.6788990825688074,0.6788990825688074,0.6467889908256881,0.6513761467889908,0.29357798165137616,0.29357798165137616,0.6788990825688074,0.6788990825688074,0.5688073394495413,0.6788990825688074
