review,n,n1,jev_auc,tau_recall,tau_work,bge_auc,minilm_auc,split,year,year_group
Abgaz_2023,288,11,0.9858877584509353,1.0,0.8020833333333334,0.8976042008532983,0.7492615687561536,held-out,2023,2023
Attai_2022,1726,135,0.9120888330190656,0.9851851851851852,0.4698725376593279,0.8018995739925974,0.8615964802011313,held-out,2022,2022
Boersma-van_Dam_2024,578,24,0.9525797232250302,0.9583333333333334,0.20761245674740483,0.9016997593261131,0.9028279181708785,held-out,2024,2024-2025
Bos_2018,2241,6,0.9916107382550335,1.0,0.42079428826416776,0.9591349739000745,0.9580164056674123,held-out,2018,2011-2019
Bosch_2021,1716,22,0.9769104862080069,1.0,0.5250582750582751,0.7922346248792529,0.6937050552753032,held-out,2021,2020-2021
Chakraborty_2023,2233,7,0.9812925170068026,1.0,0.9713390058217645,0.6879733025285586,0.7427159543062507,held-out,2023,2023
Chueca_2023,609,16,0.9158410623946037,1.0,0.8686371100164204,0.7146922428330522,0.783726812816189,held-out,2023,2023
Donners_2021,119,14,0.9816326530612245,1.0,0.7142857142857143,0.9244897959183673,0.8605442176870749,held-out,2021,2020-2021
Eggmann_2023,266,9,0.9999999999999999,1.0,0.5375939849624061,0.9870298313878081,0.85473411154345,held-out,2023,2023
Hall_2011,340,4,0.9947916666666666,1.0,0.12941176470588237,0.9836309523809523,0.9776785714285714,held-out,2011,2011-2019
Harms_2024,840,48,0.9763520622895623,1.0,0.9285714285714286,0.7870633417508417,0.7652041245791246,held-out,2024,2024-2025
Kerschbaumer_2024b,1146,15,0.9467727674624227,1.0,0.9048865619546248,0.6828765104627174,0.5873857942823459,held-out,2024,2024-2025
Lewowski_2021,329,9,0.9942708333333333,1.0,0.3768996960486322,0.91875,0.9249999999999999,held-out,2021,2020-2021
Menon_2022,485,35,0.9233968253968254,1.0,0.8762886597938144,0.7671111111111111,0.7553650793650795,held-out,2022,2022
Moran_2020,1992,39,0.970722228786745,1.0,0.3433734939759036,0.7098743550356453,0.7515590741397193,held-out,2020,2020-2021
Parodis_2023b,1679,33,0.9578132479104533,1.0,0.8511018463371054,0.7387422217312861,0.7312308995176553,held-out,2023,2023
Roberts_2021,883,3,0.9928030303030303,1.0,0.31483578708946774,0.9659090909090909,0.9666666666666668,held-out,2021,2020-2021
Seghers_2022,1759,16,0.9862664945496271,1.0,0.5429221148379761,0.8858648881239243,0.8908491107286289,held-out,2022,2022
Theobald_2021,70,9,0.9234972677595628,1.0,0.7571428571428571,0.7777777777777778,0.8051001821493624,held-out,2021,2020-2021
Toffalini_2021,328,22,0.9454842543077838,1.0,0.5030487804878049,0.6755793226381461,0.7633689839572193,held-out,2021,2020-2021
Tumkaya_2018,481,39,0.9246432300730943,1.0,0.5176715176715176,0.6652743937811811,0.7283907645898596,held-out,2018,2011-2019
van_der_Waal_2022,1158,17,0.9902820023715008,1.0,0.6424870466321243,0.9536526266948497,0.9255554982729287,held-out,2022,2022
Walker_2018,11735,64,0.9863871990403564,1.0,0.3350660417554325,0.9257655192357125,0.9066556529003513,held-out,2018,2011-2019
Pijls_2017,54,3,0.9869281045751634,1.0,0.5555555555555556,1.0,1.0,development,2017,2011-2019
Hanlon_2022,77,6,0.9624413145539905,1.0,0.4675324675324675,0.9366197183098591,0.931924882629108,development,2022,2022
Deckers_2022,106,3,0.843042071197411,1.0,0.839622641509434,0.9288025889967637,0.8058252427184465,development,2022,2022
Pinos-Cisneros_2023,109,21,0.922077922077922,1.0,0.7522935779816514,0.7456709956709957,0.6856060606060606,development,2023,2023
Zinsser_2022,125,3,0.9972677595628415,1.0,0.296,0.9781420765027323,0.9207650273224044,development,2022,2022
de_Matteis_2024a,140,3,1.0,1.0,0.6071428571428571,0.9464720194647201,0.9683698296836982,development,2024,2024-2025
Sep_2021,147,28,0.9374249699879952,1.0,0.6870748299319728,0.5984393757503,0.6698679471788715,development,2021,2020-2021
Kapuka_2021,151,8,0.8994755244755245,1.0,1.0,0.7386363636363636,0.6774475524475525,development,2021,2020-2021
Brons_2024,172,25,0.948843537414966,1.0,0.7267441860465116,0.6870748299319728,0.7442176870748299,development,2024,2024-2025
Oliveira_2021,184,17,0.9496301514617823,1.0,0.5163043478260869,0.8816484677703418,0.7463895737935892,development,2021,2020-2021
Quevedo_2023,199,18,0.9679251074278699,1.0,0.628140703517588,0.943830570902394,0.9168201350521792,development,2023,2023
Clark_2021,199,3,0.9795918367346939,1.0,0.5276381909547738,0.9523809523809523,0.7874149659863945,development,2021,2020-2021
Ferreira_2022,223,3,0.6545454545454545,0.3333333333333333,0.21524663677130046,0.7666666666666667,0.7833333333333333,development,2022,2022
Oud_2018,243,5,0.9848739495798319,1.0,0.45267489711934156,0.9285714285714286,0.7672268907563025,development,2018,2011-2019
Williamson_2023,258,5,0.9952569169960475,1.0,0.36046511627906974,0.9802371541501976,0.9596837944664032,development,2023,2023
Dornauer_2023,259,5,0.9913385826771653,1.0,0.1891891891891892,0.9708661417322834,0.9866141732283464,development,2023,2023
Maciel_2024,274,31,0.9559272534182928,0.967741935483871,0.5328467153284672,0.836187441922209,0.8138855701579716,development,2024,2024-2025
Nobrega-Dos_Santos_2023,277,8,0.9839684014869888,1.0,0.5487364620938628,0.9865241635687733,0.9735130111524164,development,2023,2023
Cinquin_2018,290,9,0.9482008699090549,1.0,0.5482758620689655,0.8849347568208779,0.9165678133649663,development,2018,2011-2019
Pijls_2018,301,16,0.9726973684210527,1.0,0.34219269102990035,0.8875,0.9212719298245614,development,2018,2011-2019
van_Heugten_Breurkes_2022,303,13,0.8974801061007958,1.0,0.8316831683168316,0.9114058355437666,0.9214854111405835,development,2022,2022
Greca_2023,328,24,0.9354440789473685,1.0,0.9176829268292683,0.6890076754385965,0.7349232456140351,development,2023,2023
Ramiro_2015,338,18,0.9903645833333334,1.0,0.6627218934911243,0.8963541666666668,0.8531249999999999,development,2015,2011-2019
Bindoli_2024b,341,7,0.8299828913601369,1.0,0.9266862170087976,0.6218990590248075,0.8036783575705732,development,2024,2024-2025
Sanchez-Acedo_2023,345,20,0.7686153846153846,1.0,0.936231884057971,0.6987692307692308,0.6764615384615384,development,2023,2023
van_der_Valk_2021,362,46,0.8529168959823885,0.9565217391304348,0.4889502762430939,0.8526417171161255,0.8335855806274077,development,2021,2020-2021
Ward_2020,374,8,0.9972677595628415,1.0,0.22994652406417113,0.959016393442623,0.9593579234972678,development,2020,2020-2021
Sanchez-Gomez_2024,385,7,0.9894179894179894,1.0,0.5974025974025974,0.8552532123960696,0.9021164021164021,development,2024,2024-2025
Wijnen_2024,399,6,0.9090330788804072,1.0,0.9624060150375939,0.5771840542832909,0.6594571670907549,development,2024,2024-2025
Noetel_2021,444,6,0.9237062404870624,1.0,0.5495495495495496,0.928462709284627,0.8987823439878234,development,2021,2020-2021
Clarinval_2021,446,19,0.9924812030075189,1.0,0.6412556053811659,0.9487242696906201,0.9721434734376926,development,2021,2020-2021
Meijboom_2021,464,21,0.9433516070084919,1.0,0.41810344827586204,0.9078791787595399,0.834784478125336,development,2021,2020-2021
Mejean_2024,486,66,0.923917748917749,1.0,0.8827160493827161,0.8053391053391052,0.7599567099567099,development,2024,2024-2025
Santos_2018,488,7,0.9922779922779923,1.0,0.15368852459016394,0.9795069795069795,0.9801009801009801,development,2018,2011-2019
Fong_2021,489,44,0.9703268641470888,0.9545454545454546,0.2085889570552147,0.9110827374872319,0.8900919305413687,development,2021,2020-2021
Ali_2024,515,30,0.9106529209621994,1.0,0.6699029126213593,0.8894158075601375,0.9108591065292098,development,2024,2024-2025
Bakker-Jacobs_2022,549,8,0.927333641404806,1.0,0.761384335154827,0.5979667282809612,0.6317005545286507,development,2022,2022
de_Matteis_2024b,553,24,0.988145872715816,1.0,0.42495479204339964,0.8902016383112792,0.8021424070573409,development,2024,2024-2025
Bech_2019,556,15,0.981762168823167,1.0,0.6762589928057554,0.9123844731977819,0.9042513863216266,development,2019,2011-2019
Low_2023,556,36,0.9306891025641026,1.0,0.7769784172661871,0.7769230769230769,0.7426282051282052,development,2023,2023
Appenzeller-Herzog_2019,582,8,0.9616724738675958,1.0,0.3127147766323024,0.8680313588850175,0.8170731707317074,development,2019,2011-2019
Anmarkrud_2021,593,16,0.9947465337954939,1.0,0.24283305227655985,0.955155979202773,0.9442157712305026,development,2021,2020-2021
Zakeri-Nasrabadi_2023a,627,9,0.9647608773822366,1.0,0.3062200956937799,0.9586479683567062,0.9455231930960086,development,2023,2023
Cozim-Melges_2024,630,95,0.7620265617314314,1.0,0.9619047619047619,0.560118052139695,0.5804623708804721,development,2024,2024-2025
Marques_2021,713,16,0.9854286226685797,1.0,0.20196353436185133,0.9513988522238164,0.9199246771879483,development,2021,2020-2021
Aouad_2024,714,30,0.9504385964912281,1.0,0.8137254901960784,0.9399122807017545,0.8999025341130604,development,2024,2024-2025
Smid_2019,770,11,0.9928733980117379,1.0,0.24805194805194805,0.977961432506887,0.969098095580309,development,2019,2011-2019
Filges_2022,781,6,0.9927956989247312,1.0,0.4494238156209987,0.7408602150537634,0.7909677419354839,development,2022,2022
Rinne_2021,815,194,0.9282957318591563,1.0,0.8122699386503067,0.7960306788186663,0.7950512143699054,development,2021,2020-2021
Muthu_2020,923,20,0.8623200442967884,1.0,0.8374864572047671,0.5046511627906977,0.5596345514950165,development,2020,2020-2021
Filges_2018,925,20,0.9777900552486187,1.0,0.28324324324324324,0.8750276243093923,0.9274585635359115,development,2018,2011-2019
Xu_2022,960,21,0.9317916730057305,1.0,0.85,0.8501445306557127,0.8419798164207108,development,2022,2022
Endedijk_2021,1092,89,0.9200264375413086,0.9775280898876404,0.5073260073260073,0.7510614224741505,0.7933502862199917,development,2021,2020-2021
Adamo_2021,1151,16,0.9495870044052863,1.0,0.8314509122502172,0.9182819383259913,0.9178964757709251,development,2021,2020-2021
van_Hoorn_2020,1154,15,0.9903716710564823,1.0,0.47053726169844023,0.9146619841966637,0.904828797190518,development,2020,2020-2021
Verdugo-Castro_2022,1245,10,0.9246153846153846,1.0,0.8168674698795181,0.9289878542510122,0.9008097165991903,development,2022,2022
Tektonidou_2019,1251,58,0.9662687516258635,1.0,0.8089528377298162,0.8390033817961094,0.8541347515680551,development,2019,2011-2019
Giesen_2021,1293,11,0.9257552120266629,1.0,0.8445475638051044,0.5306339526308325,0.5854488725003546,development,2021,2020-2021
Hamaker_2022,1313,13,0.990207100591716,1.0,0.5963442498095963,0.9491124260355029,0.9337278106508875,development,2022,2022
Taschner_2024,1323,34,0.9517866106877196,1.0,0.45729402872260017,0.8031761967781682,0.7930224067904895,development,2024,2024-2025
Zanframundo_2022,1334,40,0.953323029366306,1.0,0.383808095952024,0.9436823802163833,0.9129829984544049,development,2022,2022
Leenaars_2019,1395,7,0.9623301770275834,1.0,0.48100358422939066,0.8957389872375463,0.9170440510498147,development,2019,2011-2019
Farisogullari_2023,1439,59,0.9871407516580691,1.0,0.5198054204308548,0.7360108081552443,0.8128838123311226,development,2023,2023
Bindoli_2024a,1449,64,0.9561033393501805,1.0,0.8785369220151829,0.8309792418772564,0.7222698555956679,development,2024,2024-2025
Fejza_2023,1499,45,0.9612563044475011,1.0,0.7858572381587725,0.8294360385144429,0.7334250343878955,development,2023,2023
Wassenaar_2017,1523,23,0.9845652173913043,1.0,0.12409717662508207,0.9360579710144927,0.9664057971014492,development,2017,2011-2019
Wolters_2018,1683,9,0.9937607858754812,1.0,0.2549019607843137,0.8507898579583167,0.9161024824107261,development,2018,2011-2019
Zakeri-Nasrabadi_2023b,1720,46,0.9825723339047322,1.0,0.5337209302325582,0.947859851436289,0.9333021661212404,development,2023,2023
Sepriano_2022,1760,57,0.9462249281453782,1.0,0.8011363636363636,0.7772867282710594,0.7875163540089213,development,2022,2022
Sepriano_2020,1908,29,0.9814923565359417,1.0,0.7164570230607966,0.8715017158796865,0.7938558661063294,development,2020,2020-2021
Kerschbaumer_2024a,1949,29,0.9359913793103448,1.0,0.7408927655207799,0.714367816091954,0.7325251436781609,development,2024,2024-2025
Leenaars_2020,1956,199,0.9165906367351841,1.0,0.6753578732106339,0.7753651581756248,0.7510117462669066,development,2020,2020-2021
Viguie_2020,1978,104,0.9879422871685412,1.0,0.4949443882709808,0.8954929808718495,0.8294834167966505,development,2020,2020-2021
