collection,review,method,seed,stored_knee_work,recomputed_knee_work,stored_knee_rec,recomputed_knee_rec,match
heldout,Abgaz_2023,asr_prior,0,1.0,1.0,1.0,1.0,True
heldout,Abgaz_2023,asr_prior,1,1.0,1.0,1.0,1.0,True
heldout,Abgaz_2023,asr_prior,2,1.0,1.0,1.0,1.0,True
heldout,Abgaz_2023,asr_prior,3,1.0,1.0,1.0,1.0,True
heldout,Abgaz_2023,asr_prior,4,1.0,1.0,1.0,1.0,True
heldout,Abgaz_2023,asr_prior,5,1.0,1.0,1.0,1.0,True
heldout,Abgaz_2023,asr_prior,6,1.0,1.0,1.0,1.0,True
heldout,Abgaz_2023,asr_prior,7,1.0,1.0,1.0,1.0,True
heldout,Abgaz_2023,asr_prior,8,1.0,1.0,1.0,1.0,True
heldout,Abgaz_2023,asr_prior,9,1.0,1.0,1.0,1.0,True
heldout,Abgaz_2023,asr_jevblend_3,0,1.0,1.0,1.0,1.0,True
heldout,Attai_2022,asr_prior,0,0.9009269988412515,0.9009269988412515,1.0,1.0,True
heldout,Attai_2022,asr_prior,1,0.9049826187717266,0.9049826187717266,1.0,1.0,True
heldout,Attai_2022,asr_prior,2,0.9125144843568945,0.9125144843568945,1.0,1.0,True
heldout,Attai_2022,asr_prior,3,0.9466975666280417,0.9466975666280417,1.0,1.0,True
heldout,Attai_2022,asr_prior,4,0.9269988412514485,0.9269988412514485,1.0,1.0,True
heldout,Attai_2022,asr_prior,5,0.9125144843568945,0.9125144843568945,1.0,1.0,True
heldout,Attai_2022,asr_prior,6,0.9524913093858632,0.9524913093858632,1.0,1.0,True
heldout,Attai_2022,asr_prior,7,0.9524913093858632,0.9524913093858632,1.0,1.0,True
heldout,Attai_2022,asr_prior,8,0.9165701042873696,0.9165701042873696,1.0,1.0,True
heldout,Attai_2022,asr_prior,9,0.9316338354577057,0.9316338354577057,1.0,1.0,True
heldout,Attai_2022,asr_jevblend_3,0,0.7027809965237544,0.7027809965237544,1.0,1.0,True
heldout,Boersma-van_Dam_2024,asr_prior,0,1.0,1.0,1.0,1.0,True
heldout,Boersma-van_Dam_2024,asr_prior,1,1.0,1.0,1.0,1.0,True
heldout,Boersma-van_Dam_2024,asr_prior,2,1.0,1.0,1.0,1.0,True
heldout,Boersma-van_Dam_2024,asr_prior,3,1.0,1.0,1.0,1.0,True
heldout,Boersma-van_Dam_2024,asr_prior,4,1.0,1.0,1.0,1.0,True
heldout,Boersma-van_Dam_2024,asr_prior,5,1.0,1.0,1.0,1.0,True
heldout,Boersma-van_Dam_2024,asr_prior,6,1.0,1.0,1.0,1.0,True
heldout,Boersma-van_Dam_2024,asr_prior,7,1.0,1.0,1.0,1.0,True
heldout,Boersma-van_Dam_2024,asr_prior,8,1.0,1.0,1.0,1.0,True
heldout,Boersma-van_Dam_2024,asr_prior,9,1.0,1.0,1.0,1.0,True
heldout,Boersma-van_Dam_2024,asr_jevblend_3,0,1.0,1.0,1.0,1.0,True
heldout,Bos_2018,asr_prior,0,1.0,1.0,1.0,1.0,True
heldout,Bos_2018,asr_prior,1,1.0,1.0,1.0,1.0,True
heldout,Bos_2018,asr_prior,2,1.0,1.0,1.0,1.0,True
heldout,Bos_2018,asr_prior,3,1.0,1.0,1.0,1.0,True
heldout,Bos_2018,asr_prior,4,1.0,1.0,1.0,1.0,True
heldout,Bos_2018,asr_prior,5,1.0,1.0,1.0,1.0,True
heldout,Bos_2018,asr_prior,6,1.0,1.0,1.0,1.0,True
heldout,Bos_2018,asr_prior,7,1.0,1.0,1.0,1.0,True
heldout,Bos_2018,asr_prior,8,1.0,1.0,1.0,1.0,True
heldout,Bos_2018,asr_prior,9,1.0,1.0,1.0,1.0,True
heldout,Bos_2018,asr_jevblend_3,0,0.6265060240963856,0.6265060240963856,1.0,1.0,True
heldout,Bosch_2021,asr_prior,0,1.0,1.0,1.0,1.0,True
heldout,Bosch_2021,asr_prior,1,1.0,1.0,1.0,1.0,True
heldout,Bosch_2021,asr_prior,2,1.0,1.0,1.0,1.0,True
heldout,Bosch_2021,asr_prior,3,1.0,1.0,1.0,1.0,True
heldout,Bosch_2021,asr_prior,4,1.0,1.0,1.0,1.0,True
heldout,Bosch_2021,asr_prior,5,0.7231934731934732,0.7231934731934732,1.0,1.0,True
heldout,Bosch_2021,asr_prior,6,1.0,1.0,1.0,1.0,True
heldout,Bosch_2021,asr_prior,7,0.9865967365967366,0.9865967365967366,1.0,1.0,True
heldout,Bosch_2021,asr_prior,8,1.0,1.0,1.0,1.0,True
heldout,Bosch_2021,asr_prior,9,1.0,1.0,1.0,1.0,True
heldout,Bosch_2021,asr_jevblend_3,0,0.8263403263403264,0.8263403263403264,1.0,1.0,True
heldout,Chakraborty_2023,asr_prior,0,1.0,1.0,1.0,1.0,True
heldout,Chakraborty_2023,asr_prior,1,1.0,1.0,1.0,1.0,True
heldout,Chakraborty_2023,asr_prior,2,0.06986117330944917,0.06986117330944917,0.14285714285714285,0.14285714285714285,True
heldout,Chakraborty_2023,asr_prior,3,0.06986117330944917,0.06986117330944917,0.14285714285714285,0.14285714285714285,True
heldout,Chakraborty_2023,asr_prior,4,0.06986117330944917,0.06986117330944917,0.14285714285714285,0.14285714285714285,True
heldout,Chakraborty_2023,asr_prior,5,1.0,1.0,1.0,1.0,True
heldout,Chakraborty_2023,asr_prior,6,0.06986117330944917,0.06986117330944917,0.14285714285714285,0.14285714285714285,True
heldout,Chakraborty_2023,asr_prior,7,1.0,1.0,1.0,1.0,True
heldout,Chakraborty_2023,asr_prior,8,1.0,1.0,1.0,1.0,True
heldout,Chakraborty_2023,asr_prior,9,1.0,1.0,1.0,1.0,True
heldout,Chakraborty_2023,asr_jevblend_3,0,0.7586206896551724,0.7586206896551724,1.0,1.0,True
heldout,Chueca_2023,asr_prior,0,1.0,1.0,1.0,1.0,True
heldout,Chueca_2023,asr_prior,1,1.0,1.0,1.0,1.0,True
heldout,Chueca_2023,asr_prior,2,1.0,1.0,1.0,1.0,True
heldout,Chueca_2023,asr_prior,3,1.0,1.0,1.0,1.0,True
heldout,Chueca_2023,asr_prior,4,1.0,1.0,1.0,1.0,True
heldout,Chueca_2023,asr_prior,5,1.0,1.0,1.0,1.0,True
heldout,Chueca_2023,asr_prior,6,1.0,1.0,1.0,1.0,True
heldout,Chueca_2023,asr_prior,7,1.0,1.0,1.0,1.0,True
heldout,Chueca_2023,asr_prior,8,1.0,1.0,1.0,1.0,True
heldout,Chueca_2023,asr_prior,9,1.0,1.0,1.0,1.0,True
heldout,Chueca_2023,asr_jevblend_3,0,1.0,1.0,1.0,1.0,True
heldout,Donners_2021,asr_prior,0,1.0,1.0,1.0,1.0,True
heldout,Donners_2021,asr_prior,1,1.0,1.0,1.0,1.0,True
heldout,Donners_2021,asr_prior,2,1.0,1.0,1.0,1.0,True
heldout,Donners_2021,asr_prior,3,1.0,1.0,1.0,1.0,True
heldout,Donners_2021,asr_prior,4,1.0,1.0,1.0,1.0,True
heldout,Donners_2021,asr_prior,5,1.0,1.0,1.0,1.0,True
heldout,Donners_2021,asr_prior,6,1.0,1.0,1.0,1.0,True
heldout,Donners_2021,asr_prior,7,1.0,1.0,1.0,1.0,True
heldout,Donners_2021,asr_prior,8,1.0,1.0,1.0,1.0,True
heldout,Donners_2021,asr_prior,9,1.0,1.0,1.0,1.0,True
heldout,Donners_2021,asr_jevblend_3,0,1.0,1.0,1.0,1.0,True
heldout,Eggmann_2023,asr_prior,0,1.0,1.0,1.0,1.0,True
heldout,Eggmann_2023,asr_prior,1,1.0,1.0,1.0,1.0,True
heldout,Eggmann_2023,asr_prior,2,1.0,1.0,1.0,1.0,True
heldout,Eggmann_2023,asr_prior,3,1.0,1.0,1.0,1.0,True
heldout,Eggmann_2023,asr_prior,4,1.0,1.0,1.0,1.0,True
heldout,Eggmann_2023,asr_prior,5,1.0,1.0,1.0,1.0,True
heldout,Eggmann_2023,asr_prior,6,1.0,1.0,1.0,1.0,True
heldout,Eggmann_2023,asr_prior,7,1.0,1.0,1.0,1.0,True
heldout,Eggmann_2023,asr_prior,8,1.0,1.0,1.0,1.0,True
heldout,Eggmann_2023,asr_prior,9,1.0,1.0,1.0,1.0,True
heldout,Eggmann_2023,asr_jevblend_3,0,0.5864661654135338,0.5864661654135338,1.0,1.0,True
heldout,Hall_2011,asr_prior,0,0.6882352941176471,0.6882352941176471,1.0,1.0,True
heldout,Hall_2011,asr_prior,1,0.6882352941176471,0.6882352941176471,1.0,1.0,True
heldout,Hall_2011,asr_prior,2,0.6882352941176471,0.6882352941176471,1.0,1.0,True
heldout,Hall_2011,asr_prior,3,0.8029411764705883,0.8029411764705883,1.0,1.0,True
heldout,Hall_2011,asr_prior,4,0.8029411764705883,0.8029411764705883,1.0,1.0,True
heldout,Hall_2011,asr_prior,5,0.9176470588235294,0.9176470588235294,1.0,1.0,True
heldout,Hall_2011,asr_prior,6,0.8029411764705883,0.8029411764705883,1.0,1.0,True
heldout,Hall_2011,asr_prior,7,0.6882352941176471,0.6882352941176471,1.0,1.0,True
heldout,Hall_2011,asr_prior,8,0.6882352941176471,0.6882352941176471,1.0,1.0,True
heldout,Hall_2011,asr_prior,9,1.0,1.0,1.0,1.0,True
heldout,Hall_2011,asr_jevblend_3,0,0.6882352941176471,0.6882352941176471,1.0,1.0,True
heldout,Harms_2024,asr_prior,0,1.0,1.0,1.0,1.0,True
heldout,Harms_2024,asr_prior,1,1.0,1.0,1.0,1.0,True
heldout,Harms_2024,asr_prior,2,1.0,1.0,1.0,1.0,True
heldout,Harms_2024,asr_prior,3,1.0,1.0,1.0,1.0,True
heldout,Harms_2024,asr_prior,4,1.0,1.0,1.0,1.0,True
heldout,Harms_2024,asr_prior,5,1.0,1.0,1.0,1.0,True
heldout,Harms_2024,asr_prior,6,1.0,1.0,1.0,1.0,True
heldout,Harms_2024,asr_prior,7,1.0,1.0,1.0,1.0,True
heldout,Harms_2024,asr_prior,8,1.0,1.0,1.0,1.0,True
heldout,Harms_2024,asr_prior,9,1.0,1.0,1.0,1.0,True
heldout,Harms_2024,asr_jevblend_3,0,1.0,1.0,1.0,1.0,True
heldout,Kerschbaumer_2024b,asr_prior,0,1.0,1.0,1.0,1.0,True
heldout,Kerschbaumer_2024b,asr_prior,1,1.0,1.0,1.0,1.0,True
heldout,Kerschbaumer_2024b,asr_prior,2,1.0,1.0,1.0,1.0,True
heldout,Kerschbaumer_2024b,asr_prior,3,1.0,1.0,1.0,1.0,True
heldout,Kerschbaumer_2024b,asr_prior,4,1.0,1.0,1.0,1.0,True
heldout,Kerschbaumer_2024b,asr_prior,5,1.0,1.0,1.0,1.0,True
heldout,Kerschbaumer_2024b,asr_prior,6,1.0,1.0,1.0,1.0,True
heldout,Kerschbaumer_2024b,asr_prior,7,1.0,1.0,1.0,1.0,True
heldout,Kerschbaumer_2024b,asr_prior,8,1.0,1.0,1.0,1.0,True
heldout,Kerschbaumer_2024b,asr_prior,9,1.0,1.0,1.0,1.0,True
heldout,Kerschbaumer_2024b,asr_jevblend_3,0,1.0,1.0,1.0,1.0,True
heldout,Lewowski_2021,asr_prior,0,0.7386018237082067,0.7386018237082067,1.0,1.0,True
heldout,Lewowski_2021,asr_prior,1,1.0,1.0,1.0,1.0,True
heldout,Lewowski_2021,asr_prior,2,1.0,1.0,1.0,1.0,True
heldout,Lewowski_2021,asr_prior,3,1.0,1.0,1.0,1.0,True
heldout,Lewowski_2021,asr_prior,4,1.0,1.0,1.0,1.0,True
heldout,Lewowski_2021,asr_prior,5,1.0,1.0,1.0,1.0,True
heldout,Lewowski_2021,asr_prior,6,1.0,1.0,1.0,1.0,True
heldout,Lewowski_2021,asr_prior,7,1.0,1.0,1.0,1.0,True
heldout,Lewowski_2021,asr_prior,8,1.0,1.0,1.0,1.0,True
heldout,Lewowski_2021,asr_prior,9,1.0,1.0,1.0,1.0,True
heldout,Lewowski_2021,asr_jevblend_3,0,0.6869300911854104,0.6869300911854104,1.0,1.0,True
heldout,Menon_2022,asr_prior,0,1.0,1.0,1.0,1.0,True
heldout,Menon_2022,asr_prior,1,1.0,1.0,1.0,1.0,True
heldout,Menon_2022,asr_prior,2,1.0,1.0,1.0,1.0,True
heldout,Menon_2022,asr_prior,3,1.0,1.0,1.0,1.0,True
heldout,Menon_2022,asr_prior,4,1.0,1.0,1.0,1.0,True
heldout,Menon_2022,asr_prior,5,1.0,1.0,1.0,1.0,True
heldout,Menon_2022,asr_prior,6,1.0,1.0,1.0,1.0,True
heldout,Menon_2022,asr_prior,7,1.0,1.0,1.0,1.0,True
heldout,Menon_2022,asr_prior,8,1.0,1.0,1.0,1.0,True
heldout,Menon_2022,asr_prior,9,1.0,1.0,1.0,1.0,True
heldout,Menon_2022,asr_jevblend_3,0,1.0,1.0,1.0,1.0,True
heldout,Moran_2020,asr_prior,0,1.0,1.0,1.0,1.0,True
heldout,Moran_2020,asr_prior,1,1.0,1.0,1.0,1.0,True
heldout,Moran_2020,asr_prior,2,1.0,1.0,1.0,1.0,True
heldout,Moran_2020,asr_prior,3,1.0,1.0,1.0,1.0,True
heldout,Moran_2020,asr_prior,4,1.0,1.0,1.0,1.0,True
heldout,Moran_2020,asr_prior,5,1.0,1.0,1.0,1.0,True
heldout,Moran_2020,asr_prior,6,1.0,1.0,1.0,1.0,True
heldout,Moran_2020,asr_prior,7,1.0,1.0,1.0,1.0,True
heldout,Moran_2020,asr_prior,8,1.0,1.0,1.0,1.0,True
heldout,Moran_2020,asr_prior,9,1.0,1.0,1.0,1.0,True
heldout,Moran_2020,asr_jevblend_3,0,0.8519076305220884,0.8519076305220884,1.0,1.0,True
heldout,Parodis_2023b,asr_prior,0,1.0,1.0,1.0,1.0,True
heldout,Parodis_2023b,asr_prior,1,0.9243597379392495,0.9243597379392495,1.0,1.0,True
heldout,Parodis_2023b,asr_prior,2,0.806432400238237,0.806432400238237,1.0,1.0,True
heldout,Parodis_2023b,asr_prior,3,0.9112567004169149,0.9112567004169149,1.0,1.0,True
heldout,Parodis_2023b,asr_prior,4,0.8111971411554497,0.8111971411554497,1.0,1.0,True
heldout,Parodis_2023b,asr_prior,5,0.8457415128052412,0.8457415128052412,1.0,1.0,True
heldout,Parodis_2023b,asr_prior,6,0.9047051816557474,0.9047051816557474,1.0,1.0,True
heldout,Parodis_2023b,asr_prior,7,0.9178082191780822,0.9178082191780822,1.0,1.0,True
heldout,Parodis_2023b,asr_prior,8,0.9112567004169149,0.9112567004169149,1.0,1.0,True
heldout,Parodis_2023b,asr_prior,9,0.878499106611078,0.878499106611078,1.0,1.0,True
heldout,Parodis_2023b,asr_jevblend_3,0,1.0,1.0,1.0,1.0,True
heldout,Roberts_2021,asr_prior,0,1.0,1.0,1.0,1.0,True
heldout,Roberts_2021,asr_prior,1,1.0,1.0,1.0,1.0,True
heldout,Roberts_2021,asr_prior,2,1.0,1.0,1.0,1.0,True
heldout,Roberts_2021,asr_prior,3,1.0,1.0,1.0,1.0,True
heldout,Roberts_2021,asr_prior,4,1.0,1.0,1.0,1.0,True
heldout,Roberts_2021,asr_prior,5,1.0,1.0,1.0,1.0,True
heldout,Roberts_2021,asr_prior,6,1.0,1.0,1.0,1.0,True
heldout,Roberts_2021,asr_prior,7,1.0,1.0,1.0,1.0,True
heldout,Roberts_2021,asr_prior,8,1.0,1.0,1.0,1.0,True
heldout,Roberts_2021,asr_prior,9,1.0,1.0,1.0,1.0,True
heldout,Roberts_2021,asr_jevblend_3,0,0.6477916194790487,0.6477916194790487,1.0,1.0,True
heldout,Seghers_2022,asr_prior,0,1.0,1.0,1.0,1.0,True
heldout,Seghers_2022,asr_prior,1,1.0,1.0,1.0,1.0,True
heldout,Seghers_2022,asr_prior,2,1.0,1.0,1.0,1.0,True
heldout,Seghers_2022,asr_prior,3,1.0,1.0,1.0,1.0,True
heldout,Seghers_2022,asr_prior,4,1.0,1.0,1.0,1.0,True
heldout,Seghers_2022,asr_prior,5,1.0,1.0,1.0,1.0,True
heldout,Seghers_2022,asr_prior,6,1.0,1.0,1.0,1.0,True
heldout,Seghers_2022,asr_prior,7,1.0,1.0,1.0,1.0,True
heldout,Seghers_2022,asr_prior,8,1.0,1.0,1.0,1.0,True
heldout,Seghers_2022,asr_prior,9,1.0,1.0,1.0,1.0,True
heldout,Seghers_2022,asr_jevblend_3,0,0.6651506537805572,0.6651506537805572,1.0,1.0,True
heldout,Theobald_2021,asr_prior,0,1.0,1.0,1.0,1.0,True
heldout,Theobald_2021,asr_prior,1,1.0,1.0,1.0,1.0,True
heldout,Theobald_2021,asr_prior,2,1.0,1.0,1.0,1.0,True
heldout,Theobald_2021,asr_prior,3,1.0,1.0,1.0,1.0,True
heldout,Theobald_2021,asr_prior,4,1.0,1.0,1.0,1.0,True
heldout,Theobald_2021,asr_prior,5,1.0,1.0,1.0,1.0,True
heldout,Theobald_2021,asr_prior,6,1.0,1.0,1.0,1.0,True
heldout,Theobald_2021,asr_prior,7,1.0,1.0,1.0,1.0,True
heldout,Theobald_2021,asr_prior,8,1.0,1.0,1.0,1.0,True
heldout,Theobald_2021,asr_prior,9,1.0,1.0,1.0,1.0,True
heldout,Theobald_2021,asr_jevblend_3,0,1.0,1.0,1.0,1.0,True
heldout,Toffalini_2021,asr_prior,0,1.0,1.0,1.0,1.0,True
heldout,Toffalini_2021,asr_prior,1,1.0,1.0,1.0,1.0,True
heldout,Toffalini_2021,asr_prior,2,1.0,1.0,1.0,1.0,True
heldout,Toffalini_2021,asr_prior,3,1.0,1.0,1.0,1.0,True
heldout,Toffalini_2021,asr_prior,4,1.0,1.0,1.0,1.0,True
heldout,Toffalini_2021,asr_prior,5,1.0,1.0,1.0,1.0,True
heldout,Toffalini_2021,asr_prior,6,1.0,1.0,1.0,1.0,True
heldout,Toffalini_2021,asr_prior,7,1.0,1.0,1.0,1.0,True
heldout,Toffalini_2021,asr_prior,8,1.0,1.0,1.0,1.0,True
heldout,Toffalini_2021,asr_prior,9,1.0,1.0,1.0,1.0,True
heldout,Toffalini_2021,asr_jevblend_3,0,1.0,1.0,1.0,1.0,True
heldout,Tumkaya_2018,asr_prior,0,1.0,1.0,1.0,1.0,True
heldout,Tumkaya_2018,asr_prior,1,1.0,1.0,1.0,1.0,True
heldout,Tumkaya_2018,asr_prior,2,1.0,1.0,1.0,1.0,True
heldout,Tumkaya_2018,asr_prior,3,1.0,1.0,1.0,1.0,True
heldout,Tumkaya_2018,asr_prior,4,1.0,1.0,1.0,1.0,True
heldout,Tumkaya_2018,asr_prior,5,1.0,1.0,1.0,1.0,True
heldout,Tumkaya_2018,asr_prior,6,1.0,1.0,1.0,1.0,True
heldout,Tumkaya_2018,asr_prior,7,1.0,1.0,1.0,1.0,True
heldout,Tumkaya_2018,asr_prior,8,1.0,1.0,1.0,1.0,True
heldout,Tumkaya_2018,asr_prior,9,1.0,1.0,1.0,1.0,True
heldout,Tumkaya_2018,asr_jevblend_3,0,1.0,1.0,1.0,1.0,True
heldout,Walker_2018,asr_prior,0,0.592074989348104,0.592074989348104,1.0,1.0,True
heldout,Walker_2018,asr_prior,1,0.5902002556455049,0.5902002556455049,1.0,1.0,True
heldout,Walker_2018,asr_prior,2,0.5902002556455049,0.5902002556455049,1.0,1.0,True
heldout,Walker_2018,asr_prior,3,0.01371964209629314,0.01371964209629314,0.015625,0.015625,True
heldout,Walker_2018,asr_prior,4,0.5911376224968045,0.5911376224968045,1.0,1.0,True
heldout,Walker_2018,asr_prior,5,0.606135492117597,0.606135492117597,1.0,1.0,True
heldout,Walker_2018,asr_prior,6,0.5911376224968045,0.5911376224968045,1.0,1.0,True
heldout,Walker_2018,asr_prior,7,0.5986365573072007,0.5986365573072007,1.0,1.0,True
heldout,Walker_2018,asr_prior,8,0.593949723050703,0.593949723050703,1.0,1.0,True
heldout,Walker_2018,asr_prior,9,0.5930123561994035,0.5930123561994035,1.0,1.0,True
heldout,Walker_2018,asr_jevblend_3,0,0.3305496378355347,0.3305496378355347,1.0,1.0,True
heldout,van_der_Waal_2022,asr_prior,0,1.0,1.0,1.0,1.0,True
heldout,van_der_Waal_2022,asr_prior,1,1.0,1.0,1.0,1.0,True
heldout,van_der_Waal_2022,asr_prior,2,1.0,1.0,1.0,1.0,True
heldout,van_der_Waal_2022,asr_prior,3,1.0,1.0,1.0,1.0,True
heldout,van_der_Waal_2022,asr_prior,4,1.0,1.0,1.0,1.0,True
heldout,van_der_Waal_2022,asr_prior,5,1.0,1.0,1.0,1.0,True
heldout,van_der_Waal_2022,asr_prior,6,1.0,1.0,1.0,1.0,True
heldout,van_der_Waal_2022,asr_prior,7,1.0,1.0,1.0,1.0,True
heldout,van_der_Waal_2022,asr_prior,8,1.0,1.0,1.0,1.0,True
heldout,van_der_Waal_2022,asr_prior,9,0.13471502590673576,0.13471502590673576,0.058823529411764705,0.058823529411764705,True
heldout,van_der_Waal_2022,asr_jevblend_3,0,0.8877374784110535,0.8877374784110535,1.0,1.0,True
clef,CD000996,asr_prior,0,0.9252669039145908,0.9252669039145908,1.0,1.0,True
clef,CD000996,asr_prior,1,0.9252669039145908,0.9252669039145908,1.0,1.0,True
clef,CD000996,asr_prior,2,1.0,1.0,1.0,1.0,True
clef,CD000996,asr_prior,3,0.9252669039145908,0.9252669039145908,1.0,1.0,True
clef,CD000996,asr_prior,4,0.9252669039145908,0.9252669039145908,1.0,1.0,True
clef,CD000996,asr_prior,5,0.9252669039145908,0.9252669039145908,1.0,1.0,True
clef,CD000996,asr_prior,6,0.9252669039145908,0.9252669039145908,1.0,1.0,True
clef,CD000996,asr_prior,7,1.0,1.0,1.0,1.0,True
clef,CD000996,asr_prior,8,0.9252669039145908,0.9252669039145908,1.0,1.0,True
clef,CD000996,asr_prior,9,1.0,1.0,1.0,1.0,True
clef,CD000996,asr_jevblend_3,0,0.6476868327402135,0.6476868327402135,1.0,1.0,True
clef,CD001261,asr_prior,0,0.7705779334500875,0.7705779334500875,1.0,1.0,True
clef,CD001261,asr_prior,1,0.7215411558669002,0.7215411558669002,1.0,1.0,True
clef,CD001261,asr_prior,2,0.7583187390542907,0.7583187390542907,1.0,1.0,True
clef,CD001261,asr_prior,3,0.7460595446584939,0.7460595446584939,1.0,1.0,True
clef,CD001261,asr_prior,4,0.7705779334500875,0.7705779334500875,1.0,1.0,True
clef,CD001261,asr_prior,5,0.7705779334500875,0.7705779334500875,1.0,1.0,True
clef,CD001261,asr_prior,6,0.6970227670753065,0.6970227670753065,1.0,1.0,True
clef,CD001261,asr_prior,7,0.7583187390542907,0.7583187390542907,1.0,1.0,True
clef,CD001261,asr_prior,8,0.670753064798599,0.670753064798599,1.0,1.0,True
clef,CD001261,asr_prior,9,0.7338003502626971,0.7338003502626971,1.0,1.0,True
clef,CD001261,asr_jevblend_3,0,0.46059544658493873,0.46059544658493873,1.0,1.0,True
clef,CD004414,asr_prior,0,1.0,1.0,1.0,1.0,True
clef,CD004414,asr_prior,1,1.0,1.0,1.0,1.0,True
clef,CD004414,asr_prior,2,1.0,1.0,1.0,1.0,True
clef,CD004414,asr_prior,3,1.0,1.0,1.0,1.0,True
clef,CD004414,asr_prior,4,1.0,1.0,1.0,1.0,True
clef,CD004414,asr_prior,5,1.0,1.0,1.0,1.0,True
clef,CD004414,asr_prior,6,1.0,1.0,1.0,1.0,True
clef,CD004414,asr_prior,7,1.0,1.0,1.0,1.0,True
clef,CD004414,asr_prior,8,1.0,1.0,1.0,1.0,True
clef,CD004414,asr_prior,9,1.0,1.0,1.0,1.0,True
clef,CD004414,asr_jevblend_3,0,0.9285714285714286,0.9285714285714286,1.0,1.0,True
clef,CD006468,asr_prior,0,0.13474445018069178,0.13474445018069178,1.0,1.0,True
clef,CD006468,asr_prior,1,0.2586473928755808,0.2586473928755808,1.0,1.0,True
clef,CD006468,asr_prior,2,0.28884873515746,0.28884873515746,1.0,1.0,True
clef,CD006468,asr_prior,3,0.2725864739287558,0.2725864739287558,1.0,1.0,True
clef,CD006468,asr_prior,4,0.26174496644295303,0.26174496644295303,1.0,1.0,True
clef,CD006468,asr_prior,5,0.275684047496128,0.275684047496128,1.0,1.0,True
clef,CD006468,asr_prior,6,0.2656169334021683,0.2656169334021683,1.0,1.0,True
clef,CD006468,asr_prior,7,0.2687145069695405,0.2687145069695405,1.0,1.0,True
clef,CD006468,asr_prior,8,0.2725864739287558,0.2725864739287558,1.0,1.0,True
clef,CD006468,asr_prior,9,0.24858027878162106,0.24858027878162106,1.0,1.0,True
clef,CD006468,asr_jevblend_3,0,0.0743417656169334,0.0743417656169334,1.0,1.0,True
clef,CD007867,asr_prior,0,1.0,1.0,1.0,1.0,True
clef,CD007867,asr_prior,1,1.0,1.0,1.0,1.0,True
clef,CD007867,asr_prior,2,1.0,1.0,1.0,1.0,True
clef,CD007867,asr_prior,3,1.0,1.0,1.0,1.0,True
clef,CD007867,asr_prior,4,1.0,1.0,1.0,1.0,True
clef,CD007867,asr_prior,5,1.0,1.0,1.0,1.0,True
clef,CD007867,asr_prior,6,1.0,1.0,1.0,1.0,True
clef,CD007867,asr_prior,7,1.0,1.0,1.0,1.0,True
clef,CD007867,asr_prior,8,1.0,1.0,1.0,1.0,True
clef,CD007867,asr_prior,9,1.0,1.0,1.0,1.0,True
clef,CD007867,asr_jevblend_3,0,0.6988335100742312,0.6988335100742312,1.0,1.0,True
clef,CD008874,asr_prior,0,0.48530646515533166,0.48530646515533166,1.0,1.0,True
clef,CD008874,asr_prior,1,0.49286314021830396,0.49286314021830396,1.0,1.0,True
clef,CD008874,asr_prior,2,0.45759865659109994,0.45759865659109994,1.0,1.0,True
clef,CD008874,asr_prior,3,0.5465994962216625,0.5465994962216625,1.0,1.0,True
clef,CD008874,asr_prior,4,0.4878253568429891,0.4878253568429891,1.0,1.0,True
clef,CD008874,asr_prior,5,0.5163727959697733,0.5163727959697733,1.0,1.0,True
clef,CD008874,asr_prior,6,0.5827036104114189,0.5827036104114189,1.0,1.0,True
clef,CD008874,asr_prior,7,0.5533165407220823,0.5533165407220823,1.0,1.0,True
clef,CD008874,asr_prior,8,0.4626364399664148,0.4626364399664148,1.0,1.0,True
clef,CD008874,asr_prior,9,0.5927791771620488,0.5927791771620488,1.0,1.0,True
clef,CD008874,asr_jevblend_3,0,0.49706129303106633,0.49706129303106633,1.0,1.0,True
clef,CD009044,asr_prior,0,0.049226885452824234,0.049226885452824234,1.0,1.0,True
clef,CD009044,asr_prior,1,0.049226885452824234,0.049226885452824234,1.0,1.0,True
clef,CD009044,asr_prior,2,0.049226885452824234,0.049226885452824234,1.0,1.0,True
clef,CD009044,asr_prior,3,0.049226885452824234,0.049226885452824234,1.0,1.0,True
clef,CD009044,asr_prior,4,0.049226885452824234,0.049226885452824234,1.0,1.0,True
clef,CD009044,asr_prior,5,0.049226885452824234,0.049226885452824234,1.0,1.0,True
clef,CD009044,asr_prior,6,0.049226885452824234,0.049226885452824234,1.0,1.0,True
clef,CD009044,asr_prior,7,0.049226885452824234,0.049226885452824234,1.0,1.0,True
clef,CD009044,asr_prior,8,0.049226885452824234,0.049226885452824234,1.0,1.0,True
clef,CD009044,asr_prior,9,0.049226885452824234,0.049226885452824234,1.0,1.0,True
clef,CD009044,asr_jevblend_3,0,1.0,1.0,1.0,1.0,True
clef,CD009069,asr_prior,0,1.0,1.0,1.0,1.0,True
clef,CD009069,asr_prior,1,1.0,1.0,1.0,1.0,True
clef,CD009069,asr_prior,2,1.0,1.0,1.0,1.0,True
clef,CD009069,asr_prior,3,1.0,1.0,1.0,1.0,True
clef,CD009069,asr_prior,4,1.0,1.0,1.0,1.0,True
clef,CD009069,asr_prior,5,1.0,1.0,1.0,1.0,True
clef,CD009069,asr_prior,6,1.0,1.0,1.0,1.0,True
clef,CD009069,asr_prior,7,1.0,1.0,1.0,1.0,True
clef,CD009069,asr_prior,8,1.0,1.0,1.0,1.0,True
clef,CD009069,asr_prior,9,1.0,1.0,1.0,1.0,True
clef,CD009069,asr_jevblend_3,0,1.0,1.0,1.0,1.0,True
clef,CD009642,asr_prior,0,0.2934443288241415,0.2934443288241415,0.98,0.98,True
clef,CD009642,asr_prior,1,0.18730489073881373,0.18730489073881373,0.98,0.98,True
clef,CD009642,asr_prior,2,0.24245577523413112,0.24245577523413112,0.98,0.98,True
clef,CD009642,asr_prior,3,0.2299687825182102,0.2299687825182102,0.98,0.98,True
clef,CD009642,asr_prior,4,0.1841831425598335,0.1841831425598335,0.98,0.98,True
clef,CD009642,asr_prior,5,0.2169614984391259,0.2169614984391259,0.98,0.98,True
clef,CD009642,asr_prior,6,0.2643080124869927,0.2643080124869927,0.98,0.98,True
clef,CD009642,asr_prior,7,0.24245577523413112,0.24245577523413112,0.98,0.98,True
clef,CD009642,asr_prior,8,0.28720083246618106,0.28720083246618106,0.98,0.98,True
clef,CD009642,asr_prior,9,0.26378772112382937,0.26378772112382937,0.98,0.98,True
clef,CD009642,asr_jevblend_3,0,0.18574401664932363,0.18574401664932363,1.0,1.0,True
clef,CD010038,asr_prior,0,1.0,1.0,1.0,1.0,True
clef,CD010038,asr_prior,1,1.0,1.0,1.0,1.0,True
clef,CD010038,asr_prior,2,0.017818878989511674,0.017818878989511674,0.1111111111111111,0.1111111111111111,True
clef,CD010038,asr_prior,3,1.0,1.0,1.0,1.0,True
clef,CD010038,asr_prior,4,1.0,1.0,1.0,1.0,True
clef,CD010038,asr_prior,5,1.0,1.0,1.0,1.0,True
clef,CD010038,asr_prior,6,1.0,1.0,1.0,1.0,True
clef,CD010038,asr_prior,7,1.0,1.0,1.0,1.0,True
clef,CD010038,asr_prior,8,1.0,1.0,1.0,1.0,True
clef,CD010038,asr_prior,9,1.0,1.0,1.0,1.0,True
clef,CD010038,asr_jevblend_3,0,0.08638772978459457,0.08638772978459457,1.0,1.0,True
clef,CD010239,asr_prior,0,0.7678571428571429,0.7678571428571429,1.0,1.0,True
clef,CD010239,asr_prior,1,0.8392857142857143,0.8392857142857143,1.0,1.0,True
clef,CD010239,asr_prior,2,0.8392857142857143,0.8392857142857143,1.0,1.0,True
clef,CD010239,asr_prior,3,0.8392857142857143,0.8392857142857143,1.0,1.0,True
clef,CD010239,asr_prior,4,0.7678571428571429,0.7678571428571429,1.0,1.0,True
clef,CD010239,asr_prior,5,0.8392857142857143,0.8392857142857143,1.0,1.0,True
clef,CD010239,asr_prior,6,0.90625,0.90625,1.0,1.0,True
clef,CD010239,asr_prior,7,0.7678571428571429,0.7678571428571429,1.0,1.0,True
clef,CD010239,asr_prior,8,0.8392857142857143,0.8392857142857143,1.0,1.0,True
clef,CD010239,asr_prior,9,0.8392857142857143,0.8392857142857143,1.0,1.0,True
clef,CD010239,asr_jevblend_3,0,0.7678571428571429,0.7678571428571429,1.0,1.0,True
clef,CD010558,asr_prior,0,0.9314387211367673,0.9314387211367673,1.0,1.0,True
clef,CD010558,asr_prior,1,0.8312611012433393,0.8312611012433393,1.0,1.0,True
clef,CD010558,asr_prior,2,1.0,1.0,1.0,1.0,True
clef,CD010558,asr_prior,3,0.3765541740674956,0.3765541740674956,1.0,1.0,True
clef,CD010558,asr_prior,4,0.9037300177619894,0.9037300177619894,1.0,1.0,True
clef,CD010558,asr_prior,5,1.0,1.0,1.0,1.0,True
clef,CD010558,asr_prior,6,1.0,1.0,1.0,1.0,True
clef,CD010558,asr_prior,7,1.0,1.0,1.0,1.0,True
clef,CD010558,asr_prior,8,1.0,1.0,1.0,1.0,True
clef,CD010558,asr_prior,9,1.0,1.0,1.0,1.0,True
clef,CD010558,asr_jevblend_3,0,0.1669626998223801,0.1669626998223801,1.0,1.0,True
clef,CD010753,asr_prior,0,1.0,1.0,1.0,1.0,True
clef,CD010753,asr_prior,1,1.0,1.0,1.0,1.0,True
clef,CD010753,asr_prior,2,1.0,1.0,1.0,1.0,True
clef,CD010753,asr_prior,3,1.0,1.0,1.0,1.0,True
clef,CD010753,asr_prior,4,1.0,1.0,1.0,1.0,True
clef,CD010753,asr_prior,5,1.0,1.0,1.0,1.0,True
clef,CD010753,asr_prior,6,1.0,1.0,1.0,1.0,True
clef,CD010753,asr_prior,7,1.0,1.0,1.0,1.0,True
clef,CD010753,asr_prior,8,1.0,1.0,1.0,1.0,True
clef,CD010753,asr_prior,9,1.0,1.0,1.0,1.0,True
clef,CD010753,asr_jevblend_3,0,0.5655769988184325,0.5655769988184325,1.0,1.0,True
clef,CD011571,asr_prior,0,1.0,1.0,1.0,1.0,True
clef,CD011571,asr_prior,1,1.0,1.0,1.0,1.0,True
clef,CD011571,asr_prior,2,1.0,1.0,1.0,1.0,True
clef,CD011571,asr_prior,3,1.0,1.0,1.0,1.0,True
clef,CD011571,asr_prior,4,1.0,1.0,1.0,1.0,True
clef,CD011571,asr_prior,5,1.0,1.0,1.0,1.0,True
clef,CD011571,asr_prior,6,1.0,1.0,1.0,1.0,True
clef,CD011571,asr_prior,7,1.0,1.0,1.0,1.0,True
clef,CD011571,asr_prior,8,1.0,1.0,1.0,1.0,True
clef,CD011571,asr_prior,9,1.0,1.0,1.0,1.0,True
clef,CD011571,asr_jevblend_3,0,1.0,1.0,1.0,1.0,True
clef,CD011686,asr_prior,0,0.2143077397471477,0.2143077397471477,1.0,1.0,True
clef,CD011686,asr_prior,1,0.40117175454825776,0.40117175454825776,1.0,1.0,True
clef,CD011686,asr_prior,2,0.2143077397471477,0.2143077397471477,1.0,1.0,True
clef,CD011686,asr_prior,3,0.3956213382670367,0.3956213382670367,1.0,1.0,True
clef,CD011686,asr_prior,4,0.3956213382670367,0.3956213382670367,1.0,1.0,True
clef,CD011686,asr_prior,5,0.40117175454825776,0.40117175454825776,1.0,1.0,True
clef,CD011686,asr_prior,6,0.40117175454825776,0.40117175454825776,1.0,1.0,True
clef,CD011686,asr_prior,7,0.2143077397471477,0.2143077397471477,1.0,1.0,True
clef,CD011686,asr_prior,8,0.2143077397471477,0.2143077397471477,1.0,1.0,True
clef,CD011686,asr_prior,9,0.40117175454825776,0.40117175454825776,1.0,1.0,True
clef,CD011686,asr_jevblend_3,0,0.054270736971939564,0.054270736971939564,1.0,1.0,True
clef,CD011768,asr_prior,0,0.4752183406113537,0.4752183406113537,1.0,1.0,True
clef,CD011768,asr_prior,1,0.26200873362445415,0.26200873362445415,1.0,1.0,True
clef,CD011768,asr_prior,2,0.2728165938864629,0.2728165938864629,1.0,1.0,True
clef,CD011768,asr_prior,3,0.4683406113537118,0.4683406113537118,1.0,1.0,True
clef,CD011768,asr_prior,4,0.50764192139738,0.50764192139738,1.0,1.0,True
clef,CD011768,asr_prior,5,0.4781659388646288,0.4781659388646288,1.0,1.0,True
clef,CD011768,asr_prior,6,0.5155021834061135,0.5155021834061135,1.0,1.0,True
clef,CD011768,asr_prior,7,0.5381004366812228,0.5381004366812228,1.0,1.0,True
clef,CD011768,asr_prior,8,0.4752183406113537,0.4752183406113537,1.0,1.0,True
clef,CD011768,asr_prior,9,0.4752183406113537,0.4752183406113537,1.0,1.0,True
clef,CD011768,asr_jevblend_3,0,0.13133187772925764,0.13133187772925764,1.0,1.0,True
clef,CD011787,asr_prior,0,0.6834515907530327,0.6834515907530327,1.0,1.0,True
clef,CD011787,asr_prior,1,0.8931105516136416,0.8931105516136416,1.0,1.0,True
clef,CD011787,asr_prior,2,0.8812085145342183,0.8812085145342183,1.0,1.0,True
clef,CD011787,asr_prior,3,0.6889448386358434,0.6889448386358434,1.0,1.0,True
clef,CD011787,asr_prior,4,0.8711375600823987,0.8711375600823987,1.0,1.0,True
clef,CD011787,asr_prior,5,0.8693064774547952,0.8693064774547952,1.0,1.0,True
clef,CD011787,asr_prior,6,0.6834515907530327,0.6834515907530327,1.0,1.0,True
clef,CD011787,asr_prior,7,0.6788738841840238,0.6788738841840238,1.0,1.0,True
clef,CD011787,asr_prior,8,0.8619821469443809,0.8619821469443809,1.0,1.0,True
clef,CD011787,asr_prior,9,0.6642252231631952,0.6642252231631952,1.0,1.0,True
clef,CD011787,asr_jevblend_3,0,0.4042114900434882,0.4042114900434882,1.0,1.0,True
clef,CD011977,asr_prior,0,1.0,1.0,1.0,1.0,True
clef,CD011977,asr_prior,1,1.0,1.0,1.0,1.0,True
clef,CD011977,asr_prior,2,1.0,1.0,1.0,1.0,True
clef,CD011977,asr_prior,3,1.0,1.0,1.0,1.0,True
clef,CD011977,asr_prior,4,1.0,1.0,1.0,1.0,True
clef,CD011977,asr_prior,5,1.0,1.0,1.0,1.0,True
clef,CD011977,asr_prior,6,1.0,1.0,1.0,1.0,True
clef,CD011977,asr_prior,7,1.0,1.0,1.0,1.0,True
clef,CD011977,asr_prior,8,1.0,1.0,1.0,1.0,True
clef,CD011977,asr_prior,9,1.0,1.0,1.0,1.0,True
clef,CD011977,asr_jevblend_3,0,1.0,1.0,1.0,1.0,True
clef,CD012069,asr_prior,0,0.5717160103478011,0.5717160103478011,0.9795918367346939,0.9795918367346939,True
clef,CD012069,asr_prior,1,0.5148031043403277,0.5148031043403277,0.9551020408163265,0.9551020408163265,True
clef,CD012069,asr_prior,2,0.5958608795630929,0.5958608795630929,0.9836734693877551,0.9836734693877551,True
clef,CD012069,asr_prior,3,0.6087956309284277,0.6087956309284277,0.9836734693877551,0.9836734693877551,True
clef,CD012069,asr_prior,4,0.6381144006898534,0.6381144006898534,0.9836734693877551,0.9836734693877551,True
clef,CD012069,asr_prior,5,0.5967231963207819,0.5967231963207819,0.9836734693877551,0.9836734693877551,True
clef,CD012069,asr_prior,6,0.6622592699051452,0.6622592699051452,0.9836734693877551,0.9836734693877551,True
clef,CD012069,asr_prior,7,0.574302960620868,0.574302960620868,0.9795918367346939,0.9795918367346939,True
clef,CD012069,asr_prior,8,0.575165277378557,0.575165277378557,0.9795918367346939,0.9795918367346939,True
clef,CD012069,asr_prior,9,0.5889623455015809,0.5889623455015809,0.9836734693877551,0.9836734693877551,True
clef,CD012069,asr_jevblend_3,0,0.36217303822937624,0.36217303822937624,0.9428571428571428,0.9428571428571428,True
clef,CD012080,asr_prior,0,0.9275929549902152,0.9275929549902152,1.0,1.0,True
clef,CD012080,asr_prior,1,0.9492699081740178,0.9492699081740178,1.0,1.0,True
clef,CD012080,asr_prior,2,0.9727532741231372,0.9727532741231372,1.0,1.0,True
clef,CD012080,asr_prior,3,0.9438506698780671,0.9438506698780671,1.0,1.0,True
clef,CD012080,asr_prior,4,0.9402378443474334,0.9402378443474334,1.0,1.0,True
clef,CD012080,asr_prior,5,0.9546891464699684,0.9546891464699684,1.0,1.0,True
clef,CD012080,asr_prior,6,0.9691404485925034,0.9691404485925034,1.0,1.0,True
clef,CD012080,asr_prior,7,0.9330121932861659,0.9330121932861659,1.0,1.0,True
clef,CD012080,asr_prior,8,0.9393346379647749,0.9393346379647749,1.0,1.0,True
clef,CD012080,asr_prior,9,0.9330121932861659,0.9330121932861659,1.0,1.0,True
clef,CD012080,asr_jevblend_3,0,0.8950775252145116,0.8950775252145116,1.0,1.0,True
clef,CD012164,asr_prior,0,1.0,1.0,1.0,1.0,True
clef,CD012164,asr_prior,1,1.0,1.0,1.0,1.0,True
clef,CD012164,asr_prior,2,1.0,1.0,1.0,1.0,True
clef,CD012164,asr_prior,3,1.0,1.0,1.0,1.0,True
clef,CD012164,asr_prior,4,1.0,1.0,1.0,1.0,True
clef,CD012164,asr_prior,5,1.0,1.0,1.0,1.0,True
clef,CD012164,asr_prior,6,1.0,1.0,1.0,1.0,True
clef,CD012164,asr_prior,7,1.0,1.0,1.0,1.0,True
clef,CD012164,asr_prior,8,1.0,1.0,1.0,1.0,True
clef,CD012164,asr_prior,9,1.0,1.0,1.0,1.0,True
clef,CD012164,asr_jevblend_3,0,1.0,1.0,1.0,1.0,True
clef,CD012233,asr_prior,0,1.0,1.0,1.0,1.0,True
clef,CD012233,asr_prior,1,1.0,1.0,1.0,1.0,True
clef,CD012233,asr_prior,2,1.0,1.0,1.0,1.0,True
clef,CD012233,asr_prior,3,1.0,1.0,1.0,1.0,True
clef,CD012233,asr_prior,4,1.0,1.0,1.0,1.0,True
clef,CD012233,asr_prior,5,1.0,1.0,1.0,1.0,True
clef,CD012233,asr_prior,6,1.0,1.0,1.0,1.0,True
clef,CD012233,asr_prior,7,1.0,1.0,1.0,1.0,True
clef,CD012233,asr_prior,8,1.0,1.0,1.0,1.0,True
clef,CD012233,asr_prior,9,1.0,1.0,1.0,1.0,True
clef,CD012233,asr_jevblend_3,0,1.0,1.0,1.0,1.0,True
clef,CD012455,asr_prior,0,0.6076585059635907,0.6076585059635907,1.0,1.0,True
clef,CD012455,asr_prior,1,0.6076585059635907,0.6076585059635907,1.0,1.0,True
clef,CD012455,asr_prior,2,0.6076585059635907,0.6076585059635907,1.0,1.0,True
clef,CD012455,asr_prior,3,0.6076585059635907,0.6076585059635907,1.0,1.0,True
clef,CD012455,asr_prior,4,0.9209039548022598,0.9209039548022598,1.0,1.0,True
clef,CD012455,asr_prior,5,0.6271186440677966,0.6271186440677966,1.0,1.0,True
clef,CD012455,asr_prior,6,0.5681104833647207,0.5681104833647207,1.0,1.0,True
clef,CD012455,asr_prior,7,0.9403640929064658,0.9403640929064658,1.0,1.0,True
clef,CD012455,asr_prior,8,0.6076585059635907,0.6076585059635907,1.0,1.0,True
clef,CD012455,asr_prior,9,0.5681104833647207,0.5681104833647207,1.0,1.0,True
clef,CD012455,asr_jevblend_3,0,0.1374764595103578,0.1374764595103578,1.0,1.0,True
clef,CD012551,asr_prior,0,1.0,1.0,1.0,1.0,True
clef,CD012551,asr_prior,1,1.0,1.0,1.0,1.0,True
clef,CD012551,asr_prior,2,1.0,1.0,1.0,1.0,True
clef,CD012551,asr_prior,3,1.0,1.0,1.0,1.0,True
clef,CD012551,asr_prior,4,1.0,1.0,1.0,1.0,True
clef,CD012551,asr_prior,5,1.0,1.0,1.0,1.0,True
clef,CD012551,asr_prior,6,1.0,1.0,1.0,1.0,True
clef,CD012551,asr_prior,7,1.0,1.0,1.0,1.0,True
clef,CD012551,asr_prior,8,1.0,1.0,1.0,1.0,True
clef,CD012551,asr_prior,9,1.0,1.0,1.0,1.0,True
clef,CD012551,asr_jevblend_3,0,0.8849407783417935,0.8849407783417935,1.0,1.0,True
clef,CD012567,asr_prior,0,0.023162583518930958,0.023162583518930958,0.25,0.25,True
clef,CD012567,asr_prior,1,0.023162583518930958,0.023162583518930958,0.25,0.25,True
clef,CD012567,asr_prior,2,0.023162583518930958,0.023162583518930958,0.25,0.25,True
clef,CD012567,asr_prior,3,0.023162583518930958,0.023162583518930958,0.25,0.25,True
clef,CD012567,asr_prior,4,1.0,1.0,1.0,1.0,True
clef,CD012567,asr_prior,5,1.0,1.0,1.0,1.0,True
clef,CD012567,asr_prior,6,1.0,1.0,1.0,1.0,True
clef,CD012567,asr_prior,7,0.023162583518930958,0.023162583518930958,0.25,0.25,True
clef,CD012567,asr_prior,8,0.023162583518930958,0.023162583518930958,0.25,0.25,True
clef,CD012567,asr_prior,9,1.0,1.0,1.0,1.0,True
clef,CD012567,asr_jevblend_3,0,0.16837416481069042,0.16837416481069042,1.0,1.0,True
clef,CD012661,asr_prior,0,0.7546777546777547,0.7546777546777547,1.0,1.0,True
clef,CD012661,asr_prior,1,0.6985446985446986,0.6985446985446986,1.0,1.0,True
clef,CD012661,asr_prior,2,0.6709236709236709,0.6709236709236709,1.0,1.0,True
clef,CD012661,asr_prior,3,0.735966735966736,0.735966735966736,1.0,1.0,True
clef,CD012661,asr_prior,4,0.5738045738045738,0.5738045738045738,0.9893617021276596,0.9893617021276596,True
clef,CD012661,asr_prior,5,0.792990792990793,0.792990792990793,1.0,1.0,True
clef,CD012661,asr_prior,6,0.7965547965547966,0.7965547965547966,1.0,1.0,True
clef,CD012661,asr_prior,7,0.7261657261657262,0.7261657261657262,1.0,1.0,True
clef,CD012661,asr_prior,8,0.7484407484407485,0.7484407484407485,1.0,1.0,True
clef,CD012661,asr_prior,9,0.6842886842886843,0.6842886842886843,1.0,1.0,True
clef,CD012661,asr_jevblend_3,0,0.621027621027621,0.621027621027621,1.0,1.0,True
clef,CD012669,asr_prior,0,1.0,1.0,1.0,1.0,True
clef,CD012669,asr_prior,1,1.0,1.0,1.0,1.0,True
clef,CD012669,asr_prior,2,1.0,1.0,1.0,1.0,True
clef,CD012669,asr_prior,3,1.0,1.0,1.0,1.0,True
clef,CD012669,asr_prior,4,1.0,1.0,1.0,1.0,True
clef,CD012669,asr_prior,5,1.0,1.0,1.0,1.0,True
clef,CD012669,asr_prior,6,1.0,1.0,1.0,1.0,True
clef,CD012669,asr_prior,7,1.0,1.0,1.0,1.0,True
clef,CD012669,asr_prior,8,1.0,1.0,1.0,1.0,True
clef,CD012669,asr_prior,9,1.0,1.0,1.0,1.0,True
clef,CD012669,asr_jevblend_3,0,1.0,1.0,1.0,1.0,True
clef,CD012768,asr_prior,0,1.0,1.0,1.0,1.0,True
clef,CD012768,asr_prior,1,1.0,1.0,1.0,1.0,True
clef,CD012768,asr_prior,2,1.0,1.0,1.0,1.0,True
clef,CD012768,asr_prior,3,1.0,1.0,1.0,1.0,True
clef,CD012768,asr_prior,4,1.0,1.0,1.0,1.0,True
clef,CD012768,asr_prior,5,1.0,1.0,1.0,1.0,True
clef,CD012768,asr_prior,6,1.0,1.0,1.0,1.0,True
clef,CD012768,asr_prior,7,1.0,1.0,1.0,1.0,True
clef,CD012768,asr_prior,8,1.0,1.0,1.0,1.0,True
clef,CD012768,asr_prior,9,1.0,1.0,1.0,1.0,True
clef,CD012768,asr_jevblend_3,0,1.0,1.0,1.0,1.0,True
